manufacturer_name,model_name,production_start_date,production_end_date,recall_start_date,affected_count,recall_reason,vehicle_type
메르세데스 벤츠,ML280 CDI,2006-04-18,2009-03-18,2012-01-09,529,"디젤연료 내에 이물질을 걸러내 주는 장치(히터내장형 연료필터)에서 연료가 누유되는 결함이 발생하여 이 연료가 뒤따라오는 자동차의 바퀴와 도로 사이에 묻어 운전자가 의도한 대로 방향조정이 되지 않아, 자신의 차량은 물론 다른 차량의 안전운행에 지장",SUV
메르세데스 벤츠,ML300 CDI,2009-07-15,2011-04-06,2012-01-09,554,"디젤연료 내에 이물질을 걸러내 주는 장치(히터내장형 연료필터)에서 연료가 누유되는 결함이 발생하여 이 연료가 뒤따라오는 자동차의 바퀴와 도로 사이에 묻어 운전자가 의도한 대로 방향조정이 되지 않아, 자신의 차량은 물론 다른 차량의 안전운행에 지장",SUV
메르세데스 벤츠,GLK220 CDI,2009-06-05,2011-05-31,2012-02-20,1214,"디젤연료 내에 이물질을 걸러내 주는 장치(히터내장형 연료필터)에서 연료가 누유되는 결함이 발생하여 이 연료가 뒤따라오는 자동차의 바퀴와 도로 사이에 묻어 운전자가 의도한 대로 방향조정이 되지 않아, 자신의 차량은 물론 다른 차량의 안전운행에 지장",SUV
BMW,X5M,2011-05-25,2011-05-26,2012-05-04,2,엔진의 터보차저 냉각을 위한 보조 냉각수 펌프 내 전기스위치에서 단락에 의한 과열로 화재 가능성이 있어 안전운행에 지장,SUV
기아,모하비,2008-05-02,2009-07-13,2012-06-04,3182,설정속도(약64km/h) 이상에서 충돌 사고 시 운전자의 발목 부상을 줄이기 위해 브레이크 페달이 파손되게 제작되었으나 설정속도 이하 충돌 사고 시에도 파손되어 제동불량으로 2차 사고의 가능성으로 안전운행에 지장,SUV
BMW,X5,2012-05-04,2012-05-25,2012-07-13,17,파워핸들 기어박스에서 오일이 누유되어 주행중 핸들이 무거워지거나 화재의 위험이 있어 안전운행에 지장,SUV
혼다코리아,CR-V,2011-06-29,2012-06-15,2012-08-01,990,운전석 문 잠금장치 결함으로 충돌 사고 시 문이 열릴 수 있어 안전운행에 지장,SUV
토요타,토요타 RAV4 2WD,2009-09-01,2010-08-27,2012-08-30,223,뒷바퀴 정렬 후 바퀴정렬장치(타이로드)가 덜 조여지는 경우 타이로드가 마모되어 분리될 수 있고 이 경우 운전자가 의도한 방향으로 운행이 되지 않아 안전운행에 지장,SUV
토요타,토요타 RAV4 4WD,2009-02-27,2010-08-31,2012-08-30,626,뒷바퀴 정렬 후 바퀴정렬장치(타이로드)가 덜 조여지는 경우 타이로드가 마모되어 분리될 수 있고 이 경우 운전자가 의도한 방향으로 운행이 되지 않아 안전운행에 지장,SUV
BMW,X5,2006-12-11,2010-02-19,2012-12-17,1579,벨트를 걸어 회전시켜주는 팬벨트 풀리의 고정 볼트결함으로 운행 중 풀리가 고정되지 않고 풀릴 수 있고 이 경우 팬벨트가 파워핸들 유압펌프를 회전시키지 못해 주행 중 핸들이 무거워질 수 있어 안전운행에 지장,SUV
르노코리아,QM5,2011-01-27,2011-11-21,2012-12-21,1688,앞바퀴를 고정해 주는 로워암(트랜스버스 링크)의 용접불량으로 용접부위가 파손될 가능성이 있고 이 경우 조향이 되지 않아 안전운행에 지장,SUV
BMW,X5,2007-03-20,2009-12-14,2013-03-08,126,"엔진오일이 브레이크 부스터 내로 유입되어 부스터의 기능이 저하되어 브레이크 페달이 딱딱해 지고, 제동거리가 길어질 수 있어 안전운행에 지장",SUV
현대자동차,싼타페,2010-06-01,2011-06-30,2013-04-11,33667,브레이크 스위치의 접촉 불량으로 인해 시동 불량과 제동등 점등 불량을 유발함은 물론 정속주행장치 및 차체자세제어장치가 정상적으로 작동되지 않을 수 있어 안전운행에 지장,SUV
기아,카렌스,2010-06-01,2010-07-30,2013-04-11,785,브레이크 스위치의 접촉 불량으로 인해 시동 불량과 제동등 점등 불량을 유발함은 물론 정속주행장치 및 차체자세제어장치가 정상적으로 작동되지 않을 수 있어 안전운행에 지장,MPV/미니밴
기아,쏘렌토,2010-10-01,2011-04-10,2013-04-11,23421,브레이크 스위치의 접촉 불량으로 인해 시동 불량과 제동등 점등 불량을 유발함은 물론 정속주행장치 및 차체자세제어장치가 정상적으로 작동되지 않을 수 있어 안전운행에 지장,SUV
BMW,x5 30d,2009-06-17,2009-11-05,2013-09-13,131,"겨울철 연료를 예열해 주는 히터(연료필터 내부에 장착)를 작동시키는 전기접점이 습기에 의한 고장으로 꺼지지 않아 배터리가 방전되어 시동이 걸리지 않거나, 과열로 화재가 발생될 가능성이 있어 안전운행에 지장",SUV
기아,그랜드 카니발,2007-06-21,2010-12-01,2013-10-01,4723,브레이크 스위치의 접촉 불량으로 인해 시동 불량과 제동등 점등 불량을 유발함은 물론 정속주행장치 및 차체자세제어장치가 정상적으로 작동되지 않을 수 있어 안전운행에 지장,MPV/미니밴
기아,모하비,2007-11-01,2011-03-13,2013-10-01,22551,브레이크 스위치의 접촉 불량으로 인해 시동 불량과 제동등 점등 불량을 유발함은 물론 정속주행장치 및 차체자세제어장치가 정상적으로 작동되지 않을 수 있어 안전운행에 지장,SUV
기아,스포티지,2010-01-28,2011-06-08,2013-10-01,49711,브레이크 스위치의 접촉 불량으로 인해 시동 불량과 제동등 점등 불량을 유발함은 물론 정속주행장치 및 차체자세제어장치가 정상적으로 작동되지 않을 수 있어 안전운행에 지장,SUV
현대자동차,투싼,2009-09-07,2010-11-30,2013-10-01,69253,브레이크 스위치의 접촉 불량으로 인해 시동 불량과 제동등 점등 불량을 유발함은 물론 정속주행장치 및 차체자세제어장치가 정상적으로 작동되지 않을 수 있어 안전운행에 지장,SUV
혼다코리아,ODYSSEY,2006-07-18,2009-09-08,2013-11-20,1,"차량안정보조장치(VSA) 이상으로 제동을 하지 않아도 제동이 되며, 이경우 브레이크 등이 점등되지 않을 가능성이 있어 안전운행에 지장",MPV/미니밴
재규어랜드로버,프리랜더2,2012-01-09,2013-04-30,2014-01-20,465,연료인제션 리턴라인 커넥터 조인트와 연료 인젝션 스피것 사이 벌어질 가능성,SUV
토요타,토요타시에나2WD,2013-09-11,2014-01-02,2014-02-25,599,"시트 히터 직물의 난연성분이 부족하여, 안전기준을 만족하지 못 할 수도 있음",MPV/미니밴
토요타,토요타시에나4WD,2013-08-16,2014-01-03,2014-02-25,121,"시트 히터 직물의 난연성분이 부족하여, 안전기준을 만족하지 못 할 수도 있음",MPV/미니밴
재규어랜드로버,Range Rover 2.2D,2013-11-01,2014-01-31,2014-04-04,1,우후방 서스펜션 링크암을 너클에 고정시키는 장치가 변경되는 문제 발견,SUV
현대자동차,투싼,2011-01-01,2013-12-26,2014-05-20,122561,혼(경음기) 커버 체결 토크 작업 불량으로 주행시 혼 커버 이탈 가능성 및 이탈 시 에어백 성능에 영향이 있을 수 있음,SUV
재규어랜드로버,Range Rover 3.0D,2012-08-16,2013-03-18,2014-05-27,62,SRS에어백 커넥터가 주변 공간의 부족으로 커넉터가 눌려 에어백 성능에 영향이 있을 수 있음,SUV
재규어랜드로버,Range Rover 5.0SC,2012-08-16,2013-03-18,2014-05-27,41,SRS에어백 커넥터가 주변 공간의 부족으로 커넉터가 눌려 에어백 성능에 영향이 있을 수 있음,SUV
재규어랜드로버,Range Rover 4.4D,2012-08-16,2013-03-18,2014-05-27,26,SRS에어백 커넥터가 주변 공간의 부족으로 커넉터가 눌려 에어백 성능에 영향이 있을 수 있음,SUV
BMW,X5,2013-12-19,2014-03-10,2014-08-09,52,차일드 세이프티 로크가 작동 중에도 뒷좌석 내부에서 도어 핸들을 작동시키면 드문경우 뒷문의 잠금이 해제되어 문이 개방될 가능성을 배제할수 없으며 이로인해 경고등 및 메시지가 뜨며 경고음이 발생하여 운전자는 인지하게 됩니다 14.01.06~14.03.10:36대 13.12.19~14.03.05:16대,SUV
현대자동차,싼타페(DM),2012-05-03,2014-08-14,2014-08-14,140654,연료소비율 안전기준(제111조의4) 부적합,SUV
BMW,X5 3.0Si,2010-01-21,2010-01-21,2014-08-30,1,"가변밸브타이밍시스템이 오일 누유로 밸브타이밍을 원활하게 작동시키지 않을 가능성이 있으며, 이로 인해 엔진경고등 및 메시지가 뜨면 엔진이 안전모드로 진입 할 수 있으며 차량의 속도가 감속 될수 있음",SUV
BMW,X5 3.0Si,2010-02-11,2010-02-23,2014-08-30,4,"가변밸브타이밍시스템이 오일 누유로 밸브타이밍을 원활하게 작동시키지 않을 가능성이 있으며, 이로 인해 엔진경고등 및 메시지가 뜨면 엔진이 안전모드로 진입 할 수 있으며 차량의 속도가 감속 될수 있음",SUV
BMW,X5 35i,2011-06-29,2011-08-24,2014-08-30,11,"가변밸브타이밍시스템이 오일 누유로 밸브타이밍을 원활하게 작동시키지 않을 가능성이 있으며, 이로 인해 엔진경고등 및 메시지가 뜨면 엔진이 안전모드로 진입 할 수 있으며 차량의 속도가 감속 될수 있음",SUV
BMW,X5 35i,2010-04-08,2011-09-10,2014-08-30,318,"가변밸브타이밍시스템이 오일 누유로 밸브타이밍을 원활하게 작동시키지 않을 가능성이 있으며, 이로 인해 엔진경고등 및 메시지가 뜨면 엔진이 안전모드로 진입 할 수 있으며 차량의 속도가 감속 될수 있음",SUV
재규어랜드로버,Range Rover 3.0D,2012-03-09,2013-01-22,2014-09-11,40,냉각팬 컨트롤 모듈로 수분이 유입되어 화재 발생 가능,SUV
재규어랜드로버,Range Rover 4.4L,2012-03-09,2013-01-22,2014-09-11,26,냉각팬 컨트롤 모듈로 수분이 유입되어 화재 발생 가능,SUV
혼다코리아,CR-V,2011-12-19,2014-06-27,2014-09-22,23,운전석 인플에이터(팽창기)의 내부 칸막이 부품이 규격 외 부품으로 잘못 조립되어짐,SUV
토요타,시에나 2WD,2014-09-18,2014-09-30,2014-12-11,4,2열시트 헤드라이너의 좌측과 우측에 장착된 보조 손잡이가 커튼 쉴드 에어백이 작동시 마운틴 브라켓에서 분리될 가능성이 잇음,MPV/미니밴
토요타,시에나 2WD,2014-05-01,2014-07-11,2014-12-11,1,연료 공급 파이프의 제조 과정 중 연료 공급 파이프의 끝부분이 불충분하게 용접되었을 가능성이 있음,MPV/미니밴
토요타,시에나 4WD,2014-05-01,2014-07-11,2014-12-11,36,연료 공급 파이프의 제조 과정 중 연료 공급 파이프의 끝부분이 불충분하게 용접되었을 가능성이 있음,MPV/미니밴
KG 모빌리티,렉스턴(후륜),2008-01-09,2010-11-17,2014-12-26,3251,일부 노후 차량에서 유격 발생에 의한 볼조인트 이탈,SUV
KG 모빌리티,렉스턴(전+후륜),2006-04-01,2008-01-08,2014-12-26,10860,일부 노후 차량에서 유격 발생에 의한 볼조인트 이탈,SUV
KG 모빌리티,렉스턴(전륜),2006-04-01,2008-01-08,2014-12-26,5704,일부 노후 차량에서 유격 발생에 의한 볼조인트 이탈,SUV
메르세데스 벤츠,GLA200 CDI 4MATIC,2014-02-28,2014-11-10,2014-12-29,1,특정기간에 제작된 타이밍 체인 텐셔너 가스켓의 재질적인 공차로 인하여 타이밍 체인의 프리 텐션에 부정적인 영향을 주어 체인텐셔너 가스켓의 엔진 오일 실링 기능이 저하될 뿐만 아니라 체인 텐셔너가 풀릴수 도 있음,SUV
메르세데스 벤츠,GLA200 CDI,2014-02-28,2014-11-10,2014-12-29,515,특정기간에 제작된 타이밍 체인 텐셔너 가스켓의 재질적인 공차로 인하여 타이밍 체인의 프리 텐션에 부정적인 영향을 주어 체인텐셔너 가스켓의 엔진 오일 실링 기능이 저하될 뿐만 아니라 체인 텐셔너가 풀릴수 도 있음,SUV
메르세데스 벤츠,GLK220 CDI 4MATIC,2014-02-28,2014-11-10,2014-12-29,910,특정기간에 제작된 타이밍 체인 텐셔너 가스켓의 재질적인 공차로 인하여 타이밍 체인의 프리 텐션에 부정적인 영향을 주어 체인텐셔너 가스켓의 엔진 오일 실링 기능이 저하될 뿐만 아니라 체인 텐셔너가 풀릴수 도 있음,SUV
재규어랜드로버,Range Rover,2012-08-12,2014-01-08,2015-04-02,109,진공 호스의 부정확한 설치로 인해 진공 호스가 엔진 보조 구동벨트 및 풀리와 접촉하여 마모 발생,SUV
재규어랜드로버,Range Rover Sport,2013-05-07,2014-01-08,2015-04-02,47,진공 호스의 부정확한 설치로 인해 진공 호스가 엔진 보조 구동벨트 및 풀리와 접촉하여 마모 발생,SUV
재규어랜드로버,Range Rover 4.4 디젤,2013-05-07,2013-10-10,2015-04-02,116,"전방 방향지시등 고장 시 설치기준 (UN ECE 48, FMVSS 108)에 만족하지 않음",SUV
재규어랜드로버,Range Rover 5.0 가솔린,2013-05-07,2013-10-10,2015-04-02,33,"전방 방향지시등 고장 시 설치기준 (UN ECE 48, FMVSS 108)에 만족하지 않음",SUV
재규어랜드로버,Range Rover 3.0 디젤,2013-05-07,2013-10-10,2015-04-02,26,"전방 방향지시등 고장 시 설치기준 (UN ECE 48, FMVSS 108)에 만족하지 않음",SUV
재규어랜드로버,Discovery4,2015-01-06,2015-01-23,2015-04-02,25,휠너트의 인장강도 설계 요구 조건에 부합되지 못하여 주행 중 크랙 발생,SUV
재규어랜드로버,Range Rover Sport,2015-01-06,2015-01-23,2015-04-02,36,휠너트의 인장강도 설계 요구 조건에 부합되지 못하여 주행 중 크랙 발생,SUV
재규어랜드로버,Range Rover,2015-01-06,2015-01-23,2015-04-02,10,휠너트의 인장강도 설계 요구 조건에 부합되지 못하여 주행 중 크랙 발생,SUV
메르세데스 벤츠,GLA200 CDI,2014-10-01,2015-02-12,2015-04-27,80,타이밍 체인 텐셔너 가스켓의 재질적인 공차로 인하여 타이밍 체인의 프리 텐션에 부정적인 영향을 줄 수 있으며 심한 경우 엔진룸 화재위험이 발생할 가능성이 있음,SUV
메르세데스 벤츠,GLK220 CDI 4Matic,2014-10-01,2015-02-12,2015-04-27,45,타이밍 체인 텐셔너 가스켓의 재질적인 공차로 인하여 타이밍 체인의 프리 텐션에 부정적인 영향을 줄 수 있으며 심한 경우 엔진룸 화재위험이 발생할 가능성이 있음,SUV
메르세데스 벤츠,GLA200 CDI 4Matic,2014-10-01,2015-02-12,2015-04-27,4,타이밍 체인 텐셔너 가스켓의 재질적인 공차로 인하여 타이밍 체인의 프리 텐션에 부정적인 영향을 줄 수 있으며 심한 경우 엔진룸 화재위험이 발생할 가능성이 있음,SUV
르노코리아,QM3,2013-09-11,2014-11-07,2015-05-04,20949,전방 휀더 프로텍터와 브레이크 호스간의 간섭으로 인해 브레이크 호스와 휀더 프로텍터와의 마찰에 따른 마모 발생 우려,SUV
재규어랜드로버,Range Rover,2005-03-14,2012-07-26,2015-07-17,1094,전륜 브레이크호스 균열 또는 파열로 인해 브레이크액이 누유되어 제동성능이 저하될 가능성,SUV
재규어랜드로버,Discovery4,2014-08-21,2015-02-12,2015-07-17,947,ABS(Anti-lock Brake System) 자기진단 기능＊이 정상적으로 작동되지 않아 ABS 고장시 운전자가 이를 인지할 수 없어 안전운행에 지장을 줄 가능성,SUV
혼다코리아,CR-V(RD6),2006-09-20,2006-07-07,2015-07-17,261,승용자동차의 경우 충돌로 인한 에어백(일본 타카타社 부품) 전개시 과도한 폭발압력으로 발생한 내부 부품의 금속 파편이 운전자 등에게 상해를 입힐 가능성,SUV
혼다코리아,CR-V(RE4),2006-05-24,2006-12-28,2015-07-17,1,승용자동차의 경우 충돌로 인한 에어백(일본 타카타社 부품) 전개시 과도한 폭발압력으로 발생한 내부 부품의 금속 파편이 운전자 등에게 상해를 입힐 가능성,SUV
혼다코리아,CR-V(RD7),2003-03-14,2006-07-11,2015-07-17,2468,승용자동차의 경우 충돌로 인한 에어백(일본 타카타社 부품) 전개시 과도한 폭발압력으로 발생한 내부 부품의 금속 파편이 운전자 등에게 상해를 입힐 가능성,SUV
볼보,XC90,2008-09-22,2009-10-20,2015-07-27,90,"파워스티어링 호스가 고정이 잘 되지 않아, 엔진룸 내 쿨링팬과 직접적인 마찰이 발생하여 조향 능력이 떨어져 안전운행 저하",SUV
메르세데스 벤츠,GLA 200 CDI,2014-09-08,2014-11-07,2015-08-03,8,"조수석 내부 퓨즈박스의 일부 퓨즈들이 정상적으로 장착되지않아 선루프, 에어백, 계기판, 와이퍼 등이 작동되지 않을 가능성",SUV
혼다코리아,CR-V(RE4),2006-06-14,2008-12-08,2015-08-31,6698,승용자동차의 경우 충돌로 인한 에어백(일본 타카타社 부품) 전개시 과도한 폭발압력으로 발생한 내부 부품의 금속 파편이 운전자 등에게 상해를 입힐 가능성,SUV
혼다코리아,CR-V(RE4),2006-05-24,2007-08-20,2015-08-31,754,승용자동차의 경우 충돌로 인한 에어백(일본 타카타社 부품) 전개시 과도한 폭발압력으로 발생한 내부 부품의 금속 파편이 운전자 등에게 상해를 입힐 가능성,SUV
혼다코리아,CR-V(RE3),2006-06-19,2008-12-08,2015-08-31,765,승용자동차의 경우 충돌로 인한 에어백(일본 타카타社 부품) 전개시 과도한 폭발압력으로 발생한 내부 부품의 금속 파편이 운전자 등에게 상해를 입힐 가능성,SUV
혼다코리아,CR-V(RE3),2006-06-19,2007-08-20,2015-08-31,97,승용자동차의 경우 충돌로 인한 에어백(일본 타카타社 부품) 전개시 과도한 폭발압력으로 발생한 내부 부품의 금속 파편이 운전자 등에게 상해를 입힐 가능성,SUV
혼다코리아,CR-V(RE3),2007-01-08,2011-03-01,2015-08-31,1217,승용자동차의 경우 충돌로 인한 에어백(일본 타카타社 부품) 전개시 과도한 폭발압력으로 발생한 내부 부품의 금속 파편이 운전자 등에게 상해를 입힐 가능성,SUV
혼다코리아,CR-V(RE4),2007-01-15,2011-03-29,2015-08-31,9159,승용자동차의 경우 충돌로 인한 에어백(일본 타카타社 부품) 전개시 과도한 폭발압력으로 발생한 내부 부품의 금속 파편이 운전자 등에게 상해를 입힐 가능성,SUV
혼다코리아,CTX700A,2013-12-07,2015-06-05,2015-09-01,51,스터터 마그네틱 스위치에 방수 실란트가 과도하게 주입되어 실란트가 퓨즈 결합 부위의 터미널에 흘러 나오게 되고 이로인해 접촉불량이 발생하여 엔진 시동이 꺼지거나 화재 발생 가능성,SUV
재규어랜드로버,Discovery4,2012-08-13,2012-09-14,2015-10-08,76,선루프 유리를 감싸고 있는 고무 실링의 접착제 불량으로 누수 및 풍절음 등의 현상이 발생되어 안전운행에 지장을 줄 가능성,SUV
재규어랜드로버,Range Rover,2012-03-29,2015-05-23,2015-10-08,1330,차량 도어 컨트롤 제어 시스템의 소프트웨어 오류로 도어가 열린 상태임에도 닫힌 상태인 것처럼 인지되어 안전운행에 지장을 줄 가능성,SUV
재규어랜드로버,Range Rover Sport,2012-03-29,2015-05-23,2015-10-08,1433,차량 도어 컨트롤 제어 시스템의 소프트웨어 오류로 도어가 열린 상태임에도 닫힌 상태인 것처럼 인지되어 안전운행에 지장을 줄 가능성,SUV
현대자동차,그랜드스타렉스,2015-09-04,2015-09-09,2015-10-26,22,운전석 옆 좌석 에어백 내부 결함*으로 에어백 전개 시 비정상적으로 전개되어 안전운행에 지장을 줄 가능성,MPV/미니밴
볼보,XC90,2003-03-19,2005-02-01,2015-10-26,457,연료펌프 상단부분에서 연료가 누유되어 엔진화재 발생 가능성,SUV
토요타,RAV4 2WD,2009-09-01,2010-04-22,2015-12-17,209,운전석 파워 윈도우 스위치 내부에 윤활용 그리스 도포방법이 부적절하여 전기접촉점의 마모로 생긴 파편이 합선을 일으켜 과열로 인한 화재 발생 가능성,SUV
토요타,RAV4 4WD,2009-02-27,2010-04-28,2015-12-17,587,운전석 파워 윈도우 스위치 내부에 윤활용 그리스 도포방법이 부적절하여 전기접촉점의 마모로 생긴 파편이 합선을 일으켜 과열로 인한 화재 발생 가능성,SUV
메르세데스 벤츠,GLA200 CDI,2015-10-28,2015-11-19,2015-12-28,4,고압 연료라인 크랙이 발생할 수 있어 연료 누유 발생으로 인한 화재 가능성,SUV
메르세데스 벤츠,GLA200 CDI 4Matic,2015-10-28,2015-11-19,2015-12-28,7,고압 연료라인 크랙이 발생할 수 있어 연료 누유 발생으로 인한 화재 가능성,SUV
르노코리아,QM5 디젤,2013-08-09,2015-07-06,2015-12-30,10237,연료 파이프 굴곡부와 엔진 상부 커버의 간섭으로 마모가 발생하여 연료가 누유되고 화재가 발생할 가능성,SUV
현대자동차,구형 투싼(LM),2010-08-01,2010-10-31,2016-02-22,9251,자동변속기 오일쿨러(Oil Cooler) 호스 손상으로 자동변속기 오일이 누유됨으로써 변속기 작동불량 등이 발생,SUV
토요타,토요타 RAV4 2WD,2009-09-01,2012-11-08,2016-04-07,416,뒷좌석 쿠션부 금속 프레임의 형태가 부적절하여 충돌 시 프레임과 좌석안전띠의 간섭으로 좌석안전띠가 절단될 경우 승객을 보호하지 못할 가능성 발견,SUV
토요타,토요타 RAV4 4WD,2009-02-27,2012-11-14,2016-04-07,1242,뒷좌석 쿠션부 금속 프레임의 형태가 부적절하여 충돌 시 프레임과 좌석안전띠의 간섭으로 좌석안전띠가 절단될 경우 승객을 보호하지 못할 가능성 발견,SUV
메르세데스 벤츠,GLC 220 BLUETEC 4MATIC,2015-07-24,2015-07-24,2016-04-11,2,"조향장치 스위치 모듈 전기배선의 조립불량으로 전기배선이 손상될 경우 방향지시등 고장, 에어백 오작동 등 안전운행에 지장을 줄 가능성 발견",SUV
현대자동차,투싼,2015-03-15,2016-03-15,2016-06-30,62319,후드 2차 잠금장치의 제작결함으로 후드걸쇠장치가 열린 상태로 주행할 경우 2차 잠금장치가 제대로 작동되지 않아 주행 중 후드가 열려 안전운행에 지장을 줄 가능성 발견,SUV
메르세데스 벤츠,GLA 45 AMG 4MATIC,2015-10-26,2015-11-20,2016-07-08,3,자동변속기 내부 부품(더블클러치) 용접 불량으로 파손될 경우 주행시 엔진 동력이 정상적으로 바퀴에 전달되지 않아 안전운행에 지장을 줄 가능성,SUV
메르세데스 벤츠,ML 350 BLUETEC 4MATIC,2015-04-27,2015-05-19,2016-07-08,6,뒷좌석 우측 좌석안전띠 고정체의 볼트조립불량으로 충돌 시 승객을 보호하지 못할 가능성,SUV
혼다코리아,CR-V,2004-07-15,2011-03-29,2016-08-16,5641,"조수석 에어백( 타카타社) 전개시 인플레이터 내부 압력의 이상 상승으로 용기가 파손 될 수 있고, 내부 부품의 금속 파편이 운전자 등에게 상해를 입힐 가능성 있음(건조제 없는 인플레이터)",SUV
재규어랜드로버,F-PACE,2016-03-03,2016-06-15,2016-08-25,16,"시동 모터 케이블의 배선 결함으로 주변 부품과의 마찰로 인해 케이블이 마모될 경우 그 배선이 단락되어, 주행 중 엔진이 멈추거나 화재가 발생할 가능성",SUV
KG 모빌리티,티볼리(디젤),2015-07-01,2016-01-31,2016-09-12,14831,연료필터와 엔진 사이에 장착된 연료호스의 제작결함으로 누유가 발생할 경우 연료가 부족하여 주행중 시동이 꺼지거나 화재가 발생할 가능성,SUV
현대자동차,투싼(TL),2015-12-17,2016-05-31,2016-09-22,617,변속기 소프트웨어 오류로 차량 정차 후 재출발 시 가속이 지연되거나 가속이 안 될 가능성,SUV
BMW,X5 3.0i,2003-03-24,2003-08-26,2016-09-30,8,운전석 에어백(다카타社) 내부 부품 불량으로 에어백이 정상적으로 작동하지 않을 가능성,SUV
BMW,X5 4.4i,2003-03-07,2003-05-28,2016-09-30,2,운전석 에어백(다카타社) 내부 부품 불량으로 에어백이 정상적으로 작동하지 않을 가능성,SUV
볼보,XC90,2016-04-21,2016-09-06,2016-10-21,798,에어컨 배수 호스의 장착 불량으로 수분이 각종 전자 장치에 침투할 경우 안전운행에 지장을 줄 가능성,SUV
현대자동차,싼타페,2015-05-27,2015-06-05,2016-10-21,66,승객감지장치 제어 유닛 설정 오류로 충돌시 동승자석의 에어백이 미전개될 가능성,SUV
BMW,X5 M,2009-07-09,2010-02-16,2016-10-28,27,연료펌프 커넥터의 제작결함으로 커넥터 핀과 배선간의 접촉 불량이 발생하여 주행 중 시동이 꺼지고 화재가 발생할 가능성,SUV
BMW,X5 xDrive35i,2010-04-07,2010-06-30,2016-10-28,86,연료펌프 커넥터의 제작결함으로 커넥터 핀과 배선간의 접촉 불량이 발생하여 주행 중 시동이 꺼지고 화재가 발생할 가능성,SUV
BMW,X5 xDrive30d,2006-12-11,2010-08-10,2016-10-28,1713,연료펌프 커넥터의 제작결함으로 커넥터 핀과 배선간의 접촉 불량이 발생하여 주행 중 시동이 꺼지고 화재가 발생할 가능성,SUV
BMW,X5 xDrive30i,2007-03-23,2010-02-23,2016-10-28,804,연료펌프 커넥터의 제작결함으로 커넥터 핀과 배선간의 접촉 불량이 발생하여 주행 중 시동이 꺼지고 화재가 발생할 가능성,SUV
BMW,X5 xDrive48i,2007-03-20,2009-05-19,2016-10-28,121,연료펌프 커넥터의 제작결함으로 커넥터 핀과 배선간의 접촉 불량이 발생하여 주행 중 시동이 꺼지고 화재가 발생할 가능성,SUV
BMW,X5 xDrive50i,2010-03-22,2010-04-14,2016-10-28,8,연료펌프 커넥터의 제작결함으로 커넥터 핀과 배선간의 접촉 불량이 발생하여 주행 중 시동이 꺼지고 화재가 발생할 가능성,SUV
현대자동차,그랜드스타렉스(TQ),2016-09-28,2016-09-30,2016-11-14,23,전조등 설치 불량으로 광축이 기준보다 좌측방향으로 설정되었을 경우 반대편 운전자의 눈부심을 증가시켜 안전운행에 지장을 줄 가능성,MPV/미니밴
기아,구형 스포티지(KM),2007-08-09,2007-08-09,2016-12-09,2686,자동차안정성제어장치(ESC) 중 유압 컨트롤 유닛(HCU)에 연결된 배선 커넥터의 덮개 체결 불량으로 제설제 염수 등이 HCU 내에 유입될 경우 합선이 일어나 화재가 발생할 가능성,SUV
BMW,X5 xDrive40d,2011-03-31,2013-04-25,2016-12-09,310,엔진 타이밍체인 텐셔너*의 기능이 원활하지 않아 주행 중 시동이 꺼질 가능성 * 텐셔너 : 엔진 타이밍 벨트(엔진 작동을 위한 흡·배기 밸브 구동 등)의 장력을 조절하는 장치,SUV
BMW,X5 M50d,2013-07-18,2013-10-15,2016-12-09,56,엔진 타이밍체인 텐셔너*의 기능이 원활하지 않아 주행 중 시동이 꺼질 가능성 * 텐셔너 : 엔진 타이밍 벨트(엔진 작동을 위한 흡·배기 밸브 구동 등)의 장력을 조절하는 장치,SUV
BMW,X5 xDrive30d,2010-03-22,2013-10-15,2016-12-09,1704,엔진 타이밍체인 텐셔너*의 기능이 원활하지 않아 주행 중 시동이 꺼질 가능성 * 텐셔너 : 엔진 타이밍 벨트(엔진 작동을 위한 흡·배기 밸브 구동 등)의 장력을 조절하는 장치,SUV
포드,Explorer,2014-01-17,2014-05-31,2016-12-30,489,리어 서스펜션 토우 링크*의 용접 불량으로 금이 갈 경우 조향 제어가 안 되어 사고가 발생할 가능성 * 리어 서스펜션 토우 링크(Rear Suspension Tow Link): 차체에 고정되어 뒷바퀴의 정렬 상태를 조정하는 역할,SUV
BMW,X5 xDrive30d,2010-04-05,2010-11-19,2016-12-30,260,전방 프로펠러 샤프트*의 제작결함으로 일부 부품(유니버설 조인트)이 부식되어 파손될 경우 동력 전달이 원활하지 않아 가속이 제대로 안되어 안전 운행에 지장을 줄 가능성 * 프로펠러 샤프트 : 변속기로부터 구동축에 동력을 전달하는 축,SUV
BMW,X5 xDrive35i,2010-04-07,2010-11-10,2016-12-30,175,전방 프로펠러 샤프트*의 제작결함으로 일부 부품(유니버설 조인트)이 부식되어 파손될 경우 동력 전달이 원활하지 않아 가속이 제대로 안되어 안전 운행에 지장을 줄 가능성 * 프로펠러 샤프트 : 변속기로부터 구동축에 동력을 전달하는 축,SUV
BMW,X5 M,2010-08-31,2010-09-27,2016-12-30,5,전방 프로펠러 샤프트*의 제작결함으로 일부 부품(유니버설 조인트)이 부식되어 파손될 경우 동력 전달이 원활하지 않아 가속이 제대로 안되어 안전 운행에 지장을 줄 가능성 * 프로펠러 샤프트 : 변속기로부터 구동축에 동력을 전달하는 축,SUV
BMW,X5 xDrive50i,2010-04-14,2010-10-29,2016-12-30,11,전방 프로펠러 샤프트*의 제작결함으로 일부 부품(유니버설 조인트)이 부식되어 파손될 경우 동력 전달이 원활하지 않아 가속이 제대로 안되어 안전 운행에 지장을 줄 가능성 * 프로펠러 샤프트 : 변속기로부터 구동축에 동력을 전달하는 축,SUV
메르세데스 벤츠,ML350 BLUETEC 4M,2015-03-20,2016-01-11,2017-01-18,5,탑승자 분류 시스템 오류로 동승자석 탑승자를 인지하지 못하여 충돌 시 에어백이 정상적으로 작동하지 않을 가능성,SUV
메르세데스 벤츠,GLE350 D 4M,2016-01-29,2016-02-29,2017-01-18,3,탑승자 분류 시스템 오류로 동승자석 탑승자를 인지하지 못하여 충돌 시 에어백이 정상적으로 작동하지 않을 가능성,SUV
메르세데스 벤츠,ML250 BLUETEC 4M,2015-03-26,2015-03-26,2017-01-18,1,탑승자 분류 시스템 오류로 동승자석 탑승자를 인지하지 못하여 충돌 시 에어백이 정상적으로 작동하지 않을 가능성,SUV
메르세데스 벤츠,AMG GLE 63 S 4M,2016-02-08,2016-02-08,2017-01-18,1,탑승자 분류 시스템 오류로 동승자석 탑승자를 인지하지 못하여 충돌 시 에어백이 정상적으로 작동하지 않을 가능성,SUV
메르세데스 벤츠,ML350 4M,2015-12-21,2015-12-21,2017-01-18,1,탑승자 분류 시스템 오류로 동승자석 탑승자를 인지하지 못하여 충돌 시 에어백이 정상적으로 작동하지 않을 가능성,SUV
볼보,XC90,2016-08-19,2016-09-06,2017-01-20,15,에어백 인플레이터(오토리브 社)의 제조불량으로 충돌 시 에어백이 작동하지 않을 가능성,SUV
현대자동차,투싼(TL),2015-03-03,2016-07-25,2017-01-20,88514,"뒷바퀴 완충장치* 중 트레일링암의 제작결함으로 주행 중 소음 발생하고 제동 시에 쏠림현상으로 안전운행에 지장을 줄 가능성 * 완충장치: 노면으로부터의 충격이 차량 내의 승객에게 최소한으로 전달되도록 자동차 차체에 장착된 장치(스프링, 쇽업소버, 트레일링암 등으로 구성)",SUV
기아,스포티지(QL),2015-08-01,2016-07-27,2017-01-20,61662,"뒷바퀴 완충장치* 중 트레일링암의 제작결함으로 주행 중 소음 발생하고 제동 시에 쏠림현상으로 안전운행에 지장을 줄 가능성 * 완충장치: 노면으로부터의 충격이 차량 내의 승객에게 최소한으로 전달되도록 자동차 차체에 장착된 장치(스프링, 쇽업소버, 트레일링암 등으로 구성)",SUV
혼다코리아,ODYSSEY,2012-05-29,2015-09-09,2017-02-06,1172,2열 좌석(슬리이드형)을 고정하는 부품의 제작결함으로 주행 중 좌석이 움직여 탑승자에게 상해를 입힐 가능성,MPV/미니밴
메르세데스 벤츠,ML350 BT 4M,2014-10-06,2014-10-06,2017-02-17,1,차축과 바닥프레임을 연결하는 볼트(액슬 서브프레임 볼트)의 조립불량으로 체결이 풀릴 경우 운전자 의도대로 조향되지 않아 안전운행에 지장을 줄 가능성,SUV
BMW,X5 4.4i,2001-04-23,2002-12-20,2017-02-17,4,"운전자석 에어백 인플레이터*가 수리 시 결함이 있는 부품(일본 다카타社 부품)으로 교체되었을 가능성 ** 기존차량에는 독일 Petri社의 에어백 인플레이터가 장착되어있으나, Petri社의 에어백 인플레이터가 일본 다카타社의 인플레이터와 호환이 가능하여 수리 시 결함이 있는 다카다社의 인플레이터로 교체되었을 가능성이 있음",SUV
BMW,X5 3.0i,2002-10-15,2003-01-30,2017-02-17,6,"운전자석 에어백 인플레이터*가 수리 시 결함이 있는 부품(일본 다카타社 부품)으로 교체되었을 가능성 ** 기존차량에는 독일 Petri社의 에어백 인플레이터가 장착되어있으나, Petri社의 에어백 인플레이터가 일본 다카타社의 인플레이터와 호환이 가능하여 수리 시 결함이 있는 다카다社의 인플레이터로 교체되었을 가능성이 있음",SUV
메르세데스 벤츠,ML350 CDI 4MATIC,2008-12-10,2008-12-10,2017-02-24,1,(건조제 없는 인플레이터)충돌로 인한 운전석 에어백(일본 타카타社 부품) 전개시 인플레이터*의 과도한 폭발압력으로 발생한 내부 부품의 금속 파편이 운전자 등에게 상해를 입힐 가능성 * 인플레이터(Inflator): 에어백 내부에 장착되어 자동차 충돌시 에어백을 팽창시키기 위해서 가스를 발생시키는 장치,SUV
메르세데스 벤츠,ML350 4MATIC,2008-07-18,2009-04-22,2017-02-24,13,(건조제 없는 인플레이터)충돌로 인한 운전석 에어백(일본 타카타社 부품) 전개시 인플레이터*의 과도한 폭발압력으로 발생한 내부 부품의 금속 파편이 운전자 등에게 상해를 입힐 가능성 * 인플레이터(Inflator): 에어백 내부에 장착되어 자동차 충돌시 에어백을 팽창시키기 위해서 가스를 발생시키는 장치,SUV
메르세데스 벤츠,ML280 CDI 4MATIC,2008-08-01,2009-03-18,2017-02-24,94,(건조제 없는 인플레이터)충돌로 인한 운전석 에어백(일본 타카타社 부품) 전개시 인플레이터*의 과도한 폭발압력으로 발생한 내부 부품의 금속 파편이 운전자 등에게 상해를 입힐 가능성 * 인플레이터(Inflator): 에어백 내부에 장착되어 자동차 충돌시 에어백을 팽창시키기 위해서 가스를 발생시키는 장치,SUV
메르세데스 벤츠,ML350 BLUETEC 4M,2016-01-06,2016-01-06,2017-03-10,3,"전방 완충장치*의 어퍼암(상단부 지지대)을 고정하는 너트의 조립 불량으로 바퀴가 정상적으로 고정되지 않아 주행중 조향제어가 안 될 가능성 * 완충장치: 노면으로부터의 충격이 차량 내의 승객에게 최소한으로 전달되도록 자동차 차체에 장착된 장치(스프링, 쇽업소버, 어퍼암 등으로 구성)",SUV
메르세데스 벤츠,GLE250d 4M,2016-07-25,2016-08-12,2017-03-10,10,중앙서랍(센터콘솔) 고정부분 고무범퍼의 제작결함으로 사고 시 중앙서랍이 열릴 경우 서랍 내 물건이 밖으로 떨어져 탑승자에게 상해를 입힐 가능성,SUV
메르세데스 벤츠,GLS350d 4M,2016-08-08,2016-08-12,2017-03-10,5,중앙서랍(센터콘솔) 고정부분 고무범퍼의 제작결함으로 사고 시 중앙서랍이 열릴 경우 서랍 내 물건이 밖으로 떨어져 탑승자에게 상해를 입힐 가능성,SUV
메르세데스 벤츠,GLE350d 4M,2016-07-21,2016-08-16,2017-03-10,150,중앙서랍(센터콘솔) 고정부분 고무범퍼의 제작결함으로 사고 시 중앙서랍이 열릴 경우 서랍 내 물건이 밖으로 떨어져 탑승자에게 상해를 입힐 가능성,SUV
기아,니로(DE),2016-12-23,2017-01-28,2017-03-24,61,전동식 스티어링(조향장치) 모터 커넥터 제조불량으로 스티어링 휠이 무거워질 가능성,SUV
BMW,X5 xDrive35d,2011-04-15,2011-07-29,2017-04-07,2,전방 프로펠러 샤프트*의 제작결함으로 일부 부품(유니버설 조인트)이 부식되어 파손될 경우 동력 전달이 원활하지 않아 가속이 제대로 안되어 안전 운행에 지장을 줄 가능성 * 프로펠러 샤프트 : 변속기로부터 구동축에 동력을 전달하는 축,SUV
BMW,X5 xDrive40d,2011-03-31,2013-04-17,2017-04-07,294,전방 프로펠러 샤프트*의 제작결함으로 일부 부품(유니버설 조인트)이 부식되어 파손될 경우 동력 전달이 원활하지 않아 가속이 제대로 안되어 안전 운행에 지장을 줄 가능성 * 프로펠러 샤프트 : 변속기로부터 구동축에 동력을 전달하는 축,SUV
BMW,X5 xDrive35i,2010-12-03,2013-03-27,2017-04-07,212,전방 프로펠러 샤프트*의 제작결함으로 일부 부품(유니버설 조인트)이 부식되어 파손될 경우 동력 전달이 원활하지 않아 가속이 제대로 안되어 안전 운행에 지장을 줄 가능성 * 프로펠러 샤프트 : 변속기로부터 구동축에 동력을 전달하는 축,SUV
BMW,X5 M,2011-01-04,2012-06-08,2017-04-07,12,전방 프로펠러 샤프트*의 제작결함으로 일부 부품(유니버설 조인트)이 부식되어 파손될 경우 동력 전달이 원활하지 않아 가속이 제대로 안되어 안전 운행에 지장을 줄 가능성 * 프로펠러 샤프트 : 변속기로부터 구동축에 동력을 전달하는 축,SUV
BMW,X5 xDrive50i,2010-12-08,2012-12-15,2017-04-07,27,전방 프로펠러 샤프트*의 제작결함으로 일부 부품(유니버설 조인트)이 부식되어 파손될 경우 동력 전달이 원활하지 않아 가속이 제대로 안되어 안전 운행에 지장을 줄 가능성 * 프로펠러 샤프트 : 변속기로부터 구동축에 동력을 전달하는 축,SUV
BMW,X5 xDrive30d,2010-12-07,2013-04-17,2017-04-07,1078,전방 프로펠러 샤프트*의 제작결함으로 일부 부품(유니버설 조인트)이 부식되어 파손될 경우 동력 전달이 원활하지 않아 가속이 제대로 안되어 안전 운행에 지장을 줄 가능성 * 프로펠러 샤프트 : 변속기로부터 구동축에 동력을 전달하는 축,SUV
볼보,XC90,2016-11-21,2017-03-01,2017-04-07,250,커튼에어백 고정용 볼트 재질불량으로 볼트가 부러질 경우 사고시 커튼에어백이 정상위치에서 전개되지 않을 가능성,SUV
메르세데스 벤츠,GLK 220 CDI 4M,2009-11-18,2009-11-18,2017-04-21,1,컨트롤 유닛 소프트웨어 업데이트를 진행하였던 차량에 오류가 있는 소프트웨어가 입력되어 에어백 등이 비정상적으로 작동 될 수 있는 가능성,SUV
메르세데스 벤츠,ML 250 BLUETEC 4M,2015-10-29,2015-10-29,2017-04-21,1,컨트롤 유닛 소프트웨어 업데이트를 진행하였던 차량에 오류가 있는 소프트웨어가 입력되어 에어백 등이 비정상적으로 작동 될 수 있는 가능성,SUV
현대자동차,그랜드 스타렉스(TQ) 왜건,2015-02-12,2016-03-30,2017-05-19,15333,연료공급호스 연결장치의 제작결함으로 연료누유로 인한 시동꺼짐 등이 발생할 가능성,MPV/미니밴
기아,스포티지(SL),2011-03-01,2013-08-31,2017-05-22,5401,"크랭크 샤프트에 오일 공급홀을 만드는 과정에서 기계 불량으로 금속 이물질이 발생하였고, 이러한 ‘금속 이물질로 인해 크랭크샤프트와 베어링의 마찰이 원활하지 못하게 되는 소착현상*이 발생해 주행 중 시동꺼짐으로 이어질 수 있음",SUV
재규어랜드로버,Range Rover,2006-05-25,2011-07-07,2017-06-01,748,(건조제 없는 인플레이터)충돌로 인한 조수석 에어백(일본 타카타社 부품) 전개시 과도한 폭발압력으로 발생한 내부 부품의 금속 파편이 승객 등에게 상해를 입힐 가능성 발견,SUV
재규어랜드로버,Range Rover,2011-03-16,2012-07-25,2017-06-01,346,(건조제 없는 인플레이터)충돌로 인한 동승자석 에어백(일본 다카타社 부품)전개 시 과도한 폭발압력으로 발생한 내부 부품의 금속 파편이 동승자 등에게 상해를 입힐 가능성,SUV
토요타,토요타 시에나(2.7L),2011-02-07,2011-12-22,2017-06-01,95,(건조제 없는 인플레이터)충돌로 인한 조수석 에어백(일본 타카타社 부품) 전개시 과도한 폭발압력으로 발생한 내부 부품의 금속 파편이 승객 등에게 상해를 입힐 가능성 발견,MPV/미니밴
토요타,토요타 시에나(3.5L),2011-09-07,2011-12-22,2017-06-01,213,(건조제 없는 인플레이터)충돌로 인한 조수석 에어백(일본 타카타社 부품) 전개시 과도한 폭발압력으로 발생한 내부 부품의 금속 파편이 승객 등에게 상해를 입힐 가능성 발견,MPV/미니밴
BMW,X5 xDrive50i,2010-03-22,2010-03-25,2017-06-02,7,전방 프로펠러 샤프트*의 제작결함으로 일부 부품(유니버설 조인트)이 부식되어 파손될 경우 동력 전달이 원활하지 않아 안전 운행에 지장을 줄 가능성 * 프로펠러 샤프트 : 변속기로부터 구동축에 동력을 전달하는 축,SUV
BMW,X5 xDrive30d,2010-03-22,2010-03-26,2017-06-02,26,전방 프로펠러 샤프트*의 제작결함으로 일부 부품(유니버설 조인트)이 부식되어 파손될 경우 동력 전달이 원활하지 않아 안전 운행에 지장을 줄 가능성 * 프로펠러 샤프트 : 변속기로부터 구동축에 동력을 전달하는 축,SUV
메르세데스 벤츠,GLA 200d 4MATIC,2016-10-06,2016-10-07,2017-06-09,2,에어백(오토리브 社 생산)이 내부결함으로 인해 사고 발생 시 전개되지 않을 가능성,SUV
메르세데스 벤츠,GLA 200d,2016-10-06,2016-10-06,2017-06-09,1,에어백(오토리브 社 생산)이 내부결함으로 인해 사고 발생 시 전개되지 않을 가능성,SUV
기아,모하비,2012-08-27,2014-12-02,2017-06-12,19801,허브너트*의 결함으로 타이어가 이탈될 가능성 * 허브너트 : 자동차 차축과 타이어를 연결해 주는 부품,SUV
현대자동차,싼타페(CM),2011-09-01,2011-10-31,2017-06-16,4748,R엔진의 연료호스 결함으로 연료가 누유될 경우 화재발생 가능성,SUV
기아,구형 스포티지(SL),2011-09-01,2011-10-31,2017-06-16,5476,R엔진의 연료호스 결함으로 연료가 누유될 경우 화재발생 가능성,SUV
기아,구형 카니발(VQ),2011-09-01,2011-10-31,2017-06-16,3165,R엔진의 연료호스 결함으로 연료가 누유될 경우 화재발생 가능성,MPV/미니밴
기아,구형 쏘렌토(XM),2011-09-01,2011-10-31,2017-06-16,4869,R엔진의 연료호스 결함으로 연료가 누유될 경우 화재발생 가능성,SUV
현대자동차,싼타페(DM),2012-01-04,2016-07-01,2017-06-23,359653,후드 2차 잠금장치 제작결함으로 주행 중 후드가 열려 안전운행에 영향을 줄 가능성,SUV
메르세데스 벤츠,GLA 45 AMG 4MATIC,2016-09-21,2016-09-21,2017-06-30,1,동승자석 에어백 (오토리브 社)이 사고시 작동하지 않아 운전자를 제대로 보호하지 못할 가능성,SUV
메르세데스 벤츠,AMG GLA 45 4MATIC,2016-09-20,2016-09-20,2017-06-30,1,동승자석 에어백 (오토리브 社)이 사고시 작동하지 않아 운전자를 제대로 보호하지 못할 가능성,SUV
메르세데스 벤츠,GLA 200d,2016-08-16,2016-09-20,2017-06-30,13,동승자석 에어백 (오토리브 社)이 사고시 작동하지 않아 운전자를 제대로 보호하지 못할 가능성,SUV
메르세데스 벤츠,GLA 200d 4MATIC,2016-09-19,2016-09-20,2017-06-30,3,동승자석 에어백 (오토리브 社)이 사고시 작동하지 않아 운전자를 제대로 보호하지 못할 가능성,SUV
메르세데스 벤츠,GLA 200 CDI 4MATIC,2016-08-19,2016-08-19,2017-06-30,1,동승자석 에어백 (오토리브 社)이 사고시 작동하지 않아 운전자를 제대로 보호하지 못할 가능성,SUV
볼보,XC90,2016-09-23,2016-11-08,2017-07-14,79,3열 조수석 안전벨트 텐셔너 내 MGG(극소 가스 발생제) 고정 튜브 제조 불량 가능성,SUV
볼보,XC90,2016-02-19,2017-01-26,2017-07-14,37,조수석 선바이저에 에어백 경고 라벨 부착 누락 (유럽안전기준 UNECE R94 6.2.3항 위반),SUV
재규어랜드로버,F-PACE,2017-02-20,2017-03-22,2017-07-14,150,연료리턴호스의 제조 공정에서 규격에 맞지 않게 제작되어 연료리턴호스 균열 및 연료 누유 가능성,SUV
메르세데스 벤츠,ML350 4MATIC,2015-12-21,2015-12-21,2017-08-31,1,전자식 조향장치 커넥터 제조 불량으로 컨트롤 유닛으로 물 유입 가능성,SUV
메르세데스 벤츠,GLS350 d 4MATIC,2016-02-11,2016-04-07,2017-08-31,3,전자식 조향장치 커넥터 제조 불량으로 컨트롤 유닛으로 물 유입 가능성,SUV
메르세데스 벤츠,GLE63 4MATIC,2015-09-07,2016-05-18,2017-08-31,111,전자식 조향장치 커넥터 제조 불량으로 컨트롤 유닛으로 물 유입 가능성,SUV
메르세데스 벤츠,AMG GLA 45 4MATIC,2016-10-11,2016-10-14,2017-08-31,3,시동전류제한기가 특정 조건(침수 등)에서 과부하가 발생하여 화재 발생 가능성,SUV
메르세데스 벤츠,GLC250d 4MATIC,2016-08-25,2016-08-25,2017-08-31,7,운전석 안전벨트 프리텐셔너 점화장치 추진체의 혼합비 공정 오류로 인하여 점화장치 및 프리텐셔너 미작동 가능성,SUV
메르세데스 벤츠,GLC220d 4MATIC,2016-08-05,2016-08-25,2017-08-31,3,운전석 안전벨트 프리텐셔너 점화장치 추진체의 혼합비 공정 오류로 인하여 점화장치 및 프리텐셔너 미작동 가능성,SUV
메르세데스 벤츠,GLC300 4MATIC,2015-09-21,2016-06-07,2017-08-31,2,시동전류제한기가 특정 조건(침수 등)에서 과부하가 발생하여 화재 발생 가능성,SUV
메르세데스 벤츠,GLE63 S 4MATIC,2015-02-08,2015-03-31,2017-08-31,3,전자식 조향장치 커넥터 제조 불량으로 컨트롤 유닛으로 물 유입 가능성,SUV
메르세데스 벤츠,GLE250 d 4MATIC,2015-09-03,2016-05-26,2017-08-31,625,전자식 조향장치 커넥터 제조 불량으로 컨트롤 유닛으로 물 유입 가능성,SUV
메르세데스 벤츠,GLS500 4MATIC,2016-01-29,2016-04-04,2017-08-31,4,전자식 조향장치 커넥터 제조 불량으로 컨트롤 유닛으로 물 유입 가능성,SUV
메르세데스 벤츠,GLE350 d 4MATIC,2015-09-03,2016-05-31,2017-08-31,1074,전자식 조향장치 커넥터 제조 불량으로 컨트롤 유닛으로 물 유입 가능성,SUV
메르세데스 벤츠,GLC 250d 4MATIC,2016-07-30,2016-08-24,2017-09-27,5,사고 시 빠른 속도로 안전벨트를 승객의 몸쪽으로 조여주는 장치인 안전벨트 프리텐셔너가 잘못 제작되어 사고 시 안전벨트 프텐셔너가 작동하지 않을 가능성,SUV
메르세데스 벤츠,GLC 220d 4MATIC,2016-07-30,2016-08-05,2017-09-27,8,사고 시 빠른 속도로 안전벨트를 승객의 몸쪽으로 조여주는 장치인 안전벨트 프리텐셔너가 잘못 제작되어 사고 시 안전벨트 프텐셔너가 작동하지 않을 가능성,SUV
포드,Explorer,2017-05-08,2017-05-05,2017-09-29,1,"전자식 조향장치를 엔진에서 발생하는 열로부터 보호하는 방열판을 체결하는 볼트가 부식될 수 있으며, 볼트가 부식되어 방열판이 떨어질 경우, 전자식 조향장치가 열에 손상되어조향보조기능이 작동하지 않아 스티어링 휠(핸들)이 무거워 지는 등 안전운행에 지장을 줄 가능성",SUV
기아,카니발(YP) 디젤,2017-01-06,2017-03-31,2017-11-09,15455,"브레이크 진공호스 제작과정에서 첨가제 혼합이 잘못되어 브레이크 진공호스 강도가 약하게 제작되었으며, 이로 인하여 제동력이 저하 될 가능성",MPV/미니밴
토요타,시에나 2WD,2011-09-07,2016-07-29,2017-11-09,1755,"전자식 슬라이딩 도어 작동용 모터에 사용된 퓨즈의 용량이 부족하여, 특정상황(겨울철 도어가 얼어붙은 상태에서 동작시킬 경우 등)에서 퓨즈가 끊어질 수 있으며, 퓨즈가 끊어질 경우 주행 중 슬라이딩 도어가 열릴 가능성",MPV/미니밴
토요타,시에나 2.7L,2011-02-07,2012-01-06,2017-11-09,97,"전자식 슬라이딩 도어 작동용 모터에 사용된 퓨즈의 용량이 부족하여, 특정상황(겨울철 도어가 얼어붙은 상태에서 동작시킬 경우 등)에서 퓨즈가 끊어질 수 있으며, 퓨즈가 끊어질 경우 주행 중 슬라이딩 도어가 열릴 가능성",MPV/미니밴
토요타,시에나 4WD,2013-08-26,2016-07-29,2017-11-09,1399,"전자식 슬라이딩 도어 작동용 모터에 사용된 퓨즈의 용량이 부족하여, 특정상황(겨울철 도어가 얼어붙은 상태에서 동작시킬 경우 등)에서 퓨즈가 끊어질 수 있으며, 퓨즈가 끊어질 경우 주행 중 슬라이딩 도어가 열릴 가능성",MPV/미니밴
토요타,토요타 시에나(2.7L),2012-01-03,2012-01-06,2017-11-09,2,(건조제 없는 인플레이터)충돌로 인한 동승자석 에어백(일본 다카타社 부품)전개 시 과도한 폭발압력으로 발생한 내부 부품의 금속 파편이 동승자 등에게 상해를 입힐 가능성,MPV/미니밴
토요타,토요타 시에나(3.5L),2012-01-06,2012-12-20,2017-11-09,579,(건조제 없는 인플레이터)충돌로 인한 동승자석 에어백(일본 다카타社 부품)전개 시 과도한 폭발압력으로 발생한 내부 부품의 금속 파편이 동승자 등에게 상해를 입힐 가능성,MPV/미니밴
메르세데스 벤츠,GLS 350d 4MATIC,2016-11-28,2017-03-15,2017-11-10,5,"창유리(전면 또는 후면)의 접착이 잘못되어, 충돌사고 시 창유리가 차체에서 떨어져 탑승자의 부상 위험성이 높아질 가능성",SUV
메르세데스 벤츠,Mercedes-AMG GLC 43 4MATIC Coupe,2017-02-15,2017-03-18,2017-11-10,5,"창유리(전면 또는 후면)의 접착이 잘못되어, 충돌사고 시 창유리가 차체에서 떨어져 탑승자의 부상 위험성이 높아질 가능성",SUV
메르세데스 벤츠,GLE 350d 4MATIC Coupe,2016-07-21,2017-04-07,2017-11-10,12,"창유리(전면 또는 후면)의 접착이 잘못되어, 충돌사고 시 창유리가 차체에서 떨어져 탑승자의 부상 위험성이 높아질 가능성",SUV
BMW,X5 xDrive30d(7인승),2013-09-24,2016-05-02,2017-11-10,134,소화기가 설치되어 있지 않아 자동차안전기준 제75조 위반,SUV
메르세데스 벤츠,GLC 220d 4MATIC,2017-01-06,2017-03-30,2017-11-10,6,"창유리(전면 또는 후면)의 접착이 잘못되어, 충돌사고 시 창유리가 차체에서 떨어져 탑승자의 부상 위험성이 높아질 가능성",SUV
메르세데스 벤츠,GLE 350d 4MATIC,2016-09-13,2017-03-14,2017-11-10,12,"창유리(전면 또는 후면)의 접착이 잘못되어, 충돌사고 시 창유리가 차체에서 떨어져 탑승자의 부상 위험성이 높아질 가능성",SUV
메르세데스 벤츠,GLS 500 4MATIC,2016-08-23,2016-10-31,2017-11-10,3,"창유리(전면 또는 후면)의 접착이 잘못되어, 충돌사고 시 창유리가 차체에서 떨어져 탑승자의 부상 위험성이 높아질 가능성",SUV
메르세데스 벤츠,Mercedes-AMG GLC 43 4MATIC,2017-04-20,2017-04-20,2017-11-10,1,"창유리(전면 또는 후면)의 접착이 잘못되어, 충돌사고 시 창유리가 차체에서 떨어져 탑승자의 부상 위험성이 높아질 가능성",SUV
메르세데스 벤츠,GLC 250d 4MATIC,2017-02-21,2017-03-29,2017-11-10,2,"창유리(전면 또는 후면)의 접착이 잘못되어, 충돌사고 시 창유리가 차체에서 떨어져 탑승자의 부상 위험성이 높아질 가능성",SUV
메르세데스 벤츠,GLC 220d 4MATIC Coupe,2016-12-10,2017-05-05,2017-11-10,75,"창유리(전면 또는 후면)의 접착이 잘못되어, 충돌사고 시 창유리가 차체에서 떨어져 탑승자의 부상 위험성이 높아질 가능성",SUV
메르세데스 벤츠,GLE 250d 4MATIC,2017-02-17,2017-04-05,2017-11-10,7,"창유리(전면 또는 후면)의 접착이 잘못되어, 충돌사고 시 창유리가 차체에서 떨어져 탑승자의 부상 위험성이 높아질 가능성",SUV
BMW,X5 xDrive40d,2012-01-03,2012-12-21,2017-11-24,226,(12년식 건조제 없는 인플레이터)충돌로 인한 운전석 및 동승자석 에어백(일본 다카타社 부품)전개 시 과도한 폭발압력으로 발생한 내부 부품의 금속 파편이 동승자 등에게 상해를 입힐 가능성,SUV
BMW,X5 xDrive30d,2012-01-02,2012-12-15,2017-11-24,538,(12년식 건조제 없는 인플레이터)충돌로 인한 운전석 및 동승자석 에어백(일본 다카타社 부품)전개 시 과도한 폭발압력으로 발생한 내부 부품의 금속 파편이 동승자 등에게 상해를 입힐 가능성,SUV
BMW,X5 xDrive50i,2012-01-04,2012-12-15,2017-11-24,8,(12년식 건조제 없는 인플레이터)충돌로 인한 운전석 및 동승자석 에어백(일본 다카타社 부품)전개 시 과도한 폭발압력으로 발생한 내부 부품의 금속 파편이 동승자 등에게 상해를 입힐 가능성,SUV
BMW,X5 M,2012-01-25,2012-06-08,2017-11-24,3,(12년식 건조제 없는 인플레이터)충돌로 인한 운전석 및 동승자석 에어백(일본 다카타社 부품)전개 시 과도한 폭발압력으로 발생한 내부 부품의 금속 파편이 동승자 등에게 상해를 입힐 가능성,SUV
BMW,X5 3.0d,2006-12-11,2010-02-19,2017-11-24,1579,(11년식 이전 건조제 없는 인플레이터)충돌로 인한 운전석 및 조수석 에어백(일본 타카타社 부품) 전개시 과도한 폭발압력으로 발생한 내부 부품의 금속 파편이 승객 등에게 상해를 입힐 가능성 발견,SUV
BMW,X5 3.0si,2007-02-10,2010-02-23,2017-11-24,837,(11년식 이전 건조제 없는 인플레이터)충돌로 인한 운전석 및 조수석 에어백(일본 타카타社 부품) 전개시 과도한 폭발압력으로 발생한 내부 부품의 금속 파편이 승객 등에게 상해를 입힐 가능성 발견,SUV
BMW,X5 xDrive35i,2012-02-27,2012-12-21,2017-11-24,36,(12년식 건조제 없는 인플레이터)충돌로 인한 운전석 및 동승자석 에어백(일본 다카타社 부품)전개 시 과도한 폭발압력으로 발생한 내부 부품의 금속 파편이 동승자 등에게 상해를 입힐 가능성,SUV
BMW,X5 4.8i,2007-03-20,2009-05-19,2017-11-24,124,(11년식 이전 건조제 없는 인플레이터)충돌로 인한 운전석 및 조수석 에어백(일본 타카타社 부품) 전개시 과도한 폭발압력으로 발생한 내부 부품의 금속 파편이 승객 등에게 상해를 입힐 가능성 발견,SUV
BMW,X5 xDrive50i,2010-03-22,2011-12-15,2017-11-24,37,(11년식 이전 건조제 없는 인플레이터)충돌로 인한 운전석 및 조수석 에어백(일본 타카타社 부품) 전개시 과도한 폭발압력으로 발생한 내부 부품의 금속 파편이 승객 등에게 상해를 입힐 가능성 발견,SUV
BMW,X5 xDrive40d,2011-03-31,2011-12-21,2017-11-24,73,(11년식 이전 건조제 없는 인플레이터)충돌로 인한 운전석 및 조수석 에어백(일본 타카타社 부품) 전개시 과도한 폭발압력으로 발생한 내부 부품의 금속 파편이 승객 등에게 상해를 입힐 가능성 발견,SUV
BMW,X5 xDrive30d,2010-03-22,2011-12-16,2017-11-24,817,(11년식 이전 건조제 없는 인플레이터)충돌로 인한 운전석 및 조수석 에어백(일본 타카타社 부품) 전개시 과도한 폭발압력으로 발생한 내부 부품의 금속 파편이 승객 등에게 상해를 입힐 가능성 발견,SUV
BMW,X5 xDrive35i,2010-04-07,2011-09-24,2017-11-24,341,(11년식 이전 건조제 없는 인플레이터)충돌로 인한 운전석 및 조수석 에어백(일본 타카타社 부품) 전개시 과도한 폭발압력으로 발생한 내부 부품의 금속 파편이 승객 등에게 상해를 입힐 가능성 발견,SUV
BMW,X5 M,2009-07-09,2011-08-26,2017-11-24,41,(11년식 이전 건조제 없는 인플레이터)충돌로 인한 운전석 및 조수석 에어백(일본 타카타社 부품) 전개시 과도한 폭발압력으로 발생한 내부 부품의 금속 파편이 승객 등에게 상해를 입힐 가능성 발견,SUV
기아,모하비(HM),2016-01-20,2017-02-01,2017-12-01,16951,"엔진오일 누출를 방지하는 마개(크랭크 리어 오일씰)가 제대로 밀착되지 않아 엔진오일이 누출될 수 있으며, 이로 인하여 주행 중 시동꺼짐이 발생할 가능성",SUV
포드,Explorer,2016-01-22,2016-04-19,2017-12-22,1212,일부 대상 차량들은 운전석 및 조수석 전동시트의 시트 트랙 피봇링크 볼트가 느슨하거나 풀릴 수 있으며 이로인하여 차량 충돌 시 시트의 움직임이 증가하여 탑승자의 부상 위험이 증가할 수 있는 가능성에 따른 리콜,SUV
BMW,X5 xDrive 30d,2017-10-12,2017-10-16,2017-12-22,5,"전륜위시본과 휠하우스 연결 볼트가 정상적으로 체결되지 않아 위시본이 손상될 경우, 이로인해 주행성능이 악화될 가능성",SUV
재규어랜드로버,F-PACE,2016-09-05,2017-08-17,2017-12-29,511,해당 차량의 계기판 전압을 모니터링하는 소프트웨어 오류로 계기판이 리셋(계기판 화면이 꺼졌다 켜지는)될 수 있는 문제가 발견됨에 따른 리콜,SUV
재규어랜드로버,Range Rover,2016-10-25,2017-08-17,2017-12-29,763,해당 차량의 계기판 전압을 모니터링하는 소프트웨어 오류로 계기판이 리셋(계기판 화면이 꺼졌다 켜지는)될 수 있는 문제가 발견됨에 따른 리콜,SUV
재규어랜드로버,Range Rover Sports,2016-10-26,2017-08-17,2017-12-29,1114,해당 차량의 계기판 전압을 모니터링하는 소프트웨어 오류로 계기판이 리셋(계기판 화면이 꺼졌다 켜지는)될 수 있는 문제가 발견됨에 따른 리콜,SUV
메르세데스 벤츠,GLA 200 CDI,2013-07-24,2014-01-17,2018-01-11,2,"스티어링 칼럼 모듈의 접지가 불충분한 상태에서, 손상된 클락스프링에 정전기 방전이 발생될 경우 예기치 않은 운전자 에어백 전개가 발생할 수 있습니다.",SUV
메르세데스 벤츠,GLC 220 d 4MATIC Coupe,2016-07-27,2016-09-14,2018-01-18,5,LED 전조등 조사각이 사양에 맞지 않게 조정되었을 수 있습니다.,SUV
메르세데스 벤츠,Mercedes-AMG GLC 43 4MATIC,2016-06-02,2016-11-09,2018-01-18,20,LED 전조등 조사각이 사양에 맞지 않게 조정되었을 수 있습니다.,SUV
메르세데스 벤츠,Mercedes-AMG GLC 43 4MATIC Coupe,2016-08-02,2016-10-29,2018-01-18,5,LED 전조등 조사각이 사양에 맞지 않게 조정되었을 수 있습니다.,SUV
메르세데스 벤츠,GLC 250 d 4MATIC,2016-05-04,2016-11-08,2018-01-18,134,LED 전조등 조사각이 사양에 맞지 않게 조정되었을 수 있습니다.,SUV
메르세데스 벤츠,GLC 250 d 4MATIC Coupe,2016-07-28,2016-11-10,2018-01-18,3,LED 전조등 조사각이 사양에 맞지 않게 조정되었을 수 있습니다.,SUV
메르세데스 벤츠,GLC 220 d 4MATIC,2015-04-27,2016-11-10,2018-01-18,520,LED 전조등 조사각이 사양에 맞지 않게 조정되었을 수 있습니다.,SUV
재규어랜드로버,F-PACE,2016-11-09,2017-03-17,2018-02-09,404,해당 차량의 계기판 전압을 모니터링하는 소프트웨어 오류로 계기판이 리셋(계기판 화면이 꺼졌다 켜지는)될 수 있는 문제가 발견됨에 따른 리콜,SUV
기아,쏘렌토(UM),2017-07-10,2017-10-25,2018-02-09,18447,전원분배 제어컴퓨터 소프트웨어 로직 오류에 의해 공회전 제한 시스템(ISG) 4회 이상 작동 시 주간주행등 소등 가능성,SUV
르노코리아,QM6 2.0 dCi,2016-08-15,2017-02-13,2018-02-12,17890,"QM6 차량의 뒷좌석 등받이 열선의 과열로 시트백이 손상될 가능성이 확인됨 (과열시, 화상 가능성 있음)",SUV
BMW,X5 xDrive30d,2013-04-02,2013-06-27,2018-02-14,95,운전석 및 조수석 에어백 인플레이터의 제작 결함,SUV
메르세데스 벤츠,GLS 350 d 4MATIC,2017-01-05,2017-06-01,2018-02-14,315,특정 차량 좌측 뒤쪽 도어락이 잠긴 위치에 있으나 실제로는 문이 잠기지 않았을 수 있습니다.,SUV
메르세데스 벤츠,GLS 500 4MATIC,2017-04-05,2017-04-05,2018-02-14,1,특정 차량 좌측 뒤쪽 도어락이 잠긴 위치에 있으나 실제로는 문이 잠기지 않았을 수 있습니다.,SUV
BMW,X5 xDrive35i,2010-02-07,2013-06-11,2018-02-14,6,운전석 및 조수석 에어백 인플레이터의 제작 결함,SUV
메르세데스 벤츠,Mercedes-AMG GLE 63 S 4MATIC,2017-01-04,2017-06-06,2018-02-14,74,특정 차량 좌측 뒤쪽 도어락이 잠긴 위치에 있으나 실제로는 문이 잠기지 않았을 수 있습니다.,SUV
BMW,X5 xDrive40d,2013-04-03,2013-04-25,2018-02-14,11,운전석 및 조수석 에어백 인플레이터의 제작 결함,SUV
BMW,X5 xDrive35i,2010-09-07,2012-08-17,2018-02-14,4,운전석 및 조수석 에어백 인플레이터의 제작 결함,SUV
BMW,X5 4.8i,2010-01-13,2010-01-13,2018-02-14,1,운전석 및 조수석 에어백 인플레이터의 제작 결함,SUV
BMW,X5 3.0si,2008-11-03,2008-11-03,2018-02-14,1,운전석 및 조수석 에어백 인플레이터의 제작 결함,SUV
토요타,토요타 시에나 2WD,2013-01-02,2013-12-23,2018-02-22,431,"조수석용 에어백 인플레이터 가스 발생제의 습기 방지가 부적절하여, 온도 및 습도변화의 반복에 의해 가스발생제의 성능이 저하될 가능성이 있음. (조수석용 에어백 인플레이터 [제조사: 타카타社])",MPV/미니밴
토요타,토요타 시에나 4WD,2013-08-26,2013-12-23,2018-02-22,119,"조수석용 에어백 인플레이터 가스 발생제의 습기 방지가 부적절하여, 온도 및 습도변화의 반복에 의해 가스발생제의 성능이 저하될 가능성이 있음. (조수석용 에어백 인플레이터 [제조사: 타카타社])",MPV/미니밴
현대자동차,싼타페(DM),2017-06-15,2017-12-28,2018-02-22,20017,스티어링휠 주물 주조공정 문제로(’17.6/9) 일부 스티어링휠 장착부 강도 저하되어 스티어링휠을 한쪽으로 밀거나 당길 경우 스티어링휠 파손 가능성,SUV
혼다코리아,CR-V,2017-04-18,2017-04-21,2018-02-23,120,연료 공급 파이프 연결 부위의 비드 모양이 잘못되어 파이프가 연결 커넥터에서 분리될 수 있음,SUV
메르세데스 벤츠,AMG GLC 43 4MATIC,2016-06-02,2017-05-17,2018-02-23,152,"스티어링 칼럼 모듈의 접지가 불충분한 상태에서, 손상된 클락스프링에 정전기 방전이 발생될 경우 예기치 않은 운전자 에어백 전개가 발생할 수 있습니다.",SUV
메르세데스 벤츠,GLC 350 e 4MATIC,2017-03-09,2017-06-06,2018-02-23,5,"스티어링 칼럼 모듈의 접지가 불충분한 상태에서, 손상된 클락스프링에 정전기 방전이 발생될 경우 예기치 않은 운전자 에어백 전개가 발생할 수 있습니다.",SUV
메르세데스 벤츠,GLC 300 4MATIC,2015-09-21,2016-02-22,2018-02-23,2,"스티어링 칼럼 모듈의 접지가 불충분한 상태에서, 손상된 클락스프링에 정전기 방전이 발생될 경우 예기치 않은 운전자 에어백 전개가 발생할 수 있습니다.",SUV
메르세데스 벤츠,GLC 250 d 4MATIC,2016-05-04,2017-05-05,2018-02-23,264,"스티어링 칼럼 모듈의 접지가 불충분한 상태에서, 손상된 클락스프링에 정전기 방전이 발생될 경우 예기치 않은 운전자 에어백 전개가 발생할 수 있습니다.",SUV
메르세데스 벤츠,GLC 220 d 4MATIC,2015-04-27,2017-06-07,2018-02-23,4631,"스티어링 칼럼 모듈의 접지가 불충분한 상태에서, 손상된 클락스프링에 정전기 방전이 발생될 경우 예기치 않은 운전자 에어백 전개가 발생할 수 있습니다.",SUV
메르세데스 벤츠,AMG GLC 43 4MATIC Coupe,2016-08-02,2017-05-30,2018-02-23,70,"스티어링 칼럼 모듈의 접지가 불충분한 상태에서, 손상된 클락스프링에 정전기 방전이 발생될 경우 예기치 않은 운전자 에어백 전개가 발생할 수 있습니다.",SUV
메르세데스 벤츠,GLC 250 d 4MATIC Coupe,2016-07-28,2017-06-03,2018-02-23,183,"스티어링 칼럼 모듈의 접지가 불충분한 상태에서, 손상된 클락스프링에 정전기 방전이 발생될 경우 예기치 않은 운전자 에어백 전개가 발생할 수 있습니다.",SUV
메르세데스 벤츠,GLC 220 d 4MATIC Coupe,2016-07-27,2017-06-07,2018-02-23,1232,"스티어링 칼럼 모듈의 접지가 불충분한 상태에서, 손상된 클락스프링에 정전기 방전이 발생될 경우 예기치 않은 운전자 에어백 전개가 발생할 수 있습니다.",SUV
메르세데스 벤츠,Mercedes-AMG GLE 63 4MATIC,2016-05-04,2016-05-18,2018-03-02,7,"격벽의 과잉 발포된 단열재가 전면유리 하단부를 덮을 수 있으며, 본딩에 영향을 줄 수 있습니다.",SUV
메르세데스 벤츠,GLE 350 d 4MATIC,2016-05-04,2016-05-20,2018-03-02,68,"격벽의 과잉 발포된 단열재가 전면유리 하단부를 덮을 수 있으며, 본딩에 영향을 줄 수 있습니다.",SUV
메르세데스 벤츠,GLE 250 d 4MATIC,2016-05-04,2016-06-06,2018-03-02,14,"격벽의 과잉 발포된 단열재가 전면유리 하단부를 덮을 수 있으며, 본딩에 영향을 줄 수 있습니다.",SUV
르노코리아,QM3 1.5 dCi,2017-09-28,2017-10-04,2018-03-09,116,QM3 일부 차량중 프런트 휠허브의 비정상적인 열처리 작업으로 인해 크랙이 발생할 가능성이 발견되었음.,SUV
르노코리아,QM3 1.5 dCi,2017-05-08,2017-07-19,2018-03-09,38,QM3 일부 차량에서 자동 광축조절장치 작동을 위한 오토 레벨링 센서의 초기값이 설정되지 않은 상태로 출고되어 전조등의 자동 광축조절장치 기능이 작동하지 않음.,SUV
메르세데스 벤츠,GLC 250 d 4MATIC,2016-08-02,2016-08-25,2018-03-23,59,특정 차량에서 충돌 시 운전석 및 동반석 안전벨트 프리텐셔너가 전개되어야 하는 상황에서 점화장치가 작동하지 않을 수 있습니다.,SUV
메르세데스 벤츠,GLC 220 d 4MATIC,2016-08-01,2016-08-29,2018-03-23,190,특정 차량에서 충돌 시 운전석 및 동반석 안전벨트 프리텐셔너가 전개되어야 하는 상황에서 점화장치가 작동하지 않을 수 있습니다.,SUV
BMW,X5 M50d,2013-07-18,2013-12-20,2018-03-30,70,운전석 에어백 SDI 인플레이터의 제작 결함,SUV
메르세데스 벤츠,AMG GLA 45 4MATIC,2014-05-30,2016-05-10,2018-03-30,339,"스티어링 칼럼 모듈의 접지가 불충분한 상태에서, 손상된 클락스프링에 정전기 방전이 발생될 경우 예기치 않은 운전자 에어백 전개가 발생할 수 있습니다.",SUV
메르세데스 벤츠,GLA 250 4MATIC,2014-09-25,2015-12-11,2018-03-30,5,"스티어링 칼럼 모듈의 접지가 불충분한 상태에서, 손상된 클락스프링에 정전기 방전이 발생될 경우 예기치 않은 운전자 에어백 전개가 발생할 수 있습니다.",SUV
메르세데스 벤츠,GLA 250,2015-03-03,2015-03-03,2018-03-30,1,"스티어링 칼럼 모듈의 접지가 불충분한 상태에서, 손상된 클락스프링에 정전기 방전이 발생될 경우 예기치 않은 운전자 에어백 전개가 발생할 수 있습니다.",SUV
메르세데스 벤츠,GLA 180 CDI,2014-09-11,2014-09-11,2018-03-30,1,"스티어링 칼럼 모듈의 접지가 불충분한 상태에서, 손상된 클락스프링에 정전기 방전이 발생될 경우 예기치 않은 운전자 에어백 전개가 발생할 수 있습니다.",SUV
메르세데스 벤츠,GLA 200 d,2014-05-30,2016-06-30,2018-03-30,1787,"스티어링 칼럼 모듈의 접지가 불충분한 상태에서, 손상된 클락스프링에 정전기 방전이 발생될 경우 예기치 않은 운전자 에어백 전개가 발생할 수 있습니다.",SUV
메르세데스 벤츠,GLA 200 d 4MATIC,2014-07-07,2016-06-30,2018-03-30,1528,"스티어링 칼럼 모듈의 접지가 불충분한 상태에서, 손상된 클락스프링에 정전기 방전이 발생될 경우 예기치 않은 운전자 에어백 전개가 발생할 수 있습니다.",SUV
BMW,X5 3.0si,2009-11-09,2010-01-21,2018-03-30,4,생산 공정상 문제로 인한 블로우바이히터 PTC 발열체와 구리관의 접합 부분의 미세공간에 수분이 생성 되어 저항이 증가될 가능성이 있습니다.,SUV
BMW,X5 3.0si,2007-02-09,2009-07-22,2018-03-30,21,생산 공정상 문제로 인한 블로우바이히터 PTC 발열체와 구리관의 접합 부분의 미세공간에 수분이 생성 되어 저항이 증가될 가능성이 있습니다.,SUV
BMW,X5 3.0i,2007-03-23,2010-02-23,2018-03-30,824,생산 공정상 문제로 인한 블로우바이히터 PTC 발열체와 구리관의 접합 부분의 미세공간에 수분이 생성 되어 저항이 증가될 가능성이 있습니다.,SUV
재규어랜드로버,E-PACE,2017-09-20,2018-01-29,2018-04-13,36,고압연료레일 엔드캡 부위 용접 불량,SUV
재규어랜드로버,F-PACE,2017-09-12,2017-09-12,2018-04-13,1,고압연료레일 엔드캡 부위 용접 불량,SUV
재규어랜드로버,E-PACE,2017-10-23,2017-11-03,2018-04-13,4,해당 차량의 제조공정 시에 앞바퀴 브레이크 호스 브라켓의 위치가 규격을 벗어나 장착,SUV
기아,니로 플러그인하이브리드(DE PHEV),2017-04-25,2017-06-20,2018-04-26,24,엔진클러치 구동장치 제조 불량으로 오일씰 손상 및 누유로 이물방지용 캡 내부 쇼트 발생,SUV
기아,니로 하이브리드(DE HEV),2016-03-21,2017-08-14,2018-04-26,29964,엔진클러치 구동장치 제조 불량으로 오일씰 손상 및 누유로 이물방지용 캡 내부 쇼트 발생,SUV
메르세데스 벤츠,GLS 350 d 4MATIC,2016-08-12,2016-09-08,2018-05-11,2,특정 차량의 전면 유리 혹은 후면 유리 본딩이 사양을 충족하지 못할 수 있습니다.,SUV
메르세데스 벤츠,Mercedes-AMG GLE 63 4MATIC,2016-06-03,2016-06-03,2018-05-11,1,특정 차량의 전면 유리 혹은 후면 유리 본딩이 사양을 충족하지 못할 수 있습니다.,SUV
메르세데스 벤츠,GLE 350 d 4MATIC,2016-02-20,2016-10-27,2018-05-11,7,특정 차량의 전면 유리 혹은 후면 유리 본딩이 사양을 충족하지 못할 수 있습니다.,SUV
메르세데스 벤츠,GLE 250 d 4MATIC,2016-01-27,2016-10-05,2018-05-11,3,특정 차량의 전면 유리 혹은 후면 유리 본딩이 사양을 충족하지 못할 수 있습니다.,SUV
메르세데스 벤츠,GLA 200 d,2016-06-01,2016-08-12,2018-05-11,2,특정 차량의 전면 유리 혹은 후면 유리 본딩이 사양을 충족하지 못할 수 있습니다.,SUV
메르세데스 벤츠,GLA 200 d 4MATIC,2016-07-04,2016-07-04,2018-05-11,1,특정 차량의 전면 유리 혹은 후면 유리 본딩이 사양을 충족하지 못할 수 있습니다.,SUV
메르세데스 벤츠,GLC 220 d 4MATIC,2016-09-09,2016-10-18,2018-05-11,2,특정 차량의 전면 유리 혹은 후면 유리 본딩이 사양을 충족하지 못할 수 있습니다.,SUV
토요타,토요타 시에나 2WD,2017-10-18,2017-10-18,2018-05-17,1,진공 펌프*의 엔진오일 공급 유로의 가공이 부적절하여 진공 펌프에 엔진오일이 공급되지 않을 가능성이 있음. * 진공 펌프: 브레이크 부스터에 부압을 공급하는 장치,MPV/미니밴
토요타,토요타 시에나 4WD,2017-10-19,2017-10-19,2018-05-17,1,진공 펌프*의 엔진오일 공급 유로의 가공이 부적절하여 진공 펌프에 엔진오일이 공급되지 않을 가능성이 있음. * 진공 펌프: 브레이크 부스터에 부압을 공급하는 장치,MPV/미니밴
메르세데스 벤츠,GLC 220 d 4MATIC,2016-09-14,2016-09-14,2018-05-24,1,"스티어링 칼럼 모듈의 접지가 불충분한 상태에서, 손상된 클락스프링에 정전기가 발생될 경우 예기치 않은 운전자 에어백 전개가 발생할 수 있습니다.",SUV
메르세데스 벤츠,GLA 200 d 4MATIC,2016-07-01,2017-02-23,2018-05-24,271,"스티어링 칼럼 모듈의 접지가 불충분한 상태에서, 손상된 클락스프링에 정전기가 발생될 경우 예기치 않은 운전자 에어백 전개가 발생할 수 있습니다.",SUV
메르세데스 벤츠,GLA 200 d,2016-07-01,2017-05-08,2018-05-24,671,"스티어링 칼럼 모듈의 접지가 불충분한 상태에서, 손상된 클락스프링에 정전기가 발생될 경우 예기치 않은 운전자 에어백 전개가 발생할 수 있습니다.",SUV
메르세데스 벤츠,GLA 220,2016-12-12,2017-06-07,2018-05-24,596,"스티어링 칼럼 모듈의 접지가 불충분한 상태에서, 손상된 클락스프링에 정전기가 발생될 경우 예기치 않은 운전자 에어백 전개가 발생할 수 있습니다.",SUV
메르세데스 벤츠,GLA 250 4MATIC,2017-02-02,2017-04-28,2018-05-24,8,"스티어링 칼럼 모듈의 접지가 불충분한 상태에서, 손상된 클락스프링에 정전기가 발생될 경우 예기치 않은 운전자 에어백 전개가 발생할 수 있습니다.",SUV
메르세데스 벤츠,AMG GLA 45 4MATIC,2016-09-17,2017-06-07,2018-05-24,236,"스티어링 칼럼 모듈의 접지가 불충분한 상태에서, 손상된 클락스프링에 정전기가 발생될 경우 예기치 않은 운전자 에어백 전개가 발생할 수 있습니다.",SUV
기아,카니발(YP),2014-06-17,2018-05-03,2018-05-24,15114,카니발(YP) 일부 차량에서 파워 슬라이딩 도어 반전기준 과다로 도어 닫힘시 내부에서 손가락 등 신체 일부 끼임시 간헐적으로 반전 안되어 상해 가능성이 있는 결함이 발견됨,MPV/미니밴
기아,카니발(YP),2014-06-17,2018-05-03,2018-05-24,209501,카니발(YP) 일부 차량에서 파워 슬라이딩 도어 반전기준 과다로 도어 닫힘시 내부에서 손가락 등 신체 일부 끼임시 간헐적으로 반전 안되어 상해 가능성이 있는 결함이 발견됨,MPV/미니밴
메르세데스 벤츠,Mercedes-AMG GLC 43 4MATIC,2016-06-07,2017-05-17,2018-05-24,146,"DLT (Dynamic Locking Tongue) 기능이 없는 안전벨트가 장착된 차량의 뒷좌석 좌우측 안전벨트 걸쇠가 뒤쪽 기둥 (C 필러) 패널과 뒷좌석 패널 사이로 들어갈 수 있습니다. 이 경우, 뒷좌석 좌우측의 안전벨트를 사용하지 못할 수 있습니다. ※ DLT (Dynamic Locking Tongue): 강한 충돌 시 발생 시 안전벨트가 탑승자를 지지하지 못하고 미끄러지는 현상 발생. 이러한 현상을 방지하여 운전자의 피해를 줄여주는 기능.",SUV
메르세데스 벤츠,GLC 250 d 4MATIC,2016-05-04,2017-05-05,2018-05-24,264,"DLT (Dynamic Locking Tongue) 기능이 없는 안전벨트가 장착된 차량의 뒷좌석 좌우측 안전벨트 걸쇠가 뒤쪽 기둥 (C 필러) 패널과 뒷좌석 패널 사이로 들어갈 수 있습니다. 이 경우, 뒷좌석 좌우측의 안전벨트를 사용하지 못할 수 있습니다. ※ DLT (Dynamic Locking Tongue): 강한 충돌 시 발생 시 안전벨트가 탑승자를 지지하지 못하고 미끄러지는 현상 발생. 이러한 현상을 방지하여 운전자의 피해를 줄여주는 기능.",SUV
메르세데스 벤츠,GLC 220 d 4MATIC,2015-04-28,2017-08-10,2018-05-24,4594,"DLT (Dynamic Locking Tongue) 기능이 없는 안전벨트가 장착된 차량의 뒷좌석 좌우측 안전벨트 걸쇠가 뒤쪽 기둥 (C 필러) 패널과 뒷좌석 패널 사이로 들어갈 수 있습니다. 이 경우, 뒷좌석 좌우측의 안전벨트를 사용하지 못할 수 있습니다. ※ DLT (Dynamic Locking Tongue): 강한 충돌 시 발생 시 안전벨트가 탑승자를 지지하지 못하고 미끄러지는 현상 발생. 이러한 현상을 방지하여 운전자의 피해를 줄여주는 기능.",SUV
볼보,XC90,2015-05-15,2016-04-22,2018-05-25,18,"블리더 호스의 끝 부분 커넥터가 부품 제조 과정 중의 오류(커넥터 제조 틀이 원래 규격에 맞지 않아, 커넥터 반지름이 조금 모자란 체로 제조됨)로 인해, 냉각수 리저버 탱크와 체결되는 힘이 불충분하여 냉각수가 누수 될 수 있습니다.",SUV
르노코리아,QM6 2.0 GDe,2017-08-11,2018-04-23,2018-05-25,12176,QM6 차량의 자동차에어백 경고 문구가 운전석(자동차 안전기준)이 아닌 조수석 햇빛가리개에 표기되어 있음.,SUV
르노코리아,QM6 2.0 dCi,2016-08-13,2018-04-23,2018-05-25,39583,QM6 차량의 자동차에어백 경고 문구가 운전석(자동차 안전기준)이 아닌 조수석 햇빛가리개에 표기되어 있음.,SUV
BMW,X5 M,2009-11-07,2011-08-26,2018-05-31,9,터보차저용 보조 냉각수 펌프 컨트롤 유닛의 제작결함 (전기회로 기판 단락),SUV
BMW,X5 xDrive50i,2010-03-25,2011-08-01,2018-05-31,25,터보차저용 보조 냉각수 펌프 컨트롤 유닛의 제작결함 (전기회로 기판 단락),SUV
BMW,X5 xDrive50i,2011-02-28,2011-02-28,2018-05-31,1,터보차저용 보조 냉각수 펌프 컨트롤 유닛의 제작결함 (전기회로 기판 단락),SUV
혼다코리아,ODYSSEY,2013-11-07,2015-06-05,2018-05-31,703,"시트 등받이를 고정하는 장치(리클라이너) 내부의 제작결함으로, ""워크인 레버(3열로 진입하기 위한 레버)""를 사용하여 등받이를 조정하는 경우, 시트 등받이가 불안정한 상태로 고정되거나 고정되지 않을 수 있음.",MPV/미니밴
기아,카니발(VQ),2005-06-10,2014-04-11,2018-06-14,162319,"일부 차량에서 간헐적 에어컨 응축수 누수로 조수석 플로워 콘솔 내부 릴레이 박스에 수분 유입 시 전기적 쇼트에 의해 화재 발생 가능성이 있는 결함 ※ 릴레이 박스 : 공조기, 시트워머, 자동도어잠금 작동을 위한 장치",MPV/미니밴
기아,카니발(VQ),2005-06-10,2014-04-11,2018-06-14,49867,"일부 차량에서 간헐적 에어컨 응축수 누수로 조수석 플로워 콘솔 내부 릴레이 박스에 수분 유입 시 전기적 쇼트에 의해 화재 발생 가능성이 있는 결함 ※ 릴레이 박스 : 공조기, 시트워머, 자동도어잠금 작동을 위한 장치",MPV/미니밴
메르세데스 벤츠,GLE 250 d 4MATIC,2017-03-28,2017-04-23,2018-06-29,30,변속기 오일 냉각기 파이프의 커넥터의 형태가 사양에 맞지 않을 수 있습니다. 이에 따라 주행 중 파이프가 느슨해지고 변속기 오일이 누출될 수 있습니다.,SUV
메르세데스 벤츠,GLK 220 CDI 4MATIC,2012-03-19,2014-05-21,2018-06-29,4,"스티어링 칼럼 모듈의 접지가 불충분한 상태에서, 손상된 클락스프링에 정전기가 발생될 경우 예기치 않은 운전자 에어백 전개가 발생할 수 있습니다.",SUV
BMW,BMW X5 xDrive30d,2018-06-11,2018-06-11,2018-07-19,1,앞 좌측 하부 위시본의 제작 과정에서 열처리 후 냉각 공정을 정상적으로 거치지 않아 설계된 값보다 강성이 낮은 상태로 생산되었을 가능성이 있습니다.,SUV
혼다코리아,ODYSSEY,2012-10-02,2016-08-08,2018-08-09,1533,"2열 시트를 분리 후 재 장착하는 경우, 뒤쪽 시트 고정장치가 차체 고정부의 잘못된 위치(돌출부)에 장착될 수 있으며 시트가 정확하게 고정되지 않을 수 있음",MPV/미니밴
BMW,BMW X5 xDrive40d,2014-01-11,2015-06-18,2018-08-20,403,"BMW N47, B47, N57 엔진이 장착된 일부차종의 EGR(배출가스재순환장치) 쿨러 결함으로 미세하게 냉각수가 새어 나와 냉각수 성분 중 물은 증발하고, 에틸렌 글리콜(부동액의 주성분)은 남아 있게 되어 배출가스에 있는 오일 성분과 그을음(Soot)이 함께 퇴적되어 EGR 쿨러 내부의 배출가스 통로 일부분을 막아 배출가스 냉각 효율을 저하시키는 현상을 발견 하였습니다. 이러한 경우 고온의 배출가스가 정상적으로 냉각 되지 않은 상태로 흡기다기관으로 전달 되어 일부 국소 부위 표면에 천공 현상이 발생 할 가능성이 있습니다. 또한, 에틸렌 클리콜, 오일, 그을음으로 퇴적된 혼합물이 고온의 배출가스에 의해 자체 온도가 상승하게 된 상태에서 흡기다기관 내부 표면에 점착하게 되면 천공이 발생 할 수 있습니다. 이러한 경우 발생된 천공에서 냉각되지 않은 고온의 배출가스 누설로 인하여 흡기 시스템 주변부의 온도가 높아져 드문 경우에 화재가 발생 할 수 있습니다.",SUV
BMW,BMW X5 xDrive30d,2013-07-20,2015-06-17,2018-08-20,2615,"BMW N47, B47, N57 엔진이 장착된 일부차종의 EGR(배출가스재순환장치) 쿨러 결함으로 미세하게 냉각수가 새어 나와 냉각수 성분 중 물은 증발하고, 에틸렌 글리콜(부동액의 주성분)은 남아 있게 되어 배출가스에 있는 오일 성분과 그을음(Soot)이 함께 퇴적되어 EGR 쿨러 내부의 배출가스 통로 일부분을 막아 배출가스 냉각 효율을 저하시키는 현상을 발견 하였습니다. 이러한 경우 고온의 배출가스가 정상적으로 냉각 되지 않은 상태로 흡기다기관으로 전달 되어 일부 국소 부위 표면에 천공 현상이 발생 할 가능성이 있습니다. 또한, 에틸렌 클리콜, 오일, 그을음으로 퇴적된 혼합물이 고온의 배출가스에 의해 자체 온도가 상승하게 된 상태에서 흡기다기관 내부 표면에 점착하게 되면 천공이 발생 할 수 있습니다. 이러한 경우 발생된 천공에서 냉각되지 않은 고온의 배출가스 누설로 인하여 흡기 시스템 주변부의 온도가 높아져 드문 경우에 화재가 발생 할 수 있습니다.",SUV
메르세데스 벤츠,"AMG GLE 63 4MATIC, ML 63 AMG, ML 63",2011-10-05,2016-06-01,2018-08-23,273,"액티브 커브 시스템 (Active Curve System, ACS)을 위한 오일 탱크에 있는 오일이, 오일 레벨이 최소 미만인 상태에서 다이나믹한 주행상황 하에 거품을 발생시킬 수 있습니다. 오일 거품은 오일 딥스틱 캡의 환기구 구멍을 통해 오일 탱크에서 누출될 수 있습니다.",SUV
메르세데스 벤츠,AMG GLE 63 S 4MATIC,2016-02-08,2016-03-31,2018-08-23,3,"액티브 커브 시스템 (Active Curve System, ACS)을 위한 오일 탱크에 있는 오일이, 오일 레벨이 최소 미만인 상태에서 다이나믹한 주행상황 하에 거품을 발생시킬 수 있습니다. 오일 거품은 오일 딥스틱 캡의 환기구 구멍을 통해 오일 탱크에서 누출될 수 있습니다.",SUV
현대자동차,그랜드 스타렉스,2018-03-06,2018-06-01,2018-09-13,6539,협력사 금형 노후화로 슬라이딩 도어 고정장치 샤프트 치수불량 발생하여 부품 오작동,MPV/미니밴
메르세데스 벤츠,AMG GLA 45 4MATIC,2018-01-25,2018-02-05,2018-09-17,5,에어백 공급업체의 생산공정의 오류로 특정 그룹에서 결함이 있는 에어백이 장착 되었습니다. 운전석 에어백 모듈의 인플레이터 하우징 재료에 결함이 있는 스틸 사용으로 내구성이 저하될 수 있습니다.,SUV
메르세데스 벤츠,GLC 350 e 4MATIC,2018-01-24,2018-01-30,2018-09-17,7,에어백 공급업체의 생산공정의 오류로 특정 그룹에서 결함이 있는 에어백이 장착 되었습니다. 운전석 에어백 모듈의 인플레이터 하우징 재료에 결함이 있는 스틸 사용으로 내구성이 저하될 수 있습니다.,SUV
메르세데스 벤츠,GLC 250 D 4MATIC,2018-01-24,2018-01-30,2018-09-17,8,에어백 공급업체의 생산공정의 오류로 특정 그룹에서 결함이 있는 에어백이 장착 되었습니다. 운전석 에어백 모듈의 인플레이터 하우징 재료에 결함이 있는 스틸 사용으로 내구성이 저하될 수 있습니다.,SUV
메르세데스 벤츠,GLC 250 D 4MATIC,2018-01-30,2018-01-30,2018-09-17,1,에어백 공급업체의 생산공정의 오류로 특정 그룹에서 결함이 있는 에어백이 장착 되었습니다. 운전석 에어백 모듈의 인플레이터 하우징 재료에 결함이 있는 스틸 사용으로 내구성이 저하될 수 있습니다.,SUV
메르세데스 벤츠,GLC 220 D 4MATIC,2018-01-24,2018-01-31,2018-09-17,32,에어백 공급업체의 생산공정의 오류로 특정 그룹에서 결함이 있는 에어백이 장착 되었습니다. 운전석 에어백 모듈의 인플레이터 하우징 재료에 결함이 있는 스틸 사용으로 내구성이 저하될 수 있습니다.,SUV
메르세데스 벤츠,AMG GLC 43 4MATIC,2016-08-02,2016-11-14,2018-09-17,6,"해당 내용은 2017년 8월 21일 MBSP 제 170817-2호로 보고한 건의 대상 차량 추가 건이며, 추가 사유는 조립 공장에서 최초 차량 선정 시 대상차량 리스트에 대한 오류가 있었기 때문입니다. 한국 이외의 국가에도 해당 차량이 존재함을 확인하였습니다. 결함에 대한 내용은 엔진/변속기가 손상되어 시동시 엔진 크랭킹이 불가할 경우에도 계속적인 시동을 시도할 경우 시동 전류 제한기에 매우 높은 전류가 발생될 수 있습니다. 시동 전류 제한기는 일반적인 전류 소비를 위해 설계되었기 때문에, 과열될 수 있습니다.",SUV
메르세데스 벤츠,AMG GLE 63 S 4MATIC,2018-04-23,2018-05-04,2018-09-17,21,"제조업체의 생산공정 상의 오류로 뒷 브레이크 캘리퍼 피스톤이 사양에 맞지 않게 코팅 되었습니다. 코팅중에 발생된 일부 수소 가스가 캘리퍼 피스톤 표면에 머물러 있을 수 있습니다. 이 수소 가스는 뒷 브레이크 유압 라인에 유입될 수 있고, 이로 인해 리어 액슬의 제동 성능이 저하되고 브레이크 페달 행정이 길어질 수 있습니다.",SUV
KG 모빌리티,티볼리,2015-07-01,2018-08-17,2018-09-21,65886,연료 필터에서 고압펌프로 연결되는 연료 공급호스가 흡입공기 유량 센서 와이어링 및 홀더와 간섭되어 장기간 차량 운행시 마모로 인해 연료가 누유 될 가능성 존재,SUV
현대자동차,싼타페(TM),2018-02-15,2018-08-15,2018-10-10,16216,커튼에어백 전개시 말려있던 쿠션이 전개되는 과정에서 쿠션과 에어백 고정 볼트 헤드 모서리부의 간섭으로 쿠션이 손상될 수 있음,SUV
기아,니로 하이브리드,2016-03-10,2017-08-14,2018-10-10,29991,일부 차량 장시간 운행 후 파워릴레이 어셈블리에 장착된 메인릴레이 단자고정부 접촉압력 저하에 의한 발열 발생 가능성,SUV
기아,니로 플러그인하이브리드,2016-10-27,2017-07-14,2018-10-10,150,일부 차량 장시간 운행 후 파워릴레이 어셈블리에 장착된 메인릴레이 단자고정부 접촉압력 저하에 의한 발열 발생 가능성,SUV
메르세데스 벤츠,GLC 220 d 4MATIC Coupe,2018-02-26,2018-05-07,2018-10-26,334,특정 대상 차량의 헤드램프의 LED 방향지시등의 색상이 연분홍색 또는 보라색일 수 있습니다.,SUV
메르세데스 벤츠,GLC 220 d 4MATIC,2018-02-28,2018-04-11,2018-10-26,256,특정 대상 차량의 헤드램프의 LED 방향지시등의 색상이 연분홍색 또는 보라색일 수 있습니다.,SUV
메르세데스 벤츠,GLC 350 e 4MATIC,2018-02-26,2018-04-06,2018-10-26,60,특정 대상 차량의 헤드램프의 LED 방향지시등의 색상이 연분홍색 또는 보라색일 수 있습니다.,SUV
메르세데스 벤츠,Mercedes-AMG GLC 43 4MATIC,2016-06-02,2017-02-16,2018-10-26,6,"DLT (Dynamic Locking Tongue) 기능이 없는 안전벨트가 장착된 차량의 뒷좌석 좌우측 안전벨트 걸쇠가 뒤쪽 기둥 (C 필러) 패널과 뒷좌석 패널 사이로 들어갈 수 있습니다. 이 경우, 뒷좌석 좌우측의 안전벨트를 사용하지 못할 수 있습니다. ※ DLT (Dynamic Locking Tongue): 강한 충돌 시 발생 시 안전벨트가 탑승자를 지지하지 못하고 미끄러지는 현상 발생. 이러한 현상을 방지하여 운전자의 피해를 줄여주는 기능 2018년 11월 14일 추가 : 보호용심은 뒷좌석 양문쪽의 플라스틱 부분 안전벨트가 안으로 들어가는곳에 장착됩니다. 첨부3 작업지시서를 보시면 좀더 이해하시기 쉬울듯 합니다.",SUV
메르세데스 벤츠,GLC 250 d 4MATIC,2017-04-07,2017-04-07,2018-10-26,1,"DLT (Dynamic Locking Tongue) 기능이 없는 안전벨트가 장착된 차량의 뒷좌석 좌우측 안전벨트 걸쇠가 뒤쪽 기둥 (C 필러) 패널과 뒷좌석 패널 사이로 들어갈 수 있습니다. 이 경우, 뒷좌석 좌우측의 안전벨트를 사용하지 못할 수 있습니다. ※ DLT (Dynamic Locking Tongue): 강한 충돌 시 발생 시 안전벨트가 탑승자를 지지하지 못하고 미끄러지는 현상 발생. 이러한 현상을 방지하여 운전자의 피해를 줄여주는 기능 2018년 11월 14일 추가 : 보호용심은 뒷좌석 양문쪽의 플라스틱 부분 안전벨트가 안으로 들어가는곳에 장착됩니다. 첨부3 작업지시서를 보시면 좀더 이해하시기 쉬울듯 합니다.",SUV
르노코리아,QM3 dCi,2018-02-20,2018-02-21,2018-11-21,3,QM3 일부 차량의 배기가스 정화장치와 열을 차폐하는 히트 실드 사이의 용접 불량으로 인하여 배기가스 정화장치에 천공 가능성이 확인됨.,SUV
BMW,BMW X5 xDrive30d,2015-06-10,2017-05-16,2018-11-26,3455,"배기가스재순환장치 냉각기 결함으로 냉각수가 누출 될 수 있고, 그 결과 배기가스재순환장치 냉각기를 통과하는 배출가스와 만나면, 냉각수 중 수분은 증발하고 글리콜만 남게 됩니다. 글리콜은 wave fin구조의 내부, 배기가스재순환장치 냉각기의 입구 근처, 그리고 배기가스재순환장치 냉각기 끝 단에서 배기가스재순환장치 냉각기 내의 그을음과 혼합될 수 있습니다.",SUV
BMW,BMW X5 xDrive40d,2015-06-17,2017-05-15,2018-11-26,815,"배기가스재순환장치 냉각기 결함으로 냉각수가 누출 될 수 있고, 그 결과 배기가스재순환장치 냉각기를 통과하는 배출가스와 만나면, 냉각수 중 수분은 증발하고 글리콜만 남게 됩니다. 글리콜은 wave fin구조의 내부, 배기가스재순환장치 냉각기의 입구 근처, 그리고 배기가스재순환장치 냉각기 끝 단에서 배기가스재순환장치 냉각기 내의 그을음과 혼합될 수 있습니다.",SUV
BMW,BMW X5 M50d,2013-07-18,2017-03-20,2018-11-26,509,"배기가스재순환장치 냉각기 결함으로 냉각수가 누출 될 수 있고, 그 결과 배기가스재순환장치 냉각기를 통과하는 배출가스와 만나면, 냉각수 중 수분은 증발하고 글리콜만 남게 됩니다. 글리콜은 wave fin구조의 내부, 배기가스재순환장치 냉각기의 입구 근처, 그리고 배기가스재순환장치 냉각기 끝 단에서 배기가스재순환장치 냉각기 내의 그을음과 혼합될 수 있습니다.",SUV
혼다코리아,CR-V,2017-02-21,2017-10-11,2018-11-27,2299,"국토교통부 자기인증 적합조사 결과 상기 차량의 도심연비값이 허용 오차를 초과한것으로 판명됨. 법규에 규정된 연료소비율의 일부 시험 조건에 대한 운용상의 해석의 차이로 이번 시험에 사용된 차량의 양산편차, 자동차의 에너지소비효율, 온실가스 배출량 및 연료소비율 시험방법 등에 관한 고시의 제8조에 규정된 시험기관의 시험실과 당사의 시험실간의 차이(랩차이)가 발생하면서 이번 결과에 이르게 된 것으로 추정 중.",SUV
혼다코리아,ODYSSEY,2017-06-19,2018-03-08,2018-11-29,669,리어 래치의 내부 기어 설계가 잘못되어 고착되는 경우 리어 래치가 열린 상태로 유지된다.,MPV/미니밴
혼다코리아,ODYSSEY,2018-04-24,2018-05-17,2018-11-29,246,"리어 브레이크 캘리퍼 내부 피스톤의 도금 및 열처리 공정이 부적절하여, 피스톤 표면에 잔류했던 수소가 브레이크액 내로 스며들어 수소기포가 발생한다.",MPV/미니밴
메르세데스 벤츠,GLE 350 D 4MATIC,2016-01-29,2016-04-04,2018-12-05,4,"에어백 컨트롤 유닛 소프트웨어의 오류로 인해, 에어백 컨트롤 유닛 내의 사고기록장치가 일부 데이터를 저장하지 못할 수 있습니다.",SUV
메르세데스 벤츠,GLS 500 4MATIC,2016-02-22,2016-04-04,2018-12-05,2,"에어백 컨트롤 유닛 소프트웨어의 오류로 인해, 에어백 컨트롤 유닛 내의 사고기록장치가 일부 데이터를 저장하지 못할 수 있습니다.",SUV
메르세데스 벤츠,GLS 350 d 4MATIC,2016-03-04,2016-04-07,2018-12-05,2,"에어백 컨트롤 유닛 소프트웨어의 오류로 인해, 에어백 컨트롤 유닛 내의 사고기록장치가 일부 데이터를 저장하지 못할 수 있습니다.",SUV
메르세데스 벤츠,"AMG GLE 63 4MATIC, ML 63 AMG",2015-03-21,2016-07-22,2018-12-05,162,"에어백 컨트롤 유닛 소프트웨어의 오류로 인해, 에어백 컨트롤 유닛 내의 사고기록장치가 일부 데이터를 저장하지 못할 수 있습니다.",SUV
메르세데스 벤츠,"GLE 350 D 4MATIC, ML 350 BLUETEC 4MATIC",2015-03-20,2016-07-20,2018-12-05,1463,"에어백 컨트롤 유닛 소프트웨어의 오류로 인해, 에어백 컨트롤 유닛 내의 사고기록장치가 일부 데이터를 저장하지 못할 수 있습니다.",SUV
메르세데스 벤츠,"GLE 250 d 4MATIC, ML 250 BLUETEC 4MATIC",2015-07-13,2016-07-25,2018-12-05,792,"에어백 컨트롤 유닛 소프트웨어의 오류로 인해, 에어백 컨트롤 유닛 내의 사고기록장치가 일부 데이터를 저장하지 못할 수 있습니다.",SUV
메르세데스 벤츠,"GLA 200 CDI, GLA 200 d",2015-09-11,2016-06-01,2018-12-05,733,"에어백 컨트롤 유닛 소프트웨어의 오류로 인해, 에어백 컨트롤 유닛 내의 사고기록장치가 일부 데이터를 저장하지 못할 수 있습니다.",SUV
메르세데스 벤츠,AMG GLE 63 S 4MATIC,2016-02-08,2016-03-31,2018-12-05,2,"에어백 컨트롤 유닛 소프트웨어의 오류로 인해, 에어백 컨트롤 유닛 내의 사고기록장치가 일부 데이터를 저장하지 못할 수 있습니다.",SUV
메르세데스 벤츠,"GLA 200 CDI 4MATIC, GLA 200 d 4MATIC",2015-09-02,2016-05-31,2018-12-05,869,"에어백 컨트롤 유닛 소프트웨어의 오류로 인해, 에어백 컨트롤 유닛 내의 사고기록장치가 일부 데이터를 저장하지 못할 수 있습니다.",SUV
현대자동차,코나 전기차,2018-05-11,2018-11-28,2018-12-13,9482,"시동 시 ACU 자가 진단 진행되며, 충돌센서에서 송출하는 정상작동 자가 진단 신호범위를 확인하는 과정에서 특정구간에 있을 시 정상범위이나 불량으로 인식하여 에어백 경고등 점등 및 측면/커튼에어백 미전개 발생 가능성",SUV
포드,2018년식 Explorer,2018-07-29,2018-07-31,2018-12-24,4,생산과정에서 연료라인 압력센서가 연료탱크 점퍼튜브에 제대로 조립되지 않아서 연료가 누출될 수 있음,SUV
현대자동차,코나 전기차,2018-05-11,2018-12-19,2019-01-10,11139,ACU 프로그램 내부 데이터를 주기적으로 처리하는 과정 중 순간적인 전원 불안정 시 ACU 데이터 처리 오류를 고장으로 오인식,SUV
BMW,X5 xDrive 35d,2014-02-05,2017-01-20,2019-01-11,17,"배기가스재순환장치 냉각기 결함으로 냉각수가 누출 될 수 있고, 그 결과 배기가스재순환장치 냉각기를 통과하는 배출가스와 만나면, 냉각수 중 수분은 증발하고 글리콜만 남게 됩니다. 글리콜은 wave fin구조의 내부, 배기가스재순환장치 냉각기의 입구 근처, 그리고 배기가스재순환장치 냉각기 끝 단에서 배기가스재순환장치 냉각기 내의 그을음과 혼합될 수 있습니다. 그 곳에서는 혼합물을 발화시키거나 글로잉 입자(열점)를 발생시킬 수 있는 고온 상태가 발생 할 수 있습니다.",SUV
BMW,X5 xDrive30d,2016-03-24,2016-03-24,2019-01-11,1,"배기가스재순환장치 냉각기 결함으로 냉각수가 누출 될 수 있고, 그 결과 배기가스재순환장치 냉각기를 통과하는 배출가스와 만나면, 냉각수 중 수분은 증발하고 글리콜만 남게 됩니다. 글리콜은 wave fin구조의 내부, 배기가스재순환장치 냉각기의 입구 근처, 그리고 배기가스재순환장치 냉각기 끝 단에서 배기가스재순환장치 냉각기 내의 그을음과 혼합될 수 있습니다. 그 곳에서는 혼합물을 발화시키거나 글로잉 입자(열점)를 발생시킬 수 있는 고온 상태가 발생 할 수 있습니다.",SUV
BMW,BMW X5 xDrive30d,2013-07-20,2017-05-16,2019-01-23,6071,"배기가스 재순환 장치 냉각기 결함으로 냉각수가 누출될 수 있고, 그 결과 배기가스 재순환 장치 냉각기를 통과하는 배출가스와 만나면, 냉각수 중 수분은 증발하고 글리콜만 남게 됩니다. 글리콜은 WAVE FIN 구조의 내부, 배기가스 재순환 장치 냉각기의 입구 근처, 그리고 배기가스 재순환 장치 냉각기 끝 단에서 배기가스 재순환장치 냉각기 내의 그을음과 혼합될 수 있습니다. 그 곳에서는 혼합물을 발화시키거나 글로잉 입자(열점)를 발생시킬 수 있는 고온 상태가 발생 할 수 있습니다. 이러한 과정에 의하여 글로잉 입자가 흡기다기관 안으로 날아가 흡기다기관 표면에 붙게 되고 해당 영역이 용융하여 천공이 생길 가능성이 있습니다.",SUV
BMW,BMW X5 xDrive40d,2014-01-11,2017-05-15,2019-01-23,1218,"배기가스 재순환 장치 냉각기 결함으로 냉각수가 누출될 수 있고, 그 결과 배기가스 재순환 장치 냉각기를 통과하는 배출가스와 만나면, 냉각수 중 수분은 증발하고 글리콜만 남게 됩니다. 글리콜은 WAVE FIN 구조의 내부, 배기가스 재순환 장치 냉각기의 입구 근처, 그리고 배기가스 재순환 장치 냉각기 끝 단에서 배기가스 재순환장치 냉각기 내의 그을음과 혼합될 수 있습니다. 그 곳에서는 혼합물을 발화시키거나 글로잉 입자(열점)를 발생시킬 수 있는 고온 상태가 발생 할 수 있습니다. 이러한 과정에 의하여 글로잉 입자가 흡기다기관 안으로 날아가 흡기다기관 표면에 붙게 되고 해당 영역이 용융하여 천공이 생길 가능성이 있습니다.",SUV
BMW,BMW X5 M50d,2013-07-18,2017-05-15,2019-01-23,509,"배기가스 재순환 장치 냉각기 결함으로 냉각수가 누출될 수 있고, 그 결과 배기가스 재순환 장치 냉각기를 통과하는 배출가스와 만나면, 냉각수 중 수분은 증발하고 글리콜만 남게 됩니다. 글리콜은 WAVE FIN 구조의 내부, 배기가스 재순환 장치 냉각기의 입구 근처, 그리고 배기가스 재순환 장치 냉각기 끝 단에서 배기가스 재순환장치 냉각기 내의 그을음과 혼합될 수 있습니다. 그 곳에서는 혼합물을 발화시키거나 글로잉 입자(열점)를 발생시킬 수 있는 고온 상태가 발생 할 수 있습니다. 이러한 과정에 의하여 글로잉 입자가 흡기다기관 안으로 날아가 흡기다기관 표면에 붙게 되고 해당 영역이 용융하여 천공이 생길 가능성이 있습니다.",SUV
BMW,BMW X5 xDrive 35d,2014-02-05,2017-01-20,2019-01-23,17,"배기가스 재순환 장치 냉각기 결함으로 냉각수가 누출될 수 있고, 그 결과 배기가스 재순환 장치 냉각기를 통과하는 배출가스와 만나면, 냉각수 중 수분은 증발하고 글리콜만 남게 됩니다. 글리콜은 WAVE FIN 구조의 내부, 배기가스 재순환 장치 냉각기의 입구 근처, 그리고 배기가스 재순환 장치 냉각기 끝 단에서 배기가스 재순환장치 냉각기 내의 그을음과 혼합될 수 있습니다. 그 곳에서는 혼합물을 발화시키거나 글로잉 입자(열점)를 발생시킬 수 있는 고온 상태가 발생 할 수 있습니다. 이러한 과정에 의하여 글로잉 입자가 흡기다기관 안으로 날아가 흡기다기관 표면에 붙게 되고 해당 영역이 용융하여 천공이 생길 가능성이 있습니다.",SUV
토요타,토요타 시에나 4WD,2014-01-02,2014-08-29,2019-01-31,271,"조수석용 에어백 인플레이터 가스 발생제의 습기 방지가 부적절하여, 온도 및 습도변화의 반복에 의해 가스발생제의 성능이 저하될 가능성이 있음.",MPV/미니밴
토요타,토요타 시에나 2WD,2014-01-02,2014-08-20,2019-01-31,108,"조수석용 에어백 인플레이터 가스 발생제의 습기 방지가 부적절하여, 온도 및 습도변화의 반복에 의해 가스발생제의 성능이 저하될 가능성이 있음.",MPV/미니밴
BMW,BMW X5 xDrive30d,2016-08-10,2015-03-31,2019-02-13,127,운전석 및 조수석 에어백 인플레이터의 제작결함,SUV
BMW,BMW X5 xDrive40d,2017-06-27,2014-01-11,2019-02-13,1267,운전석 및 조수석 에어백 인플레이터의 제작결함,SUV
BMW,BMW X5 M50d,2017-06-26,2014-02-17,2019-02-13,496,운전석 및 조수석 에어백 인플레이터의 제작결함,SUV
BMW,X5 4.4I,2000-06-21,2003-06-19,2019-02-13,10,운전석 및 조수석 에어백 인플레이터의 제작결함,SUV
BMW,X5 3.0D,2003-02-28,2003-02-28,2019-02-13,1,운전석 및 조수석 에어백 인플레이터의 제작결함,SUV
BMW,X5 3.0I,2000-05-24,2003-09-25,2019-02-13,76,운전석 및 조수석 에어백 인플레이터의 제작결함,SUV
BMW,X5 3.0I,2003-03-07,2003-03-07,2019-02-13,1,운전석 및 조수석 에어백 인플레이터의 제작결함,SUV
BMW,X5 3.0,2001-09-11,2002-12-16,2019-02-13,860,운전석 및 조수석 에어백 인플레이터의 제작결함,SUV
BMW,X5 xDrive30i,2007-07-10,2008-05-20,2019-02-13,3,운전석 및 조수석 에어백 인플레이터의 제작결함,SUV
BMW,X5 xDrive30i,2007-08-03,2007-08-03,2019-02-13,1,운전석 및 조수석 에어백 인플레이터의 제작결함,SUV
BMW,X5 4.4I,2003-09-26,2003-09-26,2019-02-13,4,운전석 및 조수석 에어백 인플레이터의 제작결함,SUV
BMW,X5 3.0,2003-09-29,2003-09-29,2019-02-13,17,운전석 및 조수석 에어백 인플레이터의 제작결함,SUV
BMW,BMW X5 M,2014-11-05,2017-06-27,2019-02-13,86,운전석 및 조수석 에어백 인플레이터의 제작결함,SUV
BMW,BMW X5 xDrive30d,2010-05-01,2010-05-01,2019-02-13,1,운전석 및 조수석 에어백 인플레이터의 제작결함,SUV
BMW,BMW X5 xDrive35i,2011-08-19,2011-08-19,2019-02-13,1,운전석 및 조수석 에어백 인플레이터의 제작결함,SUV
BMW,BMW X5 xDrive35i,2010-11-06,2010-11-06,2019-02-13,1,운전석 및 조수석 에어백 인플레이터의 제작결함,SUV
포드,2011-2017년식 Explorer,2010-05-26,2017-01-24,2019-02-15,17359,토우 링크의 내구성 문제로 험한 도로에서 잦은 극심한 진동 (Full jounce) 및 튀어오르는 증상(Full rebound)으로 리어 서스펜션 토우 링크에 가해지는 힘(굽힘 응력)이 증가하면 파손될 수 있음,SUV
기아,스포티지(SL),2013-09-16,2015-08-24,2019-02-15,33,2.0ℓT-GDI 및 2.4ℓGDI 가솔린 엔진 장착 차량에서 점검 후 엔진 교환 시 고압 연료 파이프 장착 작업 미흡으로 일부 차량 고압 연료 파이프 연결부 기밀력 저하로 누유 발생 가능성,SUV
기아,쏘렌토(UM),2016-05-04,2018-03-16,2019-02-15,5,2.0ℓT-GDI 및 2.4ℓGDI 가솔린 엔진 장착 차량에서 점검 후 엔진 교환 시 고압 연료 파이프 장착 작업 미흡으로 일부 차량 고압 연료 파이프 연결부 기밀력 저하로 누유 발생 가능성,SUV
현대자동차,싼타페(DM),2017-05-31,2017-06-08,2019-02-15,3,2.0ℓT-GDI 및 2.4ℓGDI 가솔린 엔진 장착 차량에서 엔진 점검 후 엔진 교환 시 고압 연료 파이프 장착 작업 미흡으로 일부 차량 고압 연료 파이프 연결부 기밀력 저하로 누유 발생 가능성,SUV
기아,스포티지(SL),2011-03-01,2013-08-30,2019-02-15,209,2.0ℓT-GDI 및 2.4ℓGDI 가솔린 엔진 장착 차량에서 해당 리콜 점검 후 엔진 교환 시 고압 연료 파이프 장착 작업 미흡으로 일부 차량 고압 연료 파이프 연결부 기밀력 저하로 누유 발생 가능성,SUV
BMW,X5 xDrive 30d,2018-10-23,2018-10-23,2019-03-12,1,운전석 안전벨트의 고정볼트가 규정된 조임 힘 (조임 토크)보다 덜 조여진 상태로 생산되었습니다.,SUV
메르세데스 벤츠,GLE 450 4MATIC,2018-07-11,2018-09-18,2019-03-15,1,리어스포일러의 위쪽 부분이 스포일러 본체에 제대로 용접되어 있지 않을 수 있습니다.,SUV
메르세데스 벤츠,GLE 400 d 4MATIC,2018-07-11,2018-07-29,2019-03-15,2,리어스포일러의 위쪽 부분이 스포일러 본체에 제대로 용접되어 있지 않을 수 있습니다.,SUV
메르세데스 벤츠,GLE 300 d 4MATIC,2018-07-12,2018-07-12,2019-03-15,2,리어스포일러의 위쪽 부분이 스포일러 본체에 제대로 용접되어 있지 않을 수 있습니다.,SUV
메르세데스 벤츠,AMG GLC 43 4MATIC Coupe,2017-08-04,2018-05-17,2019-03-20,195,"SOS 비상 전화 시스템(eCall)1을 위한 통신 모듈 소프트웨어에 오류가 있습니다. 1 SOS 비상 전화 시스템(eCall): 운전자가 사고 발생시 자동적으로 또는 SOS 버튼을 수동적으로 눌러 메르세데스-벤츠 비상 센터와 비상 전화로 통화가 가능하며, 현재 차량 위치등의 차량 데이터가 또한 메르세데스-벤츠 비상 센터로 전송됩니다. 이를 통해 사고 발생시 구조팀의 신속한 구조가 실행될 수 있습니다. SOS 비상 전화 시스템(eCall)을 위한 통신 모듈 소프트웨어에 오류가 있는 경우 SOS 비상 전화 시스템(eCall)이 작동되지 않을 수 있습니다.",SUV
메르세데스 벤츠,AMG GLC 43 4MATIC,2017-06-11,2018-04-30,2019-03-20,133,"SOS 비상 전화 시스템(eCall)1을 위한 통신 모듈 소프트웨어에 오류가 있습니다. 1 SOS 비상 전화 시스템(eCall): 운전자가 사고 발생시 자동적으로 또는 SOS 버튼을 수동적으로 눌러 메르세데스-벤츠 비상 센터와 비상 전화로 통화가 가능하며, 현재 차량 위치등의 차량 데이터가 또한 메르세데스-벤츠 비상 센터로 전송됩니다. 이를 통해 사고 발생시 구조팀의 신속한 구조가 실행될 수 있습니다. SOS 비상 전화 시스템(eCall)을 위한 통신 모듈 소프트웨어에 오류가 있는 경우 SOS 비상 전화 시스템(eCall)이 작동되지 않을 수 있습니다.",SUV
메르세데스 벤츠,GLC 350 e 4MATIC,2017-10-10,2018-05-14,2019-03-20,163,"SOS 비상 전화 시스템(eCall)1을 위한 통신 모듈 소프트웨어에 오류가 있습니다. 1 SOS 비상 전화 시스템(eCall): 운전자가 사고 발생시 자동적으로 또는 SOS 버튼을 수동적으로 눌러 메르세데스-벤츠 비상 센터와 비상 전화로 통화가 가능하며, 현재 차량 위치등의 차량 데이터가 또한 메르세데스-벤츠 비상 센터로 전송됩니다. 이를 통해 사고 발생시 구조팀의 신속한 구조가 실행될 수 있습니다. SOS 비상 전화 시스템(eCall)을 위한 통신 모듈 소프트웨어에 오류가 있는 경우 SOS 비상 전화 시스템(eCall)이 작동되지 않을 수 있습니다.",SUV
메르세데스 벤츠,GLC 250 d 4MATIC,2017-08-08,2018-05-17,2019-03-20,347,"SOS 비상 전화 시스템(eCall)1을 위한 통신 모듈 소프트웨어에 오류가 있습니다. 1 SOS 비상 전화 시스템(eCall): 운전자가 사고 발생시 자동적으로 또는 SOS 버튼을 수동적으로 눌러 메르세데스-벤츠 비상 센터와 비상 전화로 통화가 가능하며, 현재 차량 위치등의 차량 데이터가 또한 메르세데스-벤츠 비상 센터로 전송됩니다. 이를 통해 사고 발생시 구조팀의 신속한 구조가 실행될 수 있습니다. SOS 비상 전화 시스템(eCall)을 위한 통신 모듈 소프트웨어에 오류가 있는 경우 SOS 비상 전화 시스템(eCall)이 작동되지 않을 수 있습니다.",SUV
메르세데스 벤츠,GLC 250 d 4MATIC Coupe,2017-06-03,2018-05-17,2019-03-20,120,"SOS 비상 전화 시스템(eCall)1을 위한 통신 모듈 소프트웨어에 오류가 있습니다. 1 SOS 비상 전화 시스템(eCall): 운전자가 사고 발생시 자동적으로 또는 SOS 버튼을 수동적으로 눌러 메르세데스-벤츠 비상 센터와 비상 전화로 통화가 가능하며, 현재 차량 위치등의 차량 데이터가 또한 메르세데스-벤츠 비상 센터로 전송됩니다. 이를 통해 사고 발생시 구조팀의 신속한 구조가 실행될 수 있습니다. SOS 비상 전화 시스템(eCall)을 위한 통신 모듈 소프트웨어에 오류가 있는 경우 SOS 비상 전화 시스템(eCall)이 작동되지 않을 수 있습니다.",SUV
메르세데스 벤츠,GLC 220 d 4MATIC,2017-05-31,2018-05-17,2019-03-20,1499,"SOS 비상 전화 시스템(eCall)1을 위한 통신 모듈 소프트웨어에 오류가 있습니다. 1 SOS 비상 전화 시스템(eCall): 운전자가 사고 발생시 자동적으로 또는 SOS 버튼을 수동적으로 눌러 메르세데스-벤츠 비상 센터와 비상 전화로 통화가 가능하며, 현재 차량 위치등의 차량 데이터가 또한 메르세데스-벤츠 비상 센터로 전송됩니다. 이를 통해 사고 발생시 구조팀의 신속한 구조가 실행될 수 있습니다. SOS 비상 전화 시스템(eCall)을 위한 통신 모듈 소프트웨어에 오류가 있는 경우 SOS 비상 전화 시스템(eCall)이 작동되지 않을 수 있습니다.",SUV
메르세데스 벤츠,GLC 220 d 4MATIC Coupe,2017-06-01,2018-05-17,2019-03-20,1851,"SOS 비상 전화 시스템(eCall)1을 위한 통신 모듈 소프트웨어에 오류가 있습니다. 1 SOS 비상 전화 시스템(eCall): 운전자가 사고 발생시 자동적으로 또는 SOS 버튼을 수동적으로 눌러 메르세데스-벤츠 비상 센터와 비상 전화로 통화가 가능하며, 현재 차량 위치등의 차량 데이터가 또한 메르세데스-벤츠 비상 센터로 전송됩니다. 이를 통해 사고 발생시 구조팀의 신속한 구조가 실행될 수 있습니다. SOS 비상 전화 시스템(eCall)을 위한 통신 모듈 소프트웨어에 오류가 있는 경우 SOS 비상 전화 시스템(eCall)이 작동되지 않을 수 있습니다.",SUV
기아,스포티지(SL),2011-03-07,2013-09-17,2019-03-22,136,2.0ℓT-GDI 및 2.4ℓGDI 가솔린 엔진 장착 차량에서 엔진 수리 시 고압 연료 파이프 장착 작업 미흡으로 일부 차량 고압 연료 파이프 연결부 기밀력 저하로 누유 발생 가능성,SUV
BMW,X7 xDrive30d,2018-12-22,2019-01-02,2019-04-01,6,"승차 및 실내장치, 2열 시트레일 고정볼트가 생산공정의 오류로 인하여 규정토크(42Nm)에 맞지 않게 덜 조여졌을 가능성이 있습니다.",SUV
메르세데스 벤츠,GLE 300 d 4MATIC,2018-07-12,2018-07-12,2019-04-05,1,테일게이트 스핀들 드라이브의 커버가 사양에 맞지 않을 수 있습니다.,SUV
메르세데스 벤츠,GLE 400 d 4MATIC,2018-07-29,2018-07-29,2019-04-05,1,테일게이트 스핀들 드라이브의 커버가 사양에 맞지 않을 수 있습니다.,SUV
메르세데스 벤츠,GLA 220,2018-06-25,2018-07-18,2019-04-05,26,"특정 대상차량에 파노라믹 선루프 접착제가 제대로 도포되지 않은 경우 약간의 누수가 발생할 수 있습니다. 윈도우 에어백 근처에 습기가 차게 되면, 이로 인한 점화 장치 손상이 발생할 수 있고 이는 윈도우 에어백이 의도대로 전개되지 않을 수 있습니다.",SUV
메르세데스 벤츠,GLA 250 4MATIC,2018-07-11,2018-07-16,2019-04-05,3,"특정 대상차량에 파노라믹 선루프 접착제가 제대로 도포되지 않은 경우 약간의 누수가 발생할 수 있습니다. 윈도우 에어백 근처에 습기가 차게 되면, 이로 인한 점화 장치 손상이 발생할 수 있고 이는 윈도우 에어백이 의도대로 전개되지 않을 수 있습니다.",SUV
현대자동차,그랜드스타렉스(TQ),2013-08-16,2019-03-23,2019-04-12,54161,그랜드스타렉스(TQ) 웨건 17인치 타이어 장착 차량에서 최고속도제한 법규 기준을 초과하는 부적합 결함 발생 (110.4KPH) (승합차 최고속도제한 법규 기준 : 110KPH),MPV/미니밴
재규어랜드로버,재규어 F-PACE,2015-12-16,2016-10-17,2019-04-25,821,"다카타사에서 공급한 운전석 에어백(건조제가 없는 질산암모늄 인플레이터 사용)이 높은 습도에 수년간 노출될 경우, 에어백 전개 시 압력이 과도할 수 있음.",SUV
메르세데스 벤츠,GLC 350 e 4MATIC,2018-07-18,2018-07-24,2019-04-25,5,"공급업체의 생산 공정상의 오류로 인해, 특정 전동식 파워 스티어링 위치 센서에 결함이 있을 수 있습니다. 로터 위치 센서에 장착되는 자석에 사용되는 스틸 볼트(샤프트)가 경화 과정에서, 충분히 경화되지 않았을 수 있습니다. 이는 다량의 볼트가 한꺼번에 오븐에서 경화되어 발생한 문제입니다. 제대로 경화되지 않은 스틸 볼트는, 프레스 인(press-in) 과정에서 모양이 변형되었을 수 있습니다. 이 과정에서 손상된 자석이 장착되었을 수 있으며, 시간이 지남에 따라 위치 감지 오류가 발생할 수 있습니다. 특정 차량의 전동식 파워 스티어링 위치 센서가 사양을 충족하지 못하여 위치를 제대로 감지하지 못 할 수 있습니다. 전동식 파워 스티어링 위치 센서는 전기 모터 내의 로터 위치를 감지하는 역할을 하는 장치입니다.",SUV
메르세데스 벤츠,AMG GLC 43 4MATIC,2018-07-26,2018-07-28,2019-04-25,2,"공급업체의 생산 공정상의 오류로 인해, 특정 전동식 파워 스티어링 위치 센서에 결함이 있을 수 있습니다. 로터 위치 센서에 장착되는 자석에 사용되는 스틸 볼트(샤프트)가 경화 과정에서, 충분히 경화되지 않았을 수 있습니다. 이는 다량의 볼트가 한꺼번에 오븐에서 경화되어 발생한 문제입니다. 제대로 경화되지 않은 스틸 볼트는, 프레스 인(press-in) 과정에서 모양이 변형되었을 수 있습니다. 이 과정에서 손상된 자석이 장착되었을 수 있으며, 시간이 지남에 따라 위치 감지 오류가 발생할 수 있습니다. 특정 차량의 전동식 파워 스티어링 위치 센서가 사양을 충족하지 못하여 위치를 제대로 감지하지 못 할 수 있습니다. 전동식 파워 스티어링 위치 센서는 전기 모터 내의 로터 위치를 감지하는 역할을 하는 장치입니다.",SUV
메르세데스 벤츠,GLC 300 4MATIC,2018-08-01,2018-08-08,2019-04-25,5,"공급업체의 생산 공정상의 오류로 인해, 특정 전동식 파워 스티어링 위치 센서에 결함이 있을 수 있습니다. 로터 위치 센서에 장착되는 자석에 사용되는 스틸 볼트(샤프트)가 경화 과정에서, 충분히 경화되지 않았을 수 있습니다. 이는 다량의 볼트가 한꺼번에 오븐에서 경화되어 발생한 문제입니다. 제대로 경화되지 않은 스틸 볼트는, 프레스 인(press-in) 과정에서 모양이 변형되었을 수 있습니다. 이 과정에서 손상된 자석이 장착되었을 수 있으며, 시간이 지남에 따라 위치 감지 오류가 발생할 수 있습니다. 특정 차량의 전동식 파워 스티어링 위치 센서가 사양을 충족하지 못하여 위치를 제대로 감지하지 못 할 수 있습니다. 전동식 파워 스티어링 위치 센서는 전기 모터 내의 로터 위치를 감지하는 역할을 하는 장치입니다.",SUV
BMW,X5 xDrive30i,2009-10-12,2009-10-12,2019-04-29,1,생산 공정상 문제로 인한 블로우바이히터 PTC 발열체와 구리관의 접합 부분의 미세공간에 수분이 생성 되어 저항이 증가될 가능성이 있습니다.,SUV
BMW,X5 xDrive30i,2007-02-02,2008-08-04,2019-04-29,8,생산 공정상 문제로 인한 블로우바이히터 PTC 발열체와 구리관의 접합 부분의 미세공간에 수분이 생성 되어 저항이 증가될 가능성이 있습니다.,SUV
혼다코리아,CR-V,2005-02-01,2006-07-07,2019-05-01,1,"혼다자동차는 상기 차량의 운전석 에어백 인플레이터의 결함으로 2015년 7월부터 리콜을 실시하였으나, 리콜수리에 사용된 교체 부품이(인플레이터) 생산 과정에서 다량의 습기가 포함된 건조제가 사용되어 추진체의 표면이 약화되고 폭발 압력이 증가될 수 있으며, 충돌에 따른 에어백 전개 시 과도한 압력이 발생하여 에어백 인플레이터의 용기가 파손되는 경우 탑승객의 심각한 부상 우려가 있어 제작결함 시정을 아래와 같이 보고함.",SUV
혼다코리아,CR-V,2005-02-01,2006-07-07,2019-05-01,3,"혼다자동차는 상기 차량의 운전석 에어백 인플레이터의 결함으로 2015년 7월부터 리콜을 실시하였으나, 리콜수리에 사용된 교체 부품이(인플레이터) 생산 과정에서 다량의 습기가 포함된 건조제가 사용되어 추진체의 표면이 약화되고 폭발 압력이 증가될 수 있으며, 충돌에 따른 에어백 전개 시 과도한 압력이 발생하여 에어백 인플레이터의 용기가 파손되는 경우 탑승객의 심각한 부상 우려가 있어 제작결함 시정을 아래와 같이 보고함.",SUV
볼보,XC90(16년식),2014-08-27,2016-04-24,2019-05-20,22,"16년식 2세대 XC90 일부 차량에서 냉각수 블리더 호스 재질(*폴리아미드)의 내구성이 특정 온도와 습도 조건에 적합하지 않다는 것을 발견하였습니다. 이로 인해 시간이 경과함에 따라 호스의 성능이 저하되고 균열이 생길 수가 있습니다. *폴리아미드(Polyamide): 일반적으로 내열 온도가 100°C 이상인 엔지니어링 플라스틱(Engineering Plastics)의 한 종류로서, 역학적 강도가 높고 내열성, 내충격성 등이 우수하다.",SUV
KG 모빌리티,"티볼리, 티볼리에어",2019-02-18,2019-04-30,2019-05-27,721,연료 탱크에서 엔진쪽으로 연결되는 연료 공급 파이프의 불완전 체결로 인한 연료 누유 발생,SUV
KG 모빌리티,"티볼리, 티볼리에어",2019-02-18,2019-04-30,2019-05-27,2994,연료 탱크에서 엔진쪽으로 연결되는 연료 공급 파이프의 불완전 체결로 인한 연료 누유 발생,SUV
혼다코리아,ODYSSEY,2018-07-10,2018-11-14,2019-05-29,630,타이밍 벨트 결함이 발생하여 벨트의 코그(벨트와 기어가 맞물리는 부분)부분이 파손 되는 경우 엔진 작동 타이밍이 불규칙하게 되어 엔진내부손상(밸브와 피스톤이 부딪힐 수 있음)이 발생될 수 있으며 이로 인해 엔진이 정지하여 사고 위험이 증가하고 안전운전에 영향을 끼칠 수 있음,MPV/미니밴
BMW,BMW X5 xDrive40d,2014-01-15,2015-06-17,2019-05-31,102,"배기가스 재순환 장치 냉각기 결함으로 냉각수가 누출될 수 있고, 그 결과 배기가스 재순환 장치 냉각기를 통과하는 배출가스와 만나면, 냉각수 중 수분은 증발하고 글리콜만 남게 됩니다. 글리콜은 WAVE FIN 구조의 내부, 배기가스 재순환 장치 냉각기의 입구 근처, 그리고 배기가스 재순환 장치 냉각기 끝 단에서 배기가스 재순환장치 냉각기 내의 그을음과 혼합될 수 있습니다. 그 곳에서는 혼합물을 발화시키거나 글로잉 입자(열점)를 발생시킬 수 있는 고온 상태가 발생 할 수 있습니다. 이러한 과정에 의하여 글로잉 입자가 흡기다기관 안으로 날아가 흡기다기관 표면에 붙게 되고 해당 영역이 용융하여 천공이 생길 가능성이 있습니다.",SUV
BMW,BMW X5 xDrive30d,2013-07-22,2015-06-16,2019-05-31,411,"배기가스 재순환 장치 냉각기 결함으로 냉각수가 누출될 수 있고, 그 결과 배기가스 재순환 장치 냉각기를 통과하는 배출가스와 만나면, 냉각수 중 수분은 증발하고 글리콜만 남게 됩니다. 글리콜은 WAVE FIN 구조의 내부, 배기가스 재순환 장치 냉각기의 입구 근처, 그리고 배기가스 재순환 장치 냉각기 끝 단에서 배기가스 재순환장치 냉각기 내의 그을음과 혼합될 수 있습니다. 그 곳에서는 혼합물을 발화시키거나 글로잉 입자(열점)를 발생시킬 수 있는 고온 상태가 발생 할 수 있습니다. 이러한 과정에 의하여 글로잉 입자가 흡기다기관 안으로 날아가 흡기다기관 표면에 붙게 되고 해당 영역이 용융하여 천공이 생길 가능성이 있습니다.",SUV
혼다코리아,ODYSSEY,2017-06-19,2019-01-11,2019-06-05,1880,"① 차량의 배터리 연결 케이블이 느슨하게 설치됨 (공장 생산시, 서비스 센터 점검 시, 고객이 직접 배터리 점검시 등의 사유) ② 배터리 성능이 과도하게 약화되어 배터리 점프를 통해서 시동 후 주행하는 경우 ③ 차량 시스템 전압이 6V 미만으로 낮아지는 경우 TCU는 운행이 불가하다고 판단하여 현재 기어 및 주행조건에 관계없이 P(모드)로 변속하는 소프트웨어. - 원인 ① 또는 ② 상태에서 차량 냉각팬 2개가 동시에 작동하게 되면 높은 전류가 소모되어 차량의 시스템 전압이 일시적으로 낮아질 수 있으며, 시스템 전압이 과도하게 낮아지는 경우(6V 미만) TCU는 주행 조건에 관계없이 기어를 P(모드)로 변속함.",MPV/미니밴
기아,스포티지(QL),2019-05-09,2019-05-10,2019-06-10,31,타이로드엔드 부품에 링와셔를 정상적으로 조립 했는지를 검사하는 검사장비가 고장이 발생하여 정상 조립 여부를 알 수 없음,SUV
현대자동차,투싼(TL),2019-05-09,2019-05-20,2019-06-10,92,타이로드엔드 부품에 링와셔를 정상적으로 조립 했는지를 검사하는 검사장비가 고장이 발생하여 정상 조립 여부를 알 수 없음,SUV
기아,니로 (DE PE),2019-03-04,2019-04-30,2019-06-14,2498,스마트 크루즈 컨트롤 작동시 특정 주행 도로의 코너 곡률 정보 처리 가능 용량 초과로 소프트웨어 오류 발생하여 크루즈컨트롤 기능 해제 되지 않아 스마트 크루즈 가감속 제어 및 차간 거리 유지가 되지 않는 현상 발생,SUV
재규어랜드로버,재규어 I-PACE,2018-01-08,2019-04-04,2019-06-19,122,주제동장치의 일부로 작동되는 전기회생제동장치는 해당 안전기준에 따라 전기회생제동력이 해제되는 경우(예-전기회생제동장치 고장시) 마찰제동력이 작동하여 1초 내에 해제 당시 요구제동력의 75% 이상 도달 하여야 함. 본 결함의 경우 제동제어모듈 소프트웨어 오류로 인해 약1.4초 소요되어 안전기준 부적합.,SUV
BMW,X7 xDrive30d,2018-12-21,2019-04-02,2019-06-21,17,차량 생산과정에서의 오류로 인하여 에어백 장착 상태가 정상적인 위치가 아닌 꼬인 상태로 장착된 것이 확인되었습니다.,SUV
BMW,X7 xDrive40i,2019-04-02,2019-04-02,2019-06-21,1,차량 생산과정에서의 오류로 인하여 에어백 장착 상태가 정상적인 위치가 아닌 꼬인 상태로 장착된 것이 확인되었습니다.,SUV
BMW,X7 M50d,2018-12-15,2019-03-30,2019-06-21,3,차량 생산과정에서의 오류로 인하여 에어백 장착 상태가 정상적인 위치가 아닌 꼬인 상태로 장착된 것이 확인되었습니다.,SUV
BMW,BMW X5 xDrive40d,2014-01-21,2015-06-10,2019-06-28,23,"배기가스 재순환 장치 냉각기 결함으로 냉각수가 누출될 수 있고, 그 결과 배기가스 재순환 장치 냉각기를 통과하는 배출가스와 만나면, 냉각수 중 수분은 증발하고 글리콜만 남게 됩니다. 글리콜은 WAVE FIN 구조의 내부, 배기가스 재순환 장치 냉각기의 입구 근처, 그리고 배기가스 재순환 장치 냉각기 끝 단에서 배기가스 재순환장치 냉각기 내의 그을음과 혼합될 수 있습니다. 그 곳에서는 혼합물을 발화시키거나 글로잉 입자(열점)를 발생시킬 수 있는 고온 상태가 발생 할 수 있습니다. 이러한 과정에 의하여 글로잉 입자가 흡기다기관 안으로 날아가 흡기다기관 표면에 붙게 되고 해당 영역이 용융하여 천공이 생길 가능성이 있습니다.",SUV
BMW,BMW X5 xDrive30d,2013-07-24,2015-06-14,2019-06-28,157,"배기가스 재순환 장치 냉각기 결함으로 냉각수가 누출될 수 있고, 그 결과 배기가스 재순환 장치 냉각기를 통과하는 배출가스와 만나면, 냉각수 중 수분은 증발하고 글리콜만 남게 됩니다. 글리콜은 WAVE FIN 구조의 내부, 배기가스 재순환 장치 냉각기의 입구 근처, 그리고 배기가스 재순환 장치 냉각기 끝 단에서 배기가스 재순환장치 냉각기 내의 그을음과 혼합될 수 있습니다. 그 곳에서는 혼합물을 발화시키거나 글로잉 입자(열점)를 발생시킬 수 있는 고온 상태가 발생 할 수 있습니다. 이러한 과정에 의하여 글로잉 입자가 흡기다기관 안으로 날아가 흡기다기관 표면에 붙게 되고 해당 영역이 용융하여 천공이 생길 가능성이 있습니다.",SUV
혼다코리아,CR-V,2018-11-30,2019-03-08,2019-07-03,756,1. 스티어링 휠 생산 시 금속 가공 면의 마감 처리가 충분하지 못 하여 날카로운 부분이 발생될 수 있음 2. SRS 에어백 관련 하네스 설치 방향이 잘못되어 스티어링 휠 안쪽 금속 가공 면에 눌릴 수 있음,SUV
포드,2014MY Explorer,2014-02-04,2014-04-07,2019-07-12,5,토우 링크의 내구성 문제로 험한 도로에서 잦은 극심한 진동 (Full jounce) 및 튀어오르는 증상(Full rebound)으로 리어 서스펜션 토우 링크에 가해지는 힘(굽힘 응력)이 증가하면 파손될 수 있음,SUV
메르세데스 벤츠,GLE 400 d 4MATIC,2018-07-11,2018-07-29,2019-07-17,2,"조수석의 온도가 극단적으로 높으면(85°C 이상의 고온), 에어백 가스 발생기의 압력이 빠르게 높아질 수 있습니다. 이는 에어백 전개 양상 및 속도에 영향을 줄 수 있습니다. 만일 에어백 쿠션이 올바르지 않은 방법으로 접혀있는 경우, 에어백이 불완전하게 전개될 수 있습니다.",SUV
메르세데스 벤츠,GLE 450 4MATIC,2018-09-10,2018-09-18,2019-07-17,2,"조수석의 온도가 극단적으로 높으면(85°C 이상의 고온), 에어백 가스 발생기의 압력이 빠르게 높아질 수 있습니다. 이는 에어백 전개 양상 및 속도에 영향을 줄 수 있습니다. 만일 에어백 쿠션이 올바르지 않은 방법으로 접혀있는 경우, 에어백이 불완전하게 전개될 수 있습니다.",SUV
메르세데스 벤츠,GLE 300 d 4MATIC,2018-07-12,2018-07-12,2019-07-17,2,"조수석의 온도가 극단적으로 높으면(85°C 이상의 고온), 에어백 가스 발생기의 압력이 빠르게 높아질 수 있습니다. 이는 에어백 전개 양상 및 속도에 영향을 줄 수 있습니다. 만일 에어백 쿠션이 올바르지 않은 방법으로 접혀있는 경우, 에어백이 불완전하게 전개될 수 있습니다.",SUV
메르세데스 벤츠,GLE 300 d 4MATIC,2018-07-12,2018-07-12,2019-07-17,2,"생산 공정 상의 오류로 용접 로봇에 잘못된 출력값(용접 전류, 각도, 접촉 압력)이 입력되어, 조수석 바닥의 용접 스터드가 제대로 용접되지 않았을 수 있습니다. 결과적으로 조수석 바닥에 작은 구멍이 생겼을 수 있습니다.",SUV
메르세데스 벤츠,GLE 400 d 4MATIC,2018-07-11,2018-07-29,2019-07-17,2,"생산 공정 상의 오류로 용접 로봇에 잘못된 출력값(용접 전류, 각도, 접촉 압력)이 입력되어, 조수석 바닥의 용접 스터드가 제대로 용접되지 않았을 수 있습니다. 결과적으로 조수석 바닥에 작은 구멍이 생겼을 수 있습니다.",SUV
메르세데스 벤츠,GLE 450 4MATIC,2018-09-18,2018-09-18,2019-07-17,1,"생산 공정 상의 오류로 용접 로봇에 잘못된 출력값(용접 전류, 각도, 접촉 압력)이 입력되어, 조수석 바닥의 용접 스터드가 제대로 용접되지 않았을 수 있습니다. 결과적으로 조수석 바닥에 작은 구멍이 생겼을 수 있습니다.",SUV
혼다코리아,CR-V,2019-03-04,2019-04-01,2019-08-07,213,[대상대수 213대 추가 건] 1. 스티어링 휠 생산 시 금속 가공 면의 마감 처리가 충분하지 못 하여 날카로운 부분이 발생될 수 있음 2. SRS 에어백 관련 하네스 설치 방향이 잘못되어 스티어링 휠 안쪽 금속 가공 면에 눌릴 수 있음,SUV
토요타,토요타 RAV4 하이브리드 2WD,2019-04-26,2019-05-29,2019-08-29,67,"브레이크 부스터* 펌프의 펌프모터가 부적절하게** 제조되어 모터가 작동하지 않을 가능성이 있음. 이 경우 VSC(자동차안정성제어장치)가 작동하지 않아 「자동차 및 자동차부품의 성능과 기준에 관한 규칙」제15조의2의 규정을 만족하지 않을 수 있음. *브레이크 페달의 밟는 힘을 증가시키기 위한 브레이크 유압을 공급하는 장치 **(참고) 펌프모터의 브러쉬를 고정하는 홀더의 성형이 부적절하여, 브러쉬가 홀더에 걸려 펌프모터에 전기가 흐르지 않게 되므로, 펌프모터가 작동 되지 않을 가능성이 있음.",SUV
토요타,토요타 RAV4 하이브리드 AWD,2019-04-26,2019-05-30,2019-08-29,283,"브레이크 부스터* 펌프의 펌프모터가 부적절하게** 제조되어 모터가 작동하지 않을 가능성이 있음. 이 경우 VSC(자동차안정성제어장치)가 작동하지 않아 「자동차 및 자동차부품의 성능과 기준에 관한 규칙」제15조의2의 규정을 만족하지 않을 수 있음. *브레이크 페달의 밟는 힘을 증가시키기 위한 브레이크 유압을 공급하는 장치 **(참고) 펌프모터의 브러쉬를 고정하는 홀더의 성형이 부적절하여, 브러쉬가 홀더에 걸려 펌프모터에 전기가 흐르지 않게 되므로, 펌프모터가 작동 되지 않을 가능성이 있음.",SUV
메르세데스 벤츠,GLA 250 4MATIC,2018-07-11,2018-07-16,2019-09-05,3,자석 중앙 안전벨트 엔드 피팅(End fitting)이 사양에 맞게 볼트로 고정되지 않았을 수 있습니다.,SUV
메르세데스 벤츠,GLA 220,2018-06-25,2018-08-29,2019-09-05,41,자석 중앙 안전벨트 엔드 피팅(End fitting)이 사양에 맞게 볼트로 고정되지 않았을 수 있습니다.,SUV
메르세데스 벤츠,GLS 400 d 4MATIC,2019-01-25,2019-01-25,2019-09-05,2,"조립 공정상 오류로 인해, 에어컨 응축수 호스가 정확히 설치되지 않았을 수 있습니다.",SUV
메르세데스 벤츠,GLE 450 4MATIC,2018-09-18,2019-08-01,2019-09-05,56,"조립 공정상 오류로 인해, 에어컨 응축수 호스가 정확히 설치되지 않았을 수 있습니다.",SUV
메르세데스 벤츠,GLE 300 d 4Matic,2019-01-23,2019-08-02,2019-09-05,471,"조립 공정상 오류로 인해, 에어컨 응축수 호스가 정확히 설치되지 않았을 수 있습니다.",SUV
KG 모빌리티,티볼리(G1.5 GDI),2019-03-01,2019-07-31,2019-09-06,4494,일부 특정 주행 Mode에서 정차 후 차량 출발 시 ECU가 센서 신호를 민감하게 인지하여 엔진 출력을 저하시켜 출발 지연 현상이 발생됨,SUV
BMW,X5 xDrive30d,2019-08-09,2019-08-09,2019-09-27,1,"BMW X5 xDrive30d 모델 중 일부 차량에서 스티어링기어의 제작결함이 발견 되었습니다. 스티어링기어는 랙과 피니언의 구조로 작동 됩니다. 운전자가 조향 휠(핸들)을 회전시키면 연결된 스티어링칼럼이 회전하고 피니언기어가 회전하며 랙이 좌, 우로 움직이며 차량이 선회 하게 됩니다. 해당 결함은 랙을 생산하는 당시 생산공정상 열처리 과정의 오류로 200~240℃에 도달한 상태에서 열처리가 되지 않고 100℃에서 열처리가 되었습니다.",SUV
메르세데스 벤츠,ML 300 CDI 4MATIC,2009-07-15,2010-09-20,2019-09-27,291,"에어백 제조사인 TAKATA사의 결함보고서에 따르면, 특정 차량에 장착된 에어백에서 에어백 인플레이터 하우징이 과도한 내부 압력으로 인해 전개 시 파열될 수 있으며 차량이 장시간 높은 절대 습도에 노출 된 경우에 발생할 가능성이 높다고 합니다. TAKATA사가 미국 NHTSA에 제출한 질산암모늄을 사용한 에어백 인플레이터의 안전 결함 가능성과 관련된 결함보고서로 인해, 다임러사는 잠재적으로 영향을 받는 대상차량들에 대해 예방적인 차원으로 제작결함시정을 실시합니다.",SUV
메르세데스 벤츠,ML 300 CDI 4MATIC,2010-08-05,2011-05-06,2019-09-27,295,"에어백 제조사인 TAKATA사의 결함보고서에 따르면, 특정 차량에 장착된 에어백에서 에어백 인플레이터 하우징이 과도한 내부 압력으로 인해 전개 시 파열될 수 있으며 차량이 장시간 높은 절대 습도에 노출 된 경우에 발생할 가능성이 높다고 합니다. TAKATA사가 미국 NHTSA에 제출한 질산암모늄을 사용한 에어백 인플레이터의 안전 결함 가능성과 관련된 결함보고서로 인해, 다임러사는 잠재적으로 영향을 받는 대상차량들에 대해 예방적인 차원으로 제작결함시정을 실시합니다.",SUV
메르세데스 벤츠,GLE 450 4MATIC,2018-08-01,2018-09-18,2019-09-27,3,사용자 매뉴얼에 3열 좌석의 머리 지지대의 조정 방법에 대한 설명이 누락되어 있습니다.,SUV
메르세데스 벤츠,GLE 400 d 4MATIC,2018-07-11,2018-07-29,2019-09-27,3,사용자 매뉴얼에 3열 좌석의 머리 지지대의 조정 방법에 대한 설명이 누락되어 있습니다.,SUV
메르세데스 벤츠,GLE 300 d 4MATIC,2018-07-27,2018-07-27,2019-09-27,1,사용자 매뉴얼에 3열 좌석의 머리 지지대의 조정 방법에 대한 설명이 누락되어 있습니다.,SUV
메르세데스 벤츠,GLE 300 d 4Matic,2019-04-15,2019-04-17,2019-09-27,5,특정 대상 차량의 연료 탱크와 연료 주입파이프간의 연결부위에서 연료가 샐 수 있습니다.,SUV
BMW,X5 xDrive40d,2014-12-12,2017-05-15,2019-10-29,199,"배기가스 재순환 장치 냉각기 결함으로 냉각수가 누출될 수 있고, 그 결과 배기가스 재순환 장치 냉각기를 통과하는 배출가스와 만나면, 냉각수 중 수분은 증발하고 글리콜만 남게 됩니다. 글리콜은 WAVE FIN 구조의 내부, 배기가스 재순환 장치 냉각기의 입구 근처, 그리고 배기가스 재순환 장치 냉각기 끝 단에서 배기가스 재순환장치 냉각기 내의 그을음과 혼합될 수 있습니다. 그 곳에서는 혼합물을 발화시키거나 글로잉 입자(열점)를 발생시킬 수 있는 고온 상태가 발생 할 수 있습니다. 이러한 과정에 의하여 글로잉 입자가 흡기다기관 안으로 날아가 흡기다기관 표면에 붙게 되고 해당 영역이 용융하여 천공이 생길 가능성이 있습니다.",SUV
BMW,X5 xDrive30d,2014-03-27,2017-05-09,2019-10-29,400,"배기가스 재순환 장치 냉각기 결함으로 냉각수가 누출될 수 있고, 그 결과 배기가스 재순환 장치 냉각기를 통과하는 배출가스와 만나면, 냉각수 중 수분은 증발하고 글리콜만 남게 됩니다. 글리콜은 WAVE FIN 구조의 내부, 배기가스 재순환 장치 냉각기의 입구 근처, 그리고 배기가스 재순환 장치 냉각기 끝 단에서 배기가스 재순환장치 냉각기 내의 그을음과 혼합될 수 있습니다. 그 곳에서는 혼합물을 발화시키거나 글로잉 입자(열점)를 발생시킬 수 있는 고온 상태가 발생 할 수 있습니다. 이러한 과정에 의하여 글로잉 입자가 흡기다기관 안으로 날아가 흡기다기관 표면에 붙게 되고 해당 영역이 용융하여 천공이 생길 가능성이 있습니다.",SUV
BMW,X5 xDrive 35d,2014-06-25,2014-06-25,2019-10-29,1,"배기가스 재순환 장치 냉각기 결함으로 냉각수가 누출될 수 있고, 그 결과 배기가스 재순환 장치 냉각기를 통과하는 배출가스와 만나면, 냉각수 중 수분은 증발하고 글리콜만 남게 됩니다. 글리콜은 WAVE FIN 구조의 내부, 배기가스 재순환 장치 냉각기의 입구 근처, 그리고 배기가스 재순환 장치 냉각기 끝 단에서 배기가스 재순환장치 냉각기 내의 그을음과 혼합될 수 있습니다. 그 곳에서는 혼합물을 발화시키거나 글로잉 입자(열점)를 발생시킬 수 있는 고온 상태가 발생 할 수 있습니다. 이러한 과정에 의하여 글로잉 입자가 흡기다기관 안으로 날아가 흡기다기관 표면에 붙게 되고 해당 영역이 용융하여 천공이 생길 가능성이 있습니다.",SUV
메르세데스 벤츠,EQC 400 4MATIC,2019-09-20,2019-09-27,2019-10-25,3,공급업체의 생산 편차로 특정 운전석 에어백이 규정에 맞게 조립되지 않았을 수 있습니다. 이로 인해 특정 운전석 에어백 모듈의 4개의 잠금 너트가 제대로 조여지지 않았을 수 있습니다.,SUV
혼다코리아,CR-V,2007-12-06,2007-12-06,2019-10-28,1,"가. 상기 리콜 대상 차량은 2015년 9월 7일 ~ 2017년 6월 9일까지 에어백 인플레이터(운전석 또는 조수석) 리콜을 완료하였으나, 리콜 실시 후 사고 등의 사유로 운전석 또는 조수석 에어백 모듈(인플레이터 포함)을 스페어 파츠용 신품으로 다시 교체하였음. 나. 당시 신품으로 교체한 에어백 모듈 내부의 인플레이터는 제조사가 TAKATA사의 건조제가 없는 부품으로 확인되어, 혼다자동차는 상기 차량의 운전석 또는 조수석 에어백 인플레이터의 재 리콜 을 결정함.",SUV
혼다코리아,CR-V,2006-11-21,2010-11-03,2019-10-28,5,"가. 상기 리콜 대상 차량은 2015년 9월 7일 ~ 2017년 6월 9일까지 에어백 인플레이터(운전석 또는 조수석) 리콜을 완료하였으나, 리콜 실시 후 사고 등의 사유로 운전석 또는 조수석 에어백 모듈(인플레이터 포함)을 스페어 파츠용 신품으로 다시 교체하였음. 나. 당시 신품으로 교체한 에어백 모듈 내부의 인플레이터는 제조사가 TAKATA사의 건조제가 없는 부품으로 확인되어, 혼다자동차는 상기 차량의 운전석 또는 조수석 에어백 인플레이터의 재 리콜 을 결정함.",SUV
현대자동차,팰리세이드(LX2),2018-11-21,2019-08-12,2019-11-01,34861,커튼에어백 전개 시 말려있던 쿠션이 전개되는 과정에서 쿠션과 에어백 고정 볼트 머리 모서리부의 간섭으로 쿠션 손상 가능성,SUV
포드,2020MY Explorer,2019-05-09,2019-09-15,2019-11-08,50,"2020년식 Explorer 2열 바깥쪽 좌석(Manual Seats) 등받이 리클라이너 고정장치(Pawl)가 미국 연방 자동차 안전기준 FMVSS No. 202a (Head Restraints) 및 207 (Seating system)의 요구 사항을 준수하지 않을 수 있음 (국내 판매차량 없으며 PDI 보관 중이며, 대상차량은 전체 시정조치 완료 후 판매 예정임)",SUV
포드,2020MY Explorer,2019-08-22,2019-09-22,2019-11-15,464,"2020MY Explorer& 2020MY Aviator 2열 바깥쪽 좌석(Manual Seats) 등받이 리클라이너 고정장치(Pawl)가 미국 연방 자동차 안전기준 FMVSS No. 202a (Head Restraints) 및 207 (Seating system)의 요구 사항을 준수하지 않을 수 있음 (국내 판매차량 없으며 PDI 보관 중이며, 대상차량은 전체 시정조치 완료 후 판매 예정임)",SUV
볼보,XC90,2016-04-21,2017-04-18,2019-11-15,959,"볼보자동차는 국내 수입된 17~18 년식 XC90 D5, V90CC D5, S90 D5 차량의 일부에 장착된 저온 EGR 냉각수 호스 라인이 일부 주행 조건 및 환경에서 EGR 가스를 과도하게 냉각시켜 흡기 계통에 그을음(Soot)을 더 많이 퇴적 시킬 수 있고, 특히 흡기 밸브에 퇴적된 그을음은 흡기 밸브 기밀 불량의 원인이 될 수 있는 것을 확인하였습니다.",SUV
메르세데스 벤츠,GLE 450 4MATIC,2019-03-22,2019-06-06,2019-11-20,154,공급업체의 생산 오류로 후방 도어 트림 바 고정 클립이 사양에 맞지 않을 수 있습니다. 트림 바 고정 클립의 잡아주는 힘이 너무 낮기 때문에 트림 바가 분리될 수 있습니다.,SUV
메르세데스 벤츠,GLE 300 d 4MATIC,2019-01-23,2019-06-18,2019-11-20,361,공급업체의 생산 오류로 후방 도어 트림 바 고정 클립이 사양에 맞지 않을 수 있습니다. 트림 바 고정 클립의 잡아주는 힘이 너무 낮기 때문에 트림 바가 분리될 수 있습니다.,SUV
메르세데스 벤츠,EQC 400 4MATIC,2019-03-18,2019-10-08,2019-11-20,219,공급업체의 생산 오류로 인해 앞축 차동형 전동장치 유성기어 샤프트가 내구성 사양을 충족하지 못할 수 있습니다. 유성기어 샤프트가 장시간 운행 시 내구성 부족으로 인해 파손될 수 있습니다.,SUV
재규어랜드로버,재규어 F-PACE,2015-12-17,2017-03-17,2019-12-02,219,1. 엔진 내 메인베어링 또는 빅앤드베어링이 엔진조립 과정에서 정상적으로 정렬되지 않은 상태로 조립되어 있는 경우가 있음. 이로 인하여 베어링 부위의 오일공급 구멍이 정렬되지 않아 윤활유 공급이 지장을 받을 수 있음. 2. 엔진 내 크랭크축의 실린더블럭 보어 방향 간극과다(런아웃)로 인해 메인베어링에 과도한 응력이 발생할 수 있음. 이로 인하여 메인베어링의 윤활을 위한 유막이 충분히 확보되지 않을 수 있음.,SUV
재규어랜드로버,재규어 E-PACE D150,2018-03-06,2018-03-06,2019-12-26,1,소프트웨어 설정 값 오류로 인해 UN ECE R13H(승용자동차의 제동성능)에서 정하는 긴급제동신호장치의 해제기준을 만족하지 못하여 안전기준 부적합,SUV
재규어랜드로버,재규어 E-PACE P200,2018-05-15,2018-05-15,2019-12-26,1,소프트웨어 설정 값 오류로 인해 UN ECE R13H(승용자동차의 제동성능)에서 정하는 긴급제동신호장치의 해제기준을 만족하지 못하여 안전기준 부적합,SUV
재규어랜드로버,재규어 E-PACE P300,2017-08-31,2017-08-31,2019-12-26,1,소프트웨어 설정 값 오류로 인해 UN ECE R13H(승용자동차의 제동성능)에서 정하는 긴급제동신호장치의 해제기준을 만족하지 못하여 안전기준 부적합,SUV
재규어랜드로버,재규어 E-PACE P250,2017-08-31,2019-07-12,2019-12-26,780,소프트웨어 설정 값 오류로 인해 UN ECE R13H(승용자동차의 제동성능)에서 정하는 긴급제동신호장치의 해제기준을 만족하지 못하여 안전기준 부적합,SUV
재규어랜드로버,재규어 E-PACE D240,2018-03-07,2018-03-07,2019-12-26,1,소프트웨어 설정 값 오류로 인해 UN ECE R13H(승용자동차의 제동성능)에서 정하는 긴급제동신호장치의 해제기준을 만족하지 못하여 안전기준 부적합,SUV
재규어랜드로버,재규어 E-PACE D180,2018-03-07,2019-07-12,2019-12-26,407,소프트웨어 설정 값 오류로 인해 UN ECE R13H(승용자동차의 제동성능)에서 정하는 긴급제동신호장치의 해제기준을 만족하지 못하여 안전기준 부적합,SUV
현대자동차,그랜드스타렉스(TQ) 밴,2016-08-25,2019-07-30,2019-12-27,58665,2.5ℓ 디젤 엔진 흡입공기 제어밸브 작동 로직 설정 오류로 주행 중 시동꺼짐 발생 가능 → 흡입공기 제어밸브의 위치가 정상위치와 다를 경우 이를 해결하기 위한 로직이 작동되는데 작동 초기 2초간 정보전달 유예시간이 설정되어 있어 유예시간 동안 정상위치가 되더라도 정상 판정을 하지 않고 지속적으로 로직이 작동되어 RPM 불안정 및 경고등 점등 발생 ※ 흡입공기 제어밸브 : DPF 재생 시 밸브의 개폐를 통해 흡입 공기량 제어,MPV/미니밴
현대자동차,그랜드스타렉스(TQ) 왜건 9인승,2017-07-13,2019-07-30,2019-12-27,9990,2.5ℓ 디젤 엔진 흡입공기 제어밸브 작동 로직 설정 오류로 주행 중 시동꺼짐 발생 가능 → 흡입공기 제어밸브의 위치가 정상위치와 다를 경우 이를 해결하기 위한 로직이 작동되는데 작동 초기 2초간 정보전달 유예시간이 설정되어 있어 유예시간 동안 정상위치가 되더라도 정상 판정을 하지 않고 지속적으로 로직이 작동되어 RPM 불안정 및 경고등 점등 발생 ※ 흡입공기 제어밸브 : DPF 재생 시 밸브의 개폐를 통해 흡입 공기량 제어,MPV/미니밴
현대자동차,그랜드스타렉스(TQ) 왜건 11인승,2015-08-10,2019-03-23,2019-12-27,61485,2.5ℓ 디젤 엔진 흡입공기 제어밸브 작동 로직 설정 오류로 주행 중 시동꺼짐 발생 가능 → 흡입공기 제어밸브의 위치가 정상위치와 다를 경우 이를 해결하기 위한 로직이 작동되는데 작동 초기 2초간 정보전달 유예시간이 설정되어 있어 유예시간 동안 정상위치가 되더라도 정상 판정을 하지 않고 지속적으로 로직이 작동되어 RPM 불안정 및 경고등 점등 발생 ※ 흡입공기 제어밸브 : DPF 재생 시 밸브의 개폐를 통해 흡입 공기량 제어,MPV/미니밴
기아,쏘렌토(UM),2019-01-23,2019-12-06,2019-12-27,31193,"다기능 카메라(MFC)와 전방 충돌방지 제어기(FCA ECU)간 소프트웨어 오류로 전방 보행자 충돌 위험 상황 시 긴급제동 기능 미작동 ※ 전방 충돌방지 보조(FCA) : 주행 중 전방 장애물과의 충돌을 피하거나 충돌 위험을 줄여주기 위한 목적으로 운전자에게 위험을 경고하고 차량의 제동을 제어하여 운전자/차량 피해 경감하는 주행안전 보조 시스템 ※ 다기능카메라(MFC) : 차량의 전방에 부착되어 추돌, 차선이탈 등을 예측하여 사고를 미연에 방지 기능의 카메라",SUV
포드,2017년식 Explorer,2016-05-23,2017-10-17,2020-01-10,7469,"2017년식 Explorer 차량의 전동시트(파워시트) 프레임 트랙의 가장자리에 날카로운 마무리가 남아있을 수 있습니다. 이렇게, 시트 프레임 트랙의 날카로운 마무리로 인하여, 앞좌석과 콘솔 사이에 손을 넣으면 다칠 수 있는 위험이 있기 때문에 이를 예방하기 위해 제작결함을 시정하고자 함",SUV
메르세데스 벤츠,GLK 220 CDI 4MATIC,2009-05-12,2012-05-25,2020-01-31,2476,질산암모늄을 인플레이터로 사용한 건조제 없는 에어백이 장시간 높은 절대 습도에 노출 된 경우 에어백 전개시 인플레이터의 하우징이 과도한 내부 압력으로 인해 파열될 수 있습니다. 에어백 전개시 에어백 인플레이터의 하우징이 과도한 내부 압력으로 파열될 수 있습니다.,SUV
BMW,BMW X5 xDrive 48i,2008-01-01,2008-01-01,2020-02-07,1,차량이 고온 다습한 지역에 장기간 노출 되었을 때 에어백 인플레이터 내부 압축가스 추진체가 변형되어 에어백 전개 시 인플레이터의 과도한 폭발 압력으로 에어백이 전개될 수 있습니다.,SUV
메르세데스 벤츠,GLE 450 4MATIC,2018-09-10,2018-09-18,2020-02-19,2,"공급업체의 개발 오류로 인해 머리지지대가 사양을 충족하지 못할 수 있습니다. 3열 승객들은 머리지지대 패딩의 두께가 충분하지 않아, 머리지지대 위치를 체형에 맞게 정상적으로 조정하지 않을 수 있습니다. 또한 머리지지대의 위치 고정 홈이 없을 수도 있습니다.",SUV
메르세데스 벤츠,GLE 400 d 4MATIC,2018-07-11,2018-07-29,2020-02-19,2,"공급업체의 개발 오류로 인해 머리지지대가 사양을 충족하지 못할 수 있습니다. 3열 승객들은 머리지지대 패딩의 두께가 충분하지 않아, 머리지지대 위치를 체형에 맞게 정상적으로 조정하지 않을 수 있습니다. 또한 머리지지대의 위치 고정 홈이 없을 수도 있습니다.",SUV
BMW,BMW X5 xDrive30d,2014-10-22,2015-10-24,2020-02-21,4,"배기가스재순환장치 냉각기 결함으로 냉각수가 누출될 수 있고, 그 결과 배기가스재순환장치 냉각기를 통과하는 배출가스와 만나면, 냉각수 중 수분은 증발하고 글리콜만 남게 됩니다. 글리콜은 wave fin구조의 내부, 배기가스재순환장치 냉각기의 입구 근처, 그리고 배기가스재순환장치 냉각기 끝 단에서 배기가스재순환장치 냉각기 내의 그을음과 혼합될 수 있습니다. 그 곳에서는 혼합물을 발화시키거나 글로잉 입자(열점)를 발생시킬 수 있는 고온 상태가 발생 할 수 있습니다.이러한 과정에 의하여 글로잉 입자가 흡기다기관 안으로 날아가 흡기다기관 표면에 붙게 되고 해당 영역이 용융하여 천공이 생길 가능성이 있습니다.",SUV
현대자동차,GV80(JX),2020-01-07,2020-02-11,2020-02-27,823,"GV80 스마트스트림 D3.0 엔진 장착 차량에서 공회전 제한 시스템(ISG) 로직 설정 오류로 계기판에 ISG 경고 문구가 표출된 후 일부 조건에서 변속이 정상적으로 되지 않을 가능성 * ISG 경고 문구 : 'AUTO STOP 시스템 해제! P 또는 N단에서 시동을 거십시오' ※ 공회전 제한 시스템(ISG, Idle Stop and Go) : 정차 시 자동으로 엔진을 일시 정지 및 재시동하여 연비를 향상시키고 배출가스 발생을 억제하는 시스템",SUV
메르세데스 벤츠,GLC 350 e 4MATIC,2018-06-05,2018-10-31,2020-03-12,2915,"공급업체의 과도하게 마모된 생산 장비로 인해 앞좌석 안전벨트 버클과 하우징 사이의 치수에 오차가 생겼을 수 있습니다. 앞좌석 안전벨트를 올바르게 착용한 경우에도 미착용으로 잘못 감지될 수 있습니다. 이러한 경우, 계기반의 경고메세지와 경고음이 계속 발생됩니다.",SUV
메르세데스 벤츠,GLC 300 4MATIC,2018-06-14,2018-10-30,2020-03-12,1587,"공급업체의 과도하게 마모된 생산 장비로 인해 앞좌석 안전벨트 버클과 하우징 사이의 치수에 오차가 생겼을 수 있습니다. 앞좌석 안전벨트를 올바르게 착용한 경우에도 미착용으로 잘못 감지될 수 있습니다. 이러한 경우, 계기반의 경고메세지와 경고음이 계속 발생됩니다.",SUV
메르세데스 벤츠,GLC 220 d 4MATIC,2018-06-02,2018-06-15,2020-03-12,6,"공급업체의 과도하게 마모된 생산 장비로 인해 앞좌석 안전벨트 버클과 하우징 사이의 치수에 오차가 생겼을 수 있습니다. 앞좌석 안전벨트를 올바르게 착용한 경우에도 미착용으로 잘못 감지될 수 있습니다. 이러한 경우, 계기반의 경고메세지와 경고음이 계속 발생됩니다.",SUV
메르세데스 벤츠,AMG GLC 63 S 4MATIC,2018-07-23,2018-10-17,2020-03-12,51,"공급업체의 과도하게 마모된 생산 장비로 인해 앞좌석 안전벨트 버클과 하우징 사이의 치수에 오차가 생겼을 수 있습니다. 앞좌석 안전벨트를 올바르게 착용한 경우에도 미착용으로 잘못 감지될 수 있습니다. 이러한 경우, 계기반의 경고메세지와 경고음이 계속 발생됩니다.",SUV
메르세데스 벤츠,AMG GLC 43 4MATIC,2018-10-17,2018-10-31,2020-03-12,114,"공급업체의 과도하게 마모된 생산 장비로 인해 앞좌석 안전벨트 버클과 하우징 사이의 치수에 오차가 생겼을 수 있습니다. 앞좌석 안전벨트를 올바르게 착용한 경우에도 미착용으로 잘못 감지될 수 있습니다. 이러한 경우, 계기반의 경고메세지와 경고음이 계속 발생됩니다.",SUV
메르세데스 벤츠,AMG GLC 43 4MATIC Coupe,2018-07-23,2018-10-17,2020-03-12,225,"공급업체의 과도하게 마모된 생산 장비로 인해 앞좌석 안전벨트 버클과 하우징 사이의 치수에 오차가 생겼을 수 있습니다. 앞좌석 안전벨트를 올바르게 착용한 경우에도 미착용으로 잘못 감지될 수 있습니다. 이러한 경우, 계기반의 경고메세지와 경고음이 계속 발생됩니다.",SUV
메르세데스 벤츠,GLC 300 4MATIC,2018-08-17,2018-09-11,2020-03-12,4,"생산 과정의 오류로 인해, 운전석 햇빛 가리개의 바깥면에 타 국가의 에어백 경고 가 부착되었을 수 있습니다. 에어백 경고 문구 설명이 한국어로 작성되지 않았을 수 있습니다.",SUV
메르세데스 벤츠,GLC 350 e 4MATIC,2018-07-24,2018-11-12,2020-03-12,2530,"생산 과정의 오류로 인해, 운전석 햇빛 가리개의 바깥면에 타 국가의 에어백 경고 가 부착되었을 수 있습니다. 에어백 경고 문구 설명이 한국어로 작성되지 않았을 수 있습니다.",SUV
메르세데스 벤츠,AMG GLC 43 4MATIC Coupe,2018-07-28,2018-07-28,2020-03-12,1,"생산 과정의 오류로 인해, 운전석 햇빛 가리개의 바깥면에 타 국가의 에어백 경고 가 부착되었을 수 있습니다. 에어백 경고 문구 설명이 한국어로 작성되지 않았을 수 있습니다.",SUV
메르세데스 벤츠,AMG GLC 43 4MATIC,2018-07-28,2018-11-26,2020-03-12,22,"생산 과정의 오류로 인해, 운전석 햇빛 가리개의 바깥면에 타 국가의 에어백 경고 가 부착되었을 수 있습니다. 에어백 경고 문구 설명이 한국어로 작성되지 않았을 수 있습니다.",SUV
메르세데스 벤츠,AMG GLC 63 4MATIC,2018-11-10,2018-11-22,2020-03-12,10,"생산 과정의 오류로 인해, 운전석 햇빛 가리개의 바깥면에 타 국가의 에어백 경고 가 부착되었을 수 있습니다. 에어백 경고 문구 설명이 한국어로 작성되지 않았을 수 있습니다.",SUV
혼다코리아,ODYSSEY,2017-06-19,2019-10-15,2020-03-25,2424,"가. 3열 좌측에 위치한 악세서리 파워 소켓(시거잭) 하네스가 고정되지 않아, 생산 공장에서 3열 좌측 실내 트림 패널 설치 시 움직일 수 있음 나. 악세서리 파워 소켓 하네스가 트림 패널 안쪽 모서리 부위와 차체 돌출부 사이로 배치되는 경우 보호 튜브가 눌려져 손상되거나 내부 하네스의 피복이 노출될 수 있음",MPV/미니밴
볼보,XC90,2019-01-23,2020-03-10,2020-03-30,1805,"국내 수입된 19~20 년식 S60, S90, S90L, V60CC, V90CC, XC40, XC60, X90 차량 일부에서 운전자 보조 장치인 비상자동제동장치(AEBS)가 제대로 작동하지 않을 수 있는 것을 확인하였습니다. 이는 소프트웨어 오류에 의한 결함이며, 이로 인해 비상자동제동장치(AEBS)의 제어 모듈 내 작동 환경(내부 메모리 온도상태)이 제대로 인식되지 못하여 카메라 및 레이더가 전방 장애물을 올바르게 인식하지 못하게 됩니다 비상자동제동장치(AEBS)란? 주행 중 전방 충돌 상황을 감지하여 충돌을 완화하거나 회피할 목적으로 자동차를 감속 또는 정지시키기 위하여 자동으로 제동장치를 작동시키는 장치.",SUV
메르세데스 벤츠,GLK 250 4MATIC,2013-09-04,2014-02-26,2020-04-16,2,질산암모늄을 인플레이터로 사용한 건조제 없는 에어백이 장시간 높은 절대 습도에 노출 된 경우 에어백 전개시 에어백 인플레이터의 하우징이 과도한 내부 압력으로 인해 파열될 수 있습니다.,SUV
메르세데스 벤츠,GLK 220 CDI 4MATIC,2012-02-15,2015-06-03,2020-04-16,4631,질산암모늄을 인플레이터로 사용한 건조제 없는 에어백이 장시간 높은 절대 습도에 노출 된 경우 에어백 전개시 에어백 인플레이터의 하우징이 과도한 내부 압력으로 인해 파열될 수 있습니다.,SUV
현대자동차,GV80(JX1),2020-03-16,2020-04-08,2020-04-20,478,GV80 스마트스트림 G3.5 엔진 장착 차량에서 인젝터 조립 장비 정렬이 간헐적으로 틀어짐으로써 조립 시 인젝터 원형 고무링 손상되어 연료 누유 발생 ※ 원형 고무링 : 인젝터의 기밀성을 유지하기 위해 밀봉부에 사용하는 부품,SUV
현대자동차,GV80(JX1),2019-12-31,2020-04-06,2020-04-20,3247,고속도로 주행 보조2(HDA2) 기능 작동 중 제어기 통신 불량 감지 시 차로 변경 보조(LCA) 고장 경고 문구가 표출되지 않음,SUV
현대자동차,GV80 (JX1),2020-01-07,2020-02-18,2020-04-20,757,원격 스마트 주차 보조 기능(RSPA) 고장 감지 시 필요한 차량 제어 로직 미흡으로 원격 주차 시 원격 스마트 주차 보조 기능이 정상 작동이 되지 않는 결함 ※ 원격 스마트 주차 보조(RSPA) : 운전자가 하차 상태에서 원격으로 주차/출차를 할 수 있게 해주는 주차 편의 시스템,SUV
토요타,토요타 시에나 AWD,2017-11-10,2019-02-01,2020-04-29,673,"연료펌프의 내부 부품(임펠러)의 제조가 부적절하여 해당부품이 변형 되어, 임펠러와 펌프케이스가 간섭 될 가능성이 있음.",MPV/미니밴
토요타,토요타 시에나 2WD,2017-11-10,2019-02-11,2020-04-29,206,"연료펌프의 내부 부품(임펠러)의 제조가 부적절하여 해당부품이 변형 되어, 임펠러와 펌프케이스가 간섭 될 가능성이 있음.",MPV/미니밴
기아,카니발(VQ),2005-06-10,2009-12-14,2020-05-25,79001,일부 노후 차량에서 ABS/ESC모듈 전원부에 오일 또는 수분 등이 장기간에 걸쳐 미세 유입되어 전원부 쇼트(합선) 발생,MPV/미니밴
기아,쏘렌토(BL),2006-04-10,2008-12-01,2020-05-25,34497,일부 노후 차량에서 ABS/ESC모듈 전원부에 오일 또는 수분 등이 장기간에 걸쳐 미세 유입되어 전원부 쇼트(합선) 발생,SUV
기아,그랜드카니발(VQ) 승용,2010-04-09,2014-03-31,2020-05-25,388,3.5ℓ MPI 가솔린 엔진 장착 차량에서 연료 공급 파이프 제조 불량에 의한 파이프 두께 불균일로 장기간 사용 시 파이프 손상에 의한 누유 발생,MPV/미니밴
기아,그랜드카니발(VQ) 승합,2011-06-08,2014-03-26,2020-05-25,369,3.5ℓ MPI 가솔린 엔진 장착 차량에서 연료 공급 파이프 제조 불량에 의한 파이프 두께 불균일로 장기간 사용 시 파이프 손상에 의한 누유 발생,MPV/미니밴
현대자동차,싼타페(CM),2005-03-16,2009-07-09,2020-05-25,181124,일부 노후 차량에서 ABS/ESC모듈 전원부에 오일 또는 수분 등이 장기간에 걸쳐 미세 유입되어 전원부 쇼트(합선) 발생,SUV
BMW,BMW X5 M50d,2013-07-26,2017-06-26,2020-06-01,61,"당사는 당사의 EGR 쿨러가 이전 리콜 대상 EGR 쿨러에 비하여 개선되고 최적화 되었음을 입증하였습니다. 당사의 철학과 경영 정책에 따라, 개별 현장 사례의 분석을 계속하였습니다. 그 결과, 지속적인 노력을 통해 상황이 개선되었음에도, 현장에서 적은 수이기는 하나 EGR 쿨러의 누수가 의심되는 사례를 관찰하게 되었습니다. 이에 고객의 이익과 편의를 충실히 보호하고, 동시에 당사에 매우 중요한 한국 시장을 보호하기 위하여, 현장의 적은 수이기는 하나 이러한 의심 사례를 대처하고 해소하기 위한 예방적인 조치를 취하기로 결정하였습니다. 중요한 점으로서, 당사는 귀 기관과 자동차안전연구원에 모든 것을 투명하게 공개하며, 위와 같은 상황을 명확히 전달 드려왔고, 귀 기관 및 자동차안전연구원과의 충분한 논의를 거친 후, 이번 리콜을 시행하기로 결정하였다는 점을 말씀드립니다.",SUV
BMW,BMW X5 M50d,2013-07-18,2018-06-28,2020-10-01,675,"당사는 당사의 EGR 쿨러가 이전 리콜 대상 EGR 쿨러에 비하여 개선되고 최적화 되었음을 입증하였습니다. 당사의 철학과 경영 정책에 따라, 개별 현장 사례의 분석을 계속하였습니다. 그 결과, 지속적인 노력을 통해 상황이 개선되었음에도, 현장에서 적은 수이기는 하나 EGR 쿨러의 누수가 의심되는 사례를 관찰하게 되었습니다. 이에 고객의 이익과 편의를 충실히 보호하고, 동시에 당사에 매우 중요한 한국 시장을 보호하기 위하여, 현장의 적은 수이기는 하나 이러한 의심 사례를 대처하고 해소하기 위한 예방적인 조치를 취하기로 결정하였습니다. 중요한 점으로서, 당사는 귀 기관과 자동차안전연구원에 모든 것을 투명하게 공개하며, 위와 같은 상황을 명확히 전달 드려왔고, 귀 기관 및 자동차안전연구원과의 충분한 논의를 거친 후, 이번 리콜을 시행하기로 결정하였다는 점을 말씀드립니다.",SUV
BMW,BMW X5 xDrive25d,2017-08-11,2017-08-11,2020-06-01,1,"당사는 당사의 EGR 쿨러가 이전 리콜 대상 EGR 쿨러에 비하여 개선되고 최적화 되었음을 입증하였습니다. 당사의 철학과 경영 정책에 따라, 개별 현장 사례의 분석을 계속하였습니다. 그 결과, 지속적인 노력을 통해 상황이 개선되었음에도, 현장에서 적은 수이기는 하나 EGR 쿨러의 누수가 의심되는 사례를 관찰하게 되었습니다. 이에 고객의 이익과 편의를 충실히 보호하고, 동시에 당사에 매우 중요한 한국 시장을 보호하기 위하여, 현장의 적은 수이기는 하나 이러한 의심 사례를 대처하고 해소하기 위한 예방적인 조치를 취하기로 결정하였습니다. 중요한 점으로서, 당사는 귀 기관과 자동차안전연구원에 모든 것을 투명하게 공개하며, 위와 같은 상황을 명확히 전달 드려왔고, 귀 기관 및 자동차안전연구원과의 충분한 논의를 거친 후, 이번 리콜을 시행하기로 결정하였다는 점을 말씀드립니다.",SUV
BMW,BMW X5 xDrive30d,2018-08-20,2018-08-28,2020-06-01,21,"당사는 당사의 EGR 쿨러가 이전 리콜 대상 EGR 쿨러에 비하여 개선되고 최적화 되었음을 입증하였습니다. 당사의 철학과 경영 정책에 따라, 개별 현장 사례의 분석을 계속하였습니다. 그 결과, 지속적인 노력을 통해 상황이 개선되었음에도, 현장에서 적은 수이기는 하나 EGR 쿨러의 누수가 의심되는 사례를 관찰하게 되었습니다. 이에 고객의 이익과 편의를 충실히 보호하고, 동시에 당사에 매우 중요한 한국 시장을 보호하기 위하여, 현장의 적은 수이기는 하나 이러한 의심 사례를 대처하고 해소하기 위한 예방적인 조치를 취하기로 결정하였습니다. 중요한 점으로서, 당사는 귀 기관과 자동차안전연구원에 모든 것을 투명하게 공개하며, 위와 같은 상황을 명확히 전달 드려왔고, 귀 기관 및 자동차안전연구원과의 충분한 논의를 거친 후, 이번 리콜을 시행하기로 결정하였다는 점을 말씀드립니다.",SUV
BMW,BMW X5 xDrive30d,2018-08-20,2019-02-22,2020-08-01,514,"당사는 당사의 EGR 쿨러가 이전 리콜 대상 EGR 쿨러에 비하여 개선되고 최적화 되었음을 입증하였습니다. 당사의 철학과 경영 정책에 따라, 개별 현장 사례의 분석을 계속하였습니다. 그 결과, 지속적인 노력을 통해 상황이 개선되었음에도, 현장에서 적은 수이기는 하나 EGR 쿨러의 누수가 의심되는 사례를 관찰하게 되었습니다. 이에 고객의 이익과 편의를 충실히 보호하고, 동시에 당사에 매우 중요한 한국 시장을 보호하기 위하여, 현장의 적은 수이기는 하나 이러한 의심 사례를 대처하고 해소하기 위한 예방적인 조치를 취하기로 결정하였습니다. 중요한 점으로서, 당사는 귀 기관과 자동차안전연구원에 모든 것을 투명하게 공개하며, 위와 같은 상황을 명확히 전달 드려왔고, 귀 기관 및 자동차안전연구원과의 충분한 논의를 거친 후, 이번 리콜을 시행하기로 결정하였다는 점을 말씀드립니다.",SUV
BMW,BMW X7 xDrive30d,2018-12-21,2019-02-15,2020-08-01,111,"당사는 당사의 EGR 쿨러가 이전 리콜 대상 EGR 쿨러에 비하여 개선되고 최적화 되었음을 입증하였습니다. 당사의 철학과 경영 정책에 따라, 개별 현장 사례의 분석을 계속하였습니다. 그 결과, 지속적인 노력을 통해 상황이 개선되었음에도, 현장에서 적은 수이기는 하나 EGR 쿨러의 누수가 의심되는 사례를 관찰하게 되었습니다. 이에 고객의 이익과 편의를 충실히 보호하고, 동시에 당사에 매우 중요한 한국 시장을 보호하기 위하여, 현장의 적은 수이기는 하나 이러한 의심 사례를 대처하고 해소하기 위한 예방적인 조치를 취하기로 결정하였습니다. 중요한 점으로서, 당사는 귀 기관과 자동차안전연구원에 모든 것을 투명하게 공개하며, 위와 같은 상황을 명확히 전달 드려왔고, 귀 기관 및 자동차안전연구원과의 충분한 논의를 거친 후, 이번 리콜을 시행하기로 결정하였다는 점을 말씀드립니다.",SUV
BMW,BMW X7 xDrive30d,2018-07-19,2018-07-19,2020-06-01,1,"당사는 당사의 EGR 쿨러가 이전 리콜 대상 EGR 쿨러에 비하여 개선되고 최적화 되었음을 입증하였습니다. 당사의 철학과 경영 정책에 따라, 개별 현장 사례의 분석을 계속하였습니다. 그 결과, 지속적인 노력을 통해 상황이 개선되었음에도, 현장에서 적은 수이기는 하나 EGR 쿨러의 누수가 의심되는 사례를 관찰하게 되었습니다. 이에 고객의 이익과 편의를 충실히 보호하고, 동시에 당사에 매우 중요한 한국 시장을 보호하기 위하여, 현장의 적은 수이기는 하나 이러한 의심 사례를 대처하고 해소하기 위한 예방적인 조치를 취하기로 결정하였습니다. 중요한 점으로서, 당사는 귀 기관과 자동차안전연구원에 모든 것을 투명하게 공개하며, 위와 같은 상황을 명확히 전달 드려왔고, 귀 기관 및 자동차안전연구원과의 충분한 논의를 거친 후, 이번 리콜을 시행하기로 결정하였다는 점을 말씀드립니다.",SUV
BMW,BMW X5 xDrive30d,2013-07-23,2018-06-28,2020-06-01,2596,"당사는 당사의 EGR 쿨러가 이전 리콜 대상 EGR 쿨러에 비하여 개선되고 최적화 되었음을 입증하였습니다. 당사의 철학과 경영 정책에 따라, 개별 현장 사례의 분석을 계속하였습니다. 그 결과, 지속적인 노력을 통해 상황이 개선되었음에도, 현장에서 적은 수이기는 하나 EGR 쿨러의 누수가 의심되는 사례를 관찰하게 되었습니다. 이에 고객의 이익과 편의를 충실히 보호하고, 동시에 당사에 매우 중요한 한국 시장을 보호하기 위하여, 현장의 적은 수이기는 하나 이러한 의심 사례를 대처하고 해소하기 위한 예방적인 조치를 취하기로 결정하였습니다. 중요한 점으로서, 당사는 귀 기관과 자동차안전연구원에 모든 것을 투명하게 공개하며, 위와 같은 상황을 명확히 전달 드려왔고, 귀 기관 및 자동차안전연구원과의 충분한 논의를 거친 후, 이번 리콜을 시행하기로 결정하였다는 점을 말씀드립니다.",SUV
BMW,BMW X5 xDrive30d,2013-07-20,2017-05-16,2020-08-01,5961,"당사는 당사의 EGR 쿨러가 이전 리콜 대상 EGR 쿨러에 비하여 개선되고 최적화 되었음을 입증하였습니다. 당사의 철학과 경영 정책에 따라, 개별 현장 사례의 분석을 계속하였습니다. 그 결과, 지속적인 노력을 통해 상황이 개선되었음에도, 현장에서 적은 수이기는 하나 EGR 쿨러의 누수가 의심되는 사례를 관찰하게 되었습니다. 이에 고객의 이익과 편의를 충실히 보호하고, 동시에 당사에 매우 중요한 한국 시장을 보호하기 위하여, 현장의 적은 수이기는 하나 이러한 의심 사례를 대처하고 해소하기 위한 예방적인 조치를 취하기로 결정하였습니다. 중요한 점으로서, 당사는 귀 기관과 자동차안전연구원에 모든 것을 투명하게 공개하며, 위와 같은 상황을 명확히 전달 드려왔고, 귀 기관 및 자동차안전연구원과의 충분한 논의를 거친 후, 이번 리콜을 시행하기로 결정하였다는 점을 말씀드립니다.",SUV
BMW,BMW X5 xDrive35d,2014-03-17,2014-03-17,2020-06-01,1,"당사는 당사의 EGR 쿨러가 이전 리콜 대상 EGR 쿨러에 비하여 개선되고 최적화 되었음을 입증하였습니다. 당사의 철학과 경영 정책에 따라, 개별 현장 사례의 분석을 계속하였습니다. 그 결과, 지속적인 노력을 통해 상황이 개선되었음에도, 현장에서 적은 수이기는 하나 EGR 쿨러의 누수가 의심되는 사례를 관찰하게 되었습니다. 이에 고객의 이익과 편의를 충실히 보호하고, 동시에 당사에 매우 중요한 한국 시장을 보호하기 위하여, 현장의 적은 수이기는 하나 이러한 의심 사례를 대처하고 해소하기 위한 예방적인 조치를 취하기로 결정하였습니다. 중요한 점으로서, 당사는 귀 기관과 자동차안전연구원에 모든 것을 투명하게 공개하며, 위와 같은 상황을 명확히 전달 드려왔고, 귀 기관 및 자동차안전연구원과의 충분한 논의를 거친 후, 이번 리콜을 시행하기로 결정하였다는 점을 말씀드립니다.",SUV
BMW,BMW X5 xDrive35d,2014-02-11,2015-04-12,2020-08-01,12,"당사는 당사의 EGR 쿨러가 이전 리콜 대상 EGR 쿨러에 비하여 개선되고 최적화 되었음을 입증하였습니다. 당사의 철학과 경영 정책에 따라, 개별 현장 사례의 분석을 계속하였습니다. 그 결과, 지속적인 노력을 통해 상황이 개선되었음에도, 현장에서 적은 수이기는 하나 EGR 쿨러의 누수가 의심되는 사례를 관찰하게 되었습니다. 이에 고객의 이익과 편의를 충실히 보호하고, 동시에 당사에 매우 중요한 한국 시장을 보호하기 위하여, 현장의 적은 수이기는 하나 이러한 의심 사례를 대처하고 해소하기 위한 예방적인 조치를 취하기로 결정하였습니다. 중요한 점으로서, 당사는 귀 기관과 자동차안전연구원에 모든 것을 투명하게 공개하며, 위와 같은 상황을 명확히 전달 드려왔고, 귀 기관 및 자동차안전연구원과의 충분한 논의를 거친 후, 이번 리콜을 시행하기로 결정하였다는 점을 말씀드립니다.",SUV
BMW,BMW X5 xDrive40d,2014-10-13,2018-06-25,2020-06-01,230,"당사는 당사의 EGR 쿨러가 이전 리콜 대상 EGR 쿨러에 비하여 개선되고 최적화 되었음을 입증하였습니다. 당사의 철학과 경영 정책에 따라, 개별 현장 사례의 분석을 계속하였습니다. 그 결과, 지속적인 노력을 통해 상황이 개선되었음에도, 현장에서 적은 수이기는 하나 EGR 쿨러의 누수가 의심되는 사례를 관찰하게 되었습니다. 이에 고객의 이익과 편의를 충실히 보호하고, 동시에 당사에 매우 중요한 한국 시장을 보호하기 위하여, 현장의 적은 수이기는 하나 이러한 의심 사례를 대처하고 해소하기 위한 예방적인 조치를 취하기로 결정하였습니다. 중요한 점으로서, 당사는 귀 기관과 자동차안전연구원에 모든 것을 투명하게 공개하며, 위와 같은 상황을 명확히 전달 드려왔고, 귀 기관 및 자동차안전연구원과의 충분한 논의를 거친 후, 이번 리콜을 시행하기로 결정하였다는 점을 말씀드립니다.",SUV
BMW,BMW X5 xDrive40d,2014-01-11,2017-05-15,2020-08-01,1201,"당사는 당사의 EGR 쿨러가 이전 리콜 대상 EGR 쿨러에 비하여 개선되고 최적화 되었음을 입증하였습니다. 당사의 철학과 경영 정책에 따라, 개별 현장 사례의 분석을 계속하였습니다. 그 결과, 지속적인 노력을 통해 상황이 개선되었음에도, 현장에서 적은 수이기는 하나 EGR 쿨러의 누수가 의심되는 사례를 관찰하게 되었습니다. 이에 고객의 이익과 편의를 충실히 보호하고, 동시에 당사에 매우 중요한 한국 시장을 보호하기 위하여, 현장의 적은 수이기는 하나 이러한 의심 사례를 대처하고 해소하기 위한 예방적인 조치를 취하기로 결정하였습니다. 중요한 점으로서, 당사는 귀 기관과 자동차안전연구원에 모든 것을 투명하게 공개하며, 위와 같은 상황을 명확히 전달 드려왔고, 귀 기관 및 자동차안전연구원과의 충분한 논의를 거친 후, 이번 리콜을 시행하기로 결정하였다는 점을 말씀드립니다.",SUV
현대자동차,싼타페(TM),2018-09-14,2019-11-25,2020-06-05,111609,일부 차량에서 브레이크 호스 내 공기빼기 작업 미흡으로 인해 제동력 제어 시점 지연으로 자동차안정성제어장치(ESC) 작동 조건에서 차량의 측방향 미끄러짐이 일부 발생할 수 있는 기준 부적합 결함이 발견되어 제작결함시정을 하고자 함,SUV
토요타,토요타 RAV4 하이브리드 AWD,2019-09-25,2019-10-25,2020-06-25,168,프런트 로어 암의 재료(강철판)를 생산하는 공급처의 재료 제조 공정이 부적절하여 로어 암에 균열이 발생 할 가능성이 있음.,SUV
토요타,토요타 RAV4 하이브리드 2WD,2019-09-25,2019-10-25,2020-06-25,93,프런트 로어 암의 재료(강철판)를 생산하는 공급처의 재료 제조 공정이 부적절하여 로어 암에 균열이 발생 할 가능성이 있음.,SUV
KG 모빌리티,티볼리(디젤),2015-07-01,2020-06-07,2020-06-30,76858,연료 필터와 고압펌프 사이에 장착된 연료 공급호스가 재질 내구성(내환경) 부족에 따른 호스 내/외면에 미세한 Crack 발생으로 미세하게 연료가 누유될 가능성 존재,SUV
현대자동차,GV80(JX1),2019-11-07,2020-06-18,2020-07-06,15997,GV80(JX1) 차량에서 경사로 정차 시 계기판 내 주행가능거리가 과도하게 높게 표시되어 주행가능거리로만 판단 후 지속 운행 시 연료부족으로 인하여 시동이 꺼질 가능성,SUV
기아,카니발(YP),2019-07-26,2020-04-06,2020-07-16,4123,알터네이터 B+단자 안착부 형상 변경에 따른 너트 불완전 체결 ※알터네이터 : 엔진의 회전력에 의해 전기를 생산하여 차량의 각종 전기장치에 전력을 공급하는 전원장치,MPV/미니밴
기아,카니발(YP),2019-09-26,2020-04-01,2020-07-16,107,알터네이터 B+단자 안착부 형상 변경에 따른 너트 불완전 체결 ※알터네이터 : 엔진의 회전력에 의해 전기를 생산하여 차량의 각종 전기장치에 전력을 공급하는 전원장치,MPV/미니밴
메르세데스 벤츠,AMG GLC 43 4MATIC,2020-01-24,2020-02-10,2020-07-17,4,생산 과정의 오류로 인해 뒤 좌측 시트 등받이의 전자식 잠금장치의 강도가 부족하게 제작되었을 수 있습니다. 차량 충돌 시 트렁크에 적재되어 있는 화물이 시트 등받이에 부딪혀 잠금장치가 파손 될 수 있습니다.,SUV
메르세데스 벤츠,AMG GLC 43 4MATIC,2020-01-24,2020-02-04,2020-07-17,10,생산 과정의 오류로 인해 뒤 좌측 시트 등받이의 전자식 잠금장치의 강도가 부족하게 제작되었을 수 있습니다. 차량 충돌 시 트렁크에 적재되어 있는 화물이 시트 등받이에 부딪혀 잠금장치가 파손 될 수 있습니다.,SUV
메르세데스 벤츠,GLA 220,2019-11-08,2019-11-14,2020-07-17,2,공급 업체 생산 오류로 인하여 뒷면 방향 지시등 반사경이 규정에 맞지 않게 제작 되었을 수 있습니다. 방향 지시등의 광도 기준값을 충족하지 못할 수 있습니다.,SUV
메르세데스 벤츠,GLA 250 4MATIC,2019-11-06,2019-11-06,2020-07-17,1,공급 업체 생산 오류로 인하여 뒷면 방향 지시등 반사경이 규정에 맞지 않게 제작 되었을 수 있습니다. 방향 지시등의 광도 기준값을 충족하지 못할 수 있습니다.,SUV
르노코리아,XM3,2019-12-17,2020-06-19,2020-07-20,19063,XM3 TCe260과 CAPTUR TCe260 차량에 장착된 연료 펌프 내부 구성품인 임펠러*의 손상으로 인해 엔진으로의 연료 공급량이 감소하거나 연료 공급이 불가한 경우가 발생할 가능성이 확인됨. * 임펠러 : 모터와 결합되어 회전하는 부분으로 날개의 형상과 원심력을 이용하여 액체 상태인 연료에 운동에너지를 전달하여 일정한 압력으로 연료 탱크에서 엔진으로 연료를 공급하는 역할을 하는 연료 펌프의 핵심 부품임,SUV
르노코리아,CAPTUR,2019-12-23,2020-02-11,2020-07-20,930,XM3 TCe260과 CAPTUR TCe260 차량에 장착된 연료 펌프 내부 구성품인 임펠러*의 손상으로 인해 엔진으로의 연료 공급량이 감소하거나 연료 공급이 불가한 경우가 발생할 가능성이 확인됨. * 임펠러 : 모터와 결합되어 회전하는 부분으로 날개의 형상과 원심력을 이용하여 액체 상태인 연료에 운동에너지를 전달하여 일정한 압력으로 연료 탱크에서 엔진으로 연료를 공급하는 역할을 하는 연료 펌프의 핵심 부품임,SUV
현대자동차,GV80(JX1),2020-06-18,2020-07-11,2020-08-06,1403,GV80(JX1) 차량에서 경사로 정차 시 계기판 내 주행가능거리가 과도하게 높게 표시되어 주행가능거리로만 판단 후 지속 운행 시 연료부족으로 인하여 시동이 꺼질 가능성,SUV
메르세데스 벤츠,AMG GLC 63 S 4MATIC,2019-03-25,2019-04-01,2020-08-07,2,"부품 공급 업체의 개발 과정 오류로 인하여 ESP 컨트롤 유닛 소프트웨어가 사양에 맞지 않을 수 있습니다. 차량 주행 시 요레이트 센서가 자가 진단을 실행하는 경우에는 매우 짧은 시간이긴 하지만, ESP 컨트롤 유닛이 요레이트 센서의 값을 확인하지 못할 수 있습니다. 이러한 경우 ESP 시스템이 주행 상황에 맞게 작동되지 않을 수 있습니다.",SUV
BMW,BMW X7 xDrive30d,2019-08-02,2019-08-02,2020-08-14,1,BMW 자체 품질 조사 결과 2019년 8월 2일 생산된 BMW X7 xDrive30d 차량에서 스티어링 스핀들* 관련한 제작결함이 발견 되었습니다. 생산과정에서의 조립공정 오류로 스티어링 스핀들 고정너트를 체결하지 않았을 가능성이 있습니다.,SUV
메르세데스 벤츠,GLC 300 4MATIC Coupe,2019-11-14,2020-01-17,2020-08-28,6,"생산 공정상 오류로 인하여 터보차저 오일 공급 및 리턴 호스가 정확하게 장착되지 않았을 수 있습니다. 오일 호스가 올바르게 장착되지 않은 경우, 터보차저 오일 호스에서 오일이 누유 될 수 있습니다.",SUV
메르세데스 벤츠,GLC 300 4MATIC,2019-10-09,2020-01-15,2020-08-28,12,"생산 공정상 오류로 인하여 터보차저 오일 공급 및 리턴 호스가 정확하게 장착되지 않았을 수 있습니다. 오일 호스가 올바르게 장착되지 않은 경우, 터보차저 오일 호스에서 오일이 누유 될 수 있습니다.",SUV
메르세데스 벤츠,GLC 250 d 4MATIC,2018-02-28,2018-03-09,2020-08-28,6,"SOS 비상 전화 시스템(eCall)을 위한 통신 모듈 소프트웨어에 오류가 있습니다. SOS비상 전화 시스템(eCall): 운전자가 사고 발생 시 자동적으로 또는 SOS 버튼을 수동적으로 눌러 메르세데스-벤츠 비상 센터와 비상 전화로 통화가 가능하며, 현재 차량 위치 등의 차량 데이터가 메르세데스-벤츠 비상 센터로 전송됩니다. 이를 통하여 사고 발생 시 구조팀의 신속한 구조가 실행될 수 있습니다. SOS 비상 전화 시스템(eCall)을 위한 통신 모듈 소프트웨어에 오류가 있는 경우 SOS비상 전화 시스템(eCall)이 작동되지 않을 수 있습니다.",SUV
메르세데스 벤츠,GLC 350 e 4MATIC,2017-11-02,2018-03-02,2020-08-28,8,"SOS 비상 전화 시스템(eCall)을 위한 통신 모듈 소프트웨어에 오류가 있습니다. SOS비상 전화 시스템(eCall): 운전자가 사고 발생 시 자동적으로 또는 SOS 버튼을 수동적으로 눌러 메르세데스-벤츠 비상 센터와 비상 전화로 통화가 가능하며, 현재 차량 위치 등의 차량 데이터가 메르세데스-벤츠 비상 센터로 전송됩니다. 이를 통하여 사고 발생 시 구조팀의 신속한 구조가 실행될 수 있습니다. SOS 비상 전화 시스템(eCall)을 위한 통신 모듈 소프트웨어에 오류가 있는 경우 SOS비상 전화 시스템(eCall)이 작동되지 않을 수 있습니다.",SUV
메르세데스 벤츠,AMG GLC 43 4MATIC,2017-06-20,2017-09-28,2020-08-28,4,"SOS 비상 전화 시스템(eCall)을 위한 통신 모듈 소프트웨어에 오류가 있습니다. SOS비상 전화 시스템(eCall): 운전자가 사고 발생 시 자동적으로 또는 SOS 버튼을 수동적으로 눌러 메르세데스-벤츠 비상 센터와 비상 전화로 통화가 가능하며, 현재 차량 위치 등의 차량 데이터가 메르세데스-벤츠 비상 센터로 전송됩니다. 이를 통하여 사고 발생 시 구조팀의 신속한 구조가 실행될 수 있습니다. SOS 비상 전화 시스템(eCall)을 위한 통신 모듈 소프트웨어에 오류가 있는 경우 SOS비상 전화 시스템(eCall)이 작동되지 않을 수 있습니다.",SUV
메르세데스 벤츠,GLC 220 d 4MATIC,2017-06-12,2018-02-16,2020-08-28,13,"SOS 비상 전화 시스템(eCall)을 위한 통신 모듈 소프트웨어에 오류가 있습니다. SOS비상 전화 시스템(eCall): 운전자가 사고 발생 시 자동적으로 또는 SOS 버튼을 수동적으로 눌러 메르세데스-벤츠 비상 센터와 비상 전화로 통화가 가능하며, 현재 차량 위치 등의 차량 데이터가 메르세데스-벤츠 비상 센터로 전송됩니다. 이를 통하여 사고 발생 시 구조팀의 신속한 구조가 실행될 수 있습니다. SOS 비상 전화 시스템(eCall)을 위한 통신 모듈 소프트웨어에 오류가 있는 경우 SOS비상 전화 시스템(eCall)이 작동되지 않을 수 있습니다.",SUV
메르세데스 벤츠,GLC 250 d 4MATIC,2017-07-29,2017-07-29,2020-08-28,1,"SOS 비상 전화 시스템(eCall)을 위한 통신 모듈 소프트웨어에 오류가 있습니다. SOS비상 전화 시스템(eCall): 운전자가 사고 발생 시 자동적으로 또는 SOS 버튼을 수동적으로 눌러 메르세데스-벤츠 비상 센터와 비상 전화로 통화가 가능하며, 현재 차량 위치 등의 차량 데이터가 메르세데스-벤츠 비상 센터로 전송됩니다. 이를 통하여 사고 발생 시 구조팀의 신속한 구조가 실행될 수 있습니다. SOS 비상 전화 시스템(eCall)을 위한 통신 모듈 소프트웨어에 오류가 있는 경우 SOS비상 전화 시스템(eCall)이 작동되지 않을 수 있습니다.",SUV
메르세데스 벤츠,AMG GLC 43 4MATIC,2017-08-21,2018-02-24,2020-08-28,7,"SOS 비상 전화 시스템(eCall)을 위한 통신 모듈 소프트웨어에 오류가 있습니다. SOS비상 전화 시스템(eCall): 운전자가 사고 발생 시 자동적으로 또는 SOS 버튼을 수동적으로 눌러 메르세데스-벤츠 비상 센터와 비상 전화로 통화가 가능하며, 현재 차량 위치 등의 차량 데이터가 메르세데스-벤츠 비상 센터로 전송됩니다. 이를 통하여 사고 발생 시 구조팀의 신속한 구조가 실행될 수 있습니다. SOS 비상 전화 시스템(eCall)을 위한 통신 모듈 소프트웨어에 오류가 있는 경우 SOS비상 전화 시스템(eCall)이 작동되지 않을 수 있습니다.",SUV
메르세데스 벤츠,GLC 220 d 4MATIC,2017-08-09,2018-01-05,2020-08-28,10,"SOS 비상 전화 시스템(eCall)을 위한 통신 모듈 소프트웨어에 오류가 있습니다. SOS비상 전화 시스템(eCall): 운전자가 사고 발생 시 자동적으로 또는 SOS 버튼을 수동적으로 눌러 메르세데스-벤츠 비상 센터와 비상 전화로 통화가 가능하며, 현재 차량 위치 등의 차량 데이터가 메르세데스-벤츠 비상 센터로 전송됩니다. 이를 통하여 사고 발생 시 구조팀의 신속한 구조가 실행될 수 있습니다. SOS 비상 전화 시스템(eCall)을 위한 통신 모듈 소프트웨어에 오류가 있는 경우 SOS비상 전화 시스템(eCall)이 작동되지 않을 수 있습니다.",SUV
BMW,BMW X7 xDrive30d,2020-07-10,2020-07-10,2020-08-28,5,"2020년 7월 10일 생산된 BMW X7 xDrive30d, X5 M50d 차량에서 스타트 모터 고정볼트와 관련한 제작결함이 발견 되었습니다. 스타트 모터를 엔진에 장착시키는 생산공정에서 조립 오류로 스타트 모터* 고정볼트를 부 정확하게 체결하여 플라이 휠**과 간섭이 발생할 수 있습니다. *스타트 모터: 엔진의 시동을 위해 플라이 휠을 돌려주는 전기 모터 **플라이 휠: 엔진의 시동을 위해 크랭크축과 연결된 장치로, 스타트 모터가 작동 시 플라이 휠의 기어와 맞물려 회전",SUV
BMW,BMW X5 M50d,2020-07-10,2020-07-10,2020-08-28,1,"2020년 7월 10일 생산된 BMW X7 xDrive30d, X5 M50d 차량에서 스타트 모터 고정볼트와 관련한 제작결함이 발견 되었습니다. 스타트 모터를 엔진에 장착시키는 생산공정에서 조립 오류로 스타트 모터* 고정볼트를 부 정확하게 체결하여 플라이 휠**과 간섭이 발생할 수 있습니다. *스타트 모터: 엔진의 시동을 위해 플라이 휠을 돌려주는 전기 모터 **플라이 휠: 엔진의 시동을 위해 크랭크축과 연결된 장치로, 스타트 모터가 작동 시 플라이 휠의 기어와 맞물려 회전",SUV
현대자동차,싼타페(TM PE),2020-06-17,2020-08-21,2020-09-04,2097,원격 스마트 주차 보조(RSPA) 기능 작동 시 ESC 모듈 내부 신호 처리 오류로 간헐적으로 제동이 되지 않는 결함 ※ 원격 스마트 주차 보조(RSPA) : 운전자가 하차 상태에서 원격으로 주차/출차를 할 수 있게 해주는 주차 편의 시스템 ※ 자동차 안정성 제어 장치(ESC) : 각 센서 정보를 이용하여 차량의 자세가 불안정할 경우 각 바퀴의 제동력 및 엔진 토크를 제어하여 제동/조향 안정성을 유지하는 장치,SUV
기아,쏘렌토(MQ4),2020-02-26,2020-07-16,2020-09-04,10205,원격 스마트 주차 보조(RSPA) 기능 작동 시 ESC 모듈 내부 신호 처리 오류로 간헐적으로 제동이 되지 않는 결함 ※ 원격 스마트 주차 보조(RSPA) : 운전자가 하차 상태에서 원격으로 주차/출차를 할 수 있게 해주는 주차 편의 시스템 ※ 자동차 안정성 제어 장치(ESC) : 각 센서 정보를 이용하여 차량의 자세가 불안정할 경우 각 바퀴의 제동력 및 엔진 토크를 제어하여 제동/조향 안정성을 유지하는 장치,SUV
현대자동차,GV80(JX1),2019-12-31,2020-09-08,2020-09-17,8783,고압펌프 가공 시 발생된 버(burr)로 인해 구동부 마모 및 연료 압력 형성 불량으로 연료 공급이 되지 않을 수 있음 ※ 버(burr) : 금속재료 가공 시 발생되는 흠집,SUV
혼다코리아,ODYSSEY,2017-06-19,2019-10-15,2020-09-18,2424,가. 슬라이딩 도어 외부 핸들 케이블에 장착된 방수를 위한 커버에 틈이 발생됨. 나 .비나 세차 등으로 방수를 위한 커버의 틈을 통해 케이블 내부로 물이 침투될 수 있 고 기온이 매우 낮은 날씨에는 케이블 내부로 침투된 물이 동결 될 수 있음.,MPV/미니밴
혼다코리아,ODYSSEY,2018-04-24,2019-06-11,2020-09-18,1755,"가. 차량용 디스플레이 제어 시스템의 프런트 컨트롤 박스 내부 제어 프로그램이 부적절하여 후진으로 변속하여도, 차량 디스플레이에 후방 카메라 영상이 표시되지 않거나 표시되기까지 2초 이상 걸릴 수 있음. 나. 해당 결함은 FMVSS 111조의 S5.5.3항 “후진 개시 후 2초 이내 표시” 및 S5.5.5항 “후방 카메라 영상 가시성 유지” 조건을 충족시키지 못하여 제작결함 시정 조치함.",MPV/미니밴
혼다코리아,ODYSSEY,2017-06-19,2019-10-15,2020-09-18,2424,"가. 계기판 에 접속되는 통신 네트워크 상태가 불안정하여 다량의 화상 정보 등이 동시에 통신하는 경우, CPU 의 정보처리 능력이 부족하여 계기판의 차량 속도 등의 표시 또는 차량 디스플레이와 후방 카메라 영상 을 표시할 수 없음. 나. 해당 결함은 FMVSS 101조의 S2항 ""계기판 표시기 의 가시성 및 인식 보장"", 111 조의 S5.5.5항 ""후방 카메라영상 의 가시성 유지"" 조건을 충족시키지 못하여 제작결함 시정 조치를 진행.",MPV/미니밴
혼다코리아,ODYSSEY,2018-04-24,2019-10-15,2020-09-18,1755,"가. 증상1- 후방 카메라 커버에 크랙이 발생하여 렌즈에 물이 침투하여 렌즈가 흐려져 화면이 보기 힘들어 지며 기판에 부식이 발생할 경우 화면이 표시되지 않음. 증상2 -렌즈 내의 회로가 부적절하여 후방 카메라 화면이 표시되지 않음. 나. 해당 결함은 FMVSS 111 조의 S5.5.5 항 ""후방 카메라 영상의 가시성 유지""” 조건을 충족시키지 못하여 제작결함 시정 조치.",MPV/미니밴
포드,2020년식 Explorer,2019-08-24,2020-01-16,2020-09-25,6,시트 업체에서 시트 제작시 생산라인에서 운전석/조수석 시트 등받이 배치를 잘못하여 볼트 및 너트 중 하나 이상이 부적절한 힘(토크)으로 체결됨,SUV
BMW,BMW X5 xDrive45e iPerformance,2020-07-20,2020-08-07,2020-09-29,26,"당사의 문서번호『BGK-2020-A61-138』로 제출한 PHEV차량의 고전압 배터리 시정조치계획사전보고와 관련하여 BMW 독일본사로부터 추가적인 점검 방법과 점검 결과에 따른 기술적 조치 사항에 대한 내용을 전달 받아 정식 보고 드립니다. 점검 방법의 경우 고객에게 기 판매된 차량에 대해서는 고전압 배터리의 충전이력을 점검하여 80%이상 충전 이력이 확인된 차량은 고객에게 인도하여 차량 운행이 가능하도록 인도하는 방식에서 80%이상의 충전이력을 확인하고 확인된 차량에 한 하여 완전충전(100%) 기록이 차량에 수록되어 있는 경우에만 고객에게 인도하며 정상판정 기준의 충전이력이 확인되지 않은 차량의 경우 고전압 배터리 셀 모듈을 교체합니다. 또한 고객에게 판매되지 않은 차량에 대해서는 고전압 배터리를 완전 충전시킨 뒤 2시간동안 그대로 두고 35% 수준까지 방전시킨 뒤 전용 진단기를 통해 고장메모리의 수록 여부를 판독하여 고장메모리가 확인되면 고전압 배터리 셀 모듈을 교체 합니다. 판매 전 차량을 점검하는 과정에서 화재발생 시 해당 차량은 폐기 될 예정입니다. 금번 시정조치 사유는 기 사전보고 드렸던 내용과 동일하게, 고전압 배터리 팩 용접 시 발생하는 이물질을 제거하기 위한 세척 공정이 불 충분하여 고전압 배터리 팩 내에 이물질이 남아있을 수 있습니다. 이물질의 크기, 위치 등에 따라 충전 시 고전압 배터리의 팽창에 따른 배터리 팩과 이물질간 눌림이 발생하여 첫 번째 충전에서 80%이상 충전 시 고전압 배터리가 단락 되며 드문 경우 화재발생 가능성이 확인 되어 해당 시정조치를 실시합니다.",SUV
메르세데스 벤츠,GLK 220 CDI 4MATIC,2011-10-04,2013-10-31,2020-10-08,2779,"공급 업체의 열처리(경화) 공정이 불충분하여, 전방 차축 프로펠러 샤프트1의 유니버셜 조인트의 경도가 부족하게 제작되었을 수 있습니다. 또한, 해당 부품의 운송 중 불충분한 운송 포장으로 인하여 유니버셜 조인트의 십자축 가동 표면이 손상되었을 수 있습니다. 십자축 가동 표면의 손상으로 인해 전방 차축 유니버셜 조인트의 베어링이 마모가 발생될 수 있고, 그 결과 베어링의 간극이 커져서 오일 누유가 발생될 수 있습니다. 이러한 경우 베어링이 제대로 작동되지 않아 소음과 진동을 발생시킬 수 있습니다. 이러한 상황에서 운행을 지속적으로 하는 경우 충분한 경도가 확보되지 않은 유니버셜 조인트의 플랜지가 파손될 수 있습니다.",SUV
현대자동차,코나 전기차 (OS EV),2017-09-29,2020-03-13,2020-10-16,25564,코나 전기차 OS EV ) 일부 차량에서 만 충 후 주차 중 고전압배터리부에서 일부 배터리셀 제조불량에 의한 내부 단락 합선 으로 차량 화재 발생 가능성,SUV
메르세데스 벤츠,GLB 250 4MATIC,2019-05-16,2020-01-07,2020-10-23,6,공급업체의 생산 공정상 오류로 인해 리어스포일러가 사양에 맞지 않게 제작되었을 수 있습니다. 리어스포일러의 상부 커버가 스포일러 본체에 제대로 용접이 되지 않았을 수 있습니다.,SUV
메르세데스 벤츠,GLB 220,2019-05-21,2020-01-03,2020-10-23,6,공급업체의 생산 공정상 오류로 인해 리어스포일러가 사양에 맞지 않게 제작되었을 수 있습니다. 리어스포일러의 상부 커버가 스포일러 본체에 제대로 용접이 되지 않았을 수 있습니다.,SUV
메르세데스 벤츠,GLB 200 d,2019-05-16,2019-06-12,2020-10-23,2,공급업체의 생산 공정상 오류로 인해 리어스포일러가 사양에 맞지 않게 제작되었을 수 있습니다. 리어스포일러의 상부 커버가 스포일러 본체에 제대로 용접이 되지 않았을 수 있습니다.,SUV
기아,카니발(KA4),2020-08-18,2020-09-29,2020-10-23,82,디젤 2.2 엔진 연료공급호스 클램프 조립 협력사 변경 이후 클램프 조립 시 일부 느슨하게 체결되는 작업 불량에 의한 연료 누유 발생 가능성,MPV/미니밴
기아,카니발(KA4),2020-07-31,2020-10-06,2020-10-23,4896,디젤 2.2 엔진 연료공급호스 클램프 조립 협력사 변경 이후 클램프 조립 시 일부 느슨하게 체결되는 작업 불량에 의한 연료 누유 발생 가능성,MPV/미니밴
현대자동차,싼타페(TM PE),2020-07-31,2020-09-22,2020-10-23,1907,디젤 2.2 엔진 연료공급호스 클램프 조립 협력사 변경 이후 클램프 조립 시 일부 느슨하게 체결되는 작업 불량에 의한 연료 누유 발생 가능성,SUV
기아,쏘렌토(MQ4),2020-07-30,2020-10-06,2020-10-23,542,디젤 2.2 엔진 연료공급호스 클램프 조립 협력사 변경 이후 클램프 조립 시 일부 느슨하게 체결되는 작업 불량에 의한 연료 누유 발생 가능성,SUV
BMW,BMW X5 xDrive45e iPerformance,2020-06-02,2020-07-21,2020-10-26,131,"‘자동차 및 자동차부품의 성능과 기준에 관한 규칙’ 제40조의3(주차등) 조항에 따르면, 길이가 600센티미터 이하, 너비가 200센티미터 이하인 자동차에 주차등 설치를 허용하고 있으며, 설치 하려는 때에는 별표6의32 기준을 충족할 것을 요구하고 있습니다. 그리고 동 규칙 제47조 제3항에 따르면, 제40조의3에 규정되지 아니한 등화나 반사기 등을 설치하는 것은 금지되고 있습니다. *주차등: 이면도로 등에 주차된 차량의 추돌사고 등을 방지하기 위한 목적으로 차량의 위치를 알리고자 주차 후 좌측 또는 우측의 후미등을 켤 수 있도록 하는 기능",SUV
BMW,BMW X5 xDrive40i,2018-10-23,2020-07-18,2020-10-26,372,"‘자동차 및 자동차부품의 성능과 기준에 관한 규칙’ 제40조의3(주차등) 조항에 따르면, 길이가 600센티미터 이하, 너비가 200센티미터 이하인 자동차에 주차등 설치를 허용하고 있으며, 설치 하려는 때에는 별표6의32 기준을 충족할 것을 요구하고 있습니다. 그리고 동 규칙 제47조 제3항에 따르면, 제40조의3에 규정되지 아니한 등화나 반사기 등을 설치하는 것은 금지되고 있습니다. *주차등: 이면도로 등에 주차된 차량의 추돌사고 등을 방지하기 위한 목적으로 차량의 위치를 알리고자 주차 후 좌측 또는 우측의 후미등을 켤 수 있도록 하는 기능",SUV
BMW,BMW X5 xDrive40d,2020-07-07,2020-07-27,2020-10-26,9,"‘자동차 및 자동차부품의 성능과 기준에 관한 규칙’ 제40조의3(주차등) 조항에 따르면, 길이가 600센티미터 이하, 너비가 200센티미터 이하인 자동차에 주차등 설치를 허용하고 있으며, 설치 하려는 때에는 별표6의32 기준을 충족할 것을 요구하고 있습니다. 그리고 동 규칙 제47조 제3항에 따르면, 제40조의3에 규정되지 아니한 등화나 반사기 등을 설치하는 것은 금지되고 있습니다. *주차등: 이면도로 등에 주차된 차량의 추돌사고 등을 방지하기 위한 목적으로 차량의 위치를 알리고자 주차 후 좌측 또는 우측의 후미등을 켤 수 있도록 하는 기능",SUV
BMW,BMW X5 xDrive30d,2018-08-20,2020-07-22,2020-10-26,3556,"‘자동차 및 자동차부품의 성능과 기준에 관한 규칙’ 제40조의3(주차등) 조항에 따르면, 길이가 600센티미터 이하, 너비가 200센티미터 이하인 자동차에 주차등 설치를 허용하고 있으며, 설치 하려는 때에는 별표6의32 기준을 충족할 것을 요구하고 있습니다. 그리고 동 규칙 제47조 제3항에 따르면, 제40조의3에 규정되지 아니한 등화나 반사기 등을 설치하는 것은 금지되고 있습니다. *주차등: 이면도로 등에 주차된 차량의 추돌사고 등을 방지하기 위한 목적으로 차량의 위치를 알리고자 주차 후 좌측 또는 우측의 후미등을 켤 수 있도록 하는 기능",SUV
BMW,BMW X5 M50i,2020-06-09,2020-07-16,2020-10-26,21,"‘자동차 및 자동차부품의 성능과 기준에 관한 규칙’ 제40조의3(주차등) 조항에 따르면, 길이가 600센티미터 이하, 너비가 200센티미터 이하인 자동차에 주차등 설치를 허용하고 있으며, 설치 하려는 때에는 별표6의32 기준을 충족할 것을 요구하고 있습니다. 그리고 동 규칙 제47조 제3항에 따르면, 제40조의3에 규정되지 아니한 등화나 반사기 등을 설치하는 것은 금지되고 있습니다. *주차등: 이면도로 등에 주차된 차량의 추돌사고 등을 방지하기 위한 목적으로 차량의 위치를 알리고자 주차 후 좌측 또는 우측의 후미등을 켤 수 있도록 하는 기능",SUV
BMW,BMW X5 M50d,2018-08-17,2020-07-10,2020-10-26,274,"‘자동차 및 자동차부품의 성능과 기준에 관한 규칙’ 제40조의3(주차등) 조항에 따르면, 길이가 600센티미터 이하, 너비가 200센티미터 이하인 자동차에 주차등 설치를 허용하고 있으며, 설치 하려는 때에는 별표6의32 기준을 충족할 것을 요구하고 있습니다. 그리고 동 규칙 제47조 제3항에 따르면, 제40조의3에 규정되지 아니한 등화나 반사기 등을 설치하는 것은 금지되고 있습니다. *주차등: 이면도로 등에 주차된 차량의 추돌사고 등을 방지하기 위한 목적으로 차량의 위치를 알리고자 주차 후 좌측 또는 우측의 후미등을 켤 수 있도록 하는 기능",SUV
BMW,BMW X5 M,2019-12-19,2020-07-11,2020-10-26,28,"‘자동차 및 자동차부품의 성능과 기준에 관한 규칙’ 제40조의3(주차등) 조항에 따르면, 길이가 600센티미터 이하, 너비가 200센티미터 이하인 자동차에 주차등 설치를 허용하고 있으며, 설치 하려는 때에는 별표6의32 기준을 충족할 것을 요구하고 있습니다. 그리고 동 규칙 제47조 제3항에 따르면, 제40조의3에 규정되지 아니한 등화나 반사기 등을 설치하는 것은 금지되고 있습니다. *주차등: 이면도로 등에 주차된 차량의 추돌사고 등을 방지하기 위한 목적으로 차량의 위치를 알리고자 주차 후 좌측 또는 우측의 후미등을 켤 수 있도록 하는 기능",SUV
메르세데스 벤츠,GLA 220,2019-05-20,2019-05-28,2020-11-20,119,"생산 조립 공정 오류로 인하여 전방 퓨즈 박스의 차체 연결부 너트가 제대로 조여지지 않은 상태로 장착되었을 수 있습니다. 전방 퓨즈 박스가 차체에 제대로 고정되지 않은 경우 주행 중 전방 퓨즈 박스에 진동이 발생될 수 있고, 진동으로 인한 전방 퓨즈 박스 내 퓨즈가 손상될 수 있습니다.",SUV
메르세데스 벤츠,GLE 300 d 4MATIC,2018-07-12,2020-07-23,2020-11-20,2210,"뒷좌석 중앙 안전벨트 버클과 시트 쿠션의 설계 오류로 인해 안전벨트 버클이 시트 쿠션의 틈새에 들어갈 수 있습니다. 안전벨트 버클이 시트 쿠션의 틈새에 들어갈 경우, 승객이 안전벨트를 착용하지 못할 수 있습니다.",SUV
메르세데스 벤츠,GLE 350 4MATIC,2019-11-15,2019-11-15,2020-11-20,1,"뒷좌석 중앙 안전벨트 버클과 시트 쿠션의 설계 오류로 인해 안전벨트 버클이 시트 쿠션의 틈새에 들어갈 수 있습니다. 안전벨트 버클이 시트 쿠션의 틈새에 들어갈 경우, 승객이 안전벨트를 착용하지 못할 수 있습니다.",SUV
메르세데스 벤츠,GLE 450 4MATIC,2018-08-01,2020-07-24,2020-11-20,2975,"뒷좌석 중앙 안전벨트 버클과 시트 쿠션의 설계 오류로 인해 안전벨트 버클이 시트 쿠션의 틈새에 들어갈 수 있습니다. 안전벨트 버클이 시트 쿠션의 틈새에 들어갈 경우, 승객이 안전벨트를 착용하지 못할 수 있습니다.",SUV
메르세데스 벤츠,AMG GLE 63 S 4MATIC,2019-11-04,2020-02-19,2020-11-20,4,"뒷좌석 중앙 안전벨트 버클과 시트 쿠션의 설계 오류로 인해 안전벨트 버클이 시트 쿠션의 틈새에 들어갈 수 있습니다. 안전벨트 버클이 시트 쿠션의 틈새에 들어갈 경우, 승객이 안전벨트를 착용하지 못할 수 있습니다.",SUV
메르세데스 벤츠,AMG GLE 53 4MATIC+,2019-11-01,2020-07-09,2020-11-20,6,"뒷좌석 중앙 안전벨트 버클과 시트 쿠션의 설계 오류로 인해 안전벨트 버클이 시트 쿠션의 틈새에 들어갈 수 있습니다. 안전벨트 버클이 시트 쿠션의 틈새에 들어갈 경우, 승객이 안전벨트를 착용하지 못할 수 있습니다.",SUV
메르세데스 벤츠,GLE 350 e 4MATIC,2020-03-25,2020-03-25,2020-11-20,1,"뒷좌석 중앙 안전벨트 버클과 시트 쿠션의 설계 오류로 인해 안전벨트 버클이 시트 쿠션의 틈새에 들어갈 수 있습니다. 안전벨트 버클이 시트 쿠션의 틈새에 들어갈 경우, 승객이 안전벨트를 착용하지 못할 수 있습니다.",SUV
메르세데스 벤츠,GLE 400 d 4MATIC,2019-07-23,2020-07-24,2020-11-20,44,"뒷좌석 중앙 안전벨트 버클과 시트 쿠션의 설계 오류로 인해 안전벨트 버클이 시트 쿠션의 틈새에 들어갈 수 있습니다. 안전벨트 버클이 시트 쿠션의 틈새에 들어갈 경우, 승객이 안전벨트를 착용하지 못할 수 있습니다.",SUV
메르세데스 벤츠,AMG GLE 53 4MATIC +,2019-10-15,2020-07-06,2020-11-20,4,"뒷좌석 중앙 안전벨트 버클과 시트 쿠션의 설계 오류로 인해 안전벨트 버클이 시트 쿠션의 틈새에 들어갈 수 있습니다. 안전벨트 버클이 시트 쿠션의 틈새에 들어갈 경우, 승객이 안전벨트를 착용하지 못할 수 있습니다.",SUV
현대자동차,투싼(TL),2018-02-27,2019-12-07,2020-11-24,50317,HECU 모듈 내 회로 기판의 전기적 합선 (합선 원인 조사 중),SUV
BMW,BMW X5 xDrive45e,2020-10-16,2020-10-16,2020-11-25,1,고전압 배터리 팩 용접 시 발생하는 이물질을 제거하기 위한 세척 공정이 불 충분하여 고전압 배터리 팩 내에 이물질이 남아있을 수 있습니다.,SUV
기아,모하비(HM),2020-10-14,2020-10-21,2020-12-03,12,해당 공정 신규 작업자 브레이크 파이프 오조립,SUV
BMW,BMW X5 M,2020-06-08,2020-06-12,2020-12-04,3,"BMW 자체 품질 조사 결과 2020년 6월 1일부터 2020년 6월 28일까지 생산된 BMW X5 M, X5 M50i, X5 xDrive30d, X5 xDrive40i, X5 xDrive45e iPerformance, X6 M, X6 xDrive30d, X6 xDrive40i, X7 M50i, X7 xDrive30d, X7 xDrive40i 차량에서 앞 차축(서브프레임)*과 관련된 제작결함이 발견 되었습니다. 앞 차축(서브 프레임)*을 생산하는 설비 중 용접장비가 유지보수 작업 후 정확한 용접위치로 조정되지 않은 것이 확인 되었습니다.",SUV
BMW,BMW X5 M50i,2020-06-02,2020-06-02,2020-12-04,1,"BMW 자체 품질 조사 결과 2020년 6월 1일부터 2020년 6월 28일까지 생산된 BMW X5 M, X5 M50i, X5 xDrive30d, X5 xDrive40i, X5 xDrive45e iPerformance, X6 M, X6 xDrive30d, X6 xDrive40i, X7 M50i, X7 xDrive30d, X7 xDrive40i 차량에서 앞 차축(서브프레임)*과 관련된 제작결함이 발견 되었습니다. 앞 차축(서브 프레임)*을 생산하는 설비 중 용접장비가 유지보수 작업 후 정확한 용접위치로 조정되지 않은 것이 확인 되었습니다.",SUV
BMW,BMW X5 xDrive30d,2020-06-01,2020-06-18,2020-12-04,24,"BMW 자체 품질 조사 결과 2020년 6월 1일부터 2020년 6월 28일까지 생산된 BMW X5 M, X5 M50i, X5 xDrive30d, X5 xDrive40i, X5 xDrive45e iPerformance, X6 M, X6 xDrive30d, X6 xDrive40i, X7 M50i, X7 xDrive30d, X7 xDrive40i 차량에서 앞 차축(서브프레임)*과 관련된 제작결함이 발견 되었습니다. 앞 차축(서브 프레임)*을 생산하는 설비 중 용접장비가 유지보수 작업 후 정확한 용접위치로 조정되지 않은 것이 확인 되었습니다.",SUV
BMW,BMW X5 xDrive40i,2020-06-06,2020-06-16,2020-12-04,4,"BMW 자체 품질 조사 결과 2020년 6월 1일부터 2020년 6월 28일까지 생산된 BMW X5 M, X5 M50i, X5 xDrive30d, X5 xDrive40i, X5 xDrive45e iPerformance, X6 M, X6 xDrive30d, X6 xDrive40i, X7 M50i, X7 xDrive30d, X7 xDrive40i 차량에서 앞 차축(서브프레임)*과 관련된 제작결함이 발견 되었습니다. 앞 차축(서브 프레임)*을 생산하는 설비 중 용접장비가 유지보수 작업 후 정확한 용접위치로 조정되지 않은 것이 확인 되었습니다.",SUV
BMW,BMW X5 xDrive40e iPerformance,2020-06-02,2020-06-15,2020-12-04,3,"BMW 자체 품질 조사 결과 2020년 6월 1일부터 2020년 6월 28일까지 생산된 BMW X5 M, X5 M50i, X5 xDrive30d, X5 xDrive40i, X5 xDrive45e iPerformance, X6 M, X6 xDrive30d, X6 xDrive40i, X7 M50i, X7 xDrive30d, X7 xDrive40i 차량에서 앞 차축(서브프레임)*과 관련된 제작결함이 발견 되었습니다. 앞 차축(서브 프레임)*을 생산하는 설비 중 용접장비가 유지보수 작업 후 정확한 용접위치로 조정되지 않은 것이 확인 되었습니다.",SUV
BMW,BMW X7 M50i,2020-06-06,2020-06-09,2020-12-04,2,"BMW 자체 품질 조사 결과 2020년 6월 1일부터 2020년 6월 28일까지 생산된 BMW X5 M, X5 M50i, X5 xDrive30d, X5 xDrive40i, X5 xDrive45e iPerformance, X6 M, X6 xDrive30d, X6 xDrive40i, X7 M50i, X7 xDrive30d, X7 xDrive40i 차량에서 앞 차축(서브프레임)*과 관련된 제작결함이 발견 되었습니다. 앞 차축(서브 프레임)*을 생산하는 설비 중 용접장비가 유지보수 작업 후 정확한 용접위치로 조정되지 않은 것이 확인 되었습니다.",SUV
BMW,BMW X7 xDrive30d,2020-06-04,2020-06-28,2020-12-04,9,"BMW 자체 품질 조사 결과 2020년 6월 1일부터 2020년 6월 28일까지 생산된 BMW X5 M, X5 M50i, X5 xDrive30d, X5 xDrive40i, X5 xDrive45e iPerformance, X6 M, X6 xDrive30d, X6 xDrive40i, X7 M50i, X7 xDrive30d, X7 xDrive40i 차량에서 앞 차축(서브프레임)*과 관련된 제작결함이 발견 되었습니다. 앞 차축(서브 프레임)*을 생산하는 설비 중 용접장비가 유지보수 작업 후 정확한 용접위치로 조정되지 않은 것이 확인 되었습니다.",SUV
BMW,BMW X7 xDrive40i,2020-06-15,2020-06-16,2020-12-04,7,"BMW 자체 품질 조사 결과 2020년 6월 1일부터 2020년 6월 28일까지 생산된 BMW X5 M, X5 M50i, X5 xDrive30d, X5 xDrive40i, X5 xDrive45e iPerformance, X6 M, X6 xDrive30d, X6 xDrive40i, X7 M50i, X7 xDrive30d, X7 xDrive40i 차량에서 앞 차축(서브프레임)*과 관련된 제작결함이 발견 되었습니다. 앞 차축(서브 프레임)*을 생산하는 설비 중 용접장비가 유지보수 작업 후 정확한 용접위치로 조정되지 않은 것이 확인 되었습니다.",SUV
현대자동차,코나(OS) HEV,2019-08-02,2020-11-17,2020-12-10,8382,IEB 모터 제어 로직의 Fail Safe(고장안전대책) 로직 구성 미흡 * Fail Safe(고장안전대책) : 특정 장치의 고장 시에도 최소한의 안전성을 확보하여 위험을 예방하는 기능,SUV
현대자동차,코나(OS) EV,2018-05-11,2020-11-10,2020-12-10,32343,IEB 모터 제어 로직의 Fail Safe(고장안전대책) 로직 구성 미흡 * Fail Safe(고장안전대책) : 특정 장치의 고장 시에도 최소한의 안전성을 확보하여 위험을 예방하는 기능,SUV
메르세데스 벤츠,GLC 300 4MATIC,2019-12-12,2020-01-16,2020-12-11,87,공급업체 생산 오류로 인하여 손상된 전동식 파워스티어링 컨트롤 유닛의 배선이 장착 되었을 수 있습니다.손상된 배선이 장착된 경우 손상된 부위로 습기가 유입되어 전동식 파워스티어링 컨트롤 유닛 내부로 수분이 침투될 수 있습니다.,SUV
메르세데스 벤츠,GLC 300 4MATIC Coup,2019-12-12,2020-02-04,2020-12-11,56,공급업체 생산 오류로 인하여 손상된 전동식 파워스티어링 컨트롤 유닛의 배선이 장착 되었을 수 있습니다.손상된 배선이 장착된 경우 손상된 부위로 습기가 유입되어 전동식 파워스티어링 컨트롤 유닛 내부로 수분이 침투될 수 있습니다.,SUV
메르세데스 벤츠,GLC 300 e 4MATIC,2019-05-15,2019-05-20,2020-12-11,3,"설계 과정 오류로 인하여 파워 일렉트로닉스와 전동식 장치 사이의 고전압 배선 실드(shield)가 내구성 부족으로 특정 주행 상황 (예를 들면, 고속으로 주행하거나 전기 부스트 기능(킥 다운)을 자주 사용하는 경우)에서 발생할 수 있는 전기 부하를 견디지 못할 수 있습니다. 고전압 배선의 실드가 전기 과부하로 손상된 경우, 실드 접점에 유도된 전류로 인해 고전압 배선에 연결된 파워 일렉트로닉스(1)가 오작동 할 수 있습니다. (1) 파워 일렉트로닉스: 파워 일렉트로닉 컨트롤 유닛과 DC/DC컨버터로 구성되고, 전동식 장치(전기 모터)를 제어합니다.",SUV
메르세데스 벤츠,GLC 300 e 4MATIC Coupe,2019-05-17,2019-05-18,2020-12-11,3,"설계 과정 오류로 인하여 파워 일렉트로닉스와 전동식 장치 사이의 고전압 배선 실드(shield)가 내구성 부족으로 특정 주행 상황 (예를 들면, 고속으로 주행하거나 전기 부스트 기능(킥 다운)을 자주 사용하는 경우)에서 발생할 수 있는 전기 부하를 견디지 못할 수 있습니다. 고전압 배선의 실드가 전기 과부하로 손상된 경우, 실드 접점에 유도된 전류로 인해 고전압 배선에 연결된 파워 일렉트로닉스(1)가 오작동 할 수 있습니다. (1) 파워 일렉트로닉스: 파워 일렉트로닉 컨트롤 유닛과 DC/DC컨버터로 구성되고, 전동식 장치(전기 모터)를 제어합니다.",SUV
메르세데스 벤츠,GLE 350 e 4MATIC,2020-08-12,2020-08-12,2020-12-11,1,"설계 과정 오류로 인하여 파워 일렉트로닉스와 전동식 장치 사이의 고전압 배선 실드(shield)가 내구성 부족으로 특정 주행 상황 (예를 들면, 고속으로 주행하거나 전기 부스트 기능(킥 다운)을 자주 사용하는 경우)에서 발생할 수 있는 전기 부하를 견디지 못할 수 있습니다. 고전압 배선의 실드가 전기 과부하로 손상된 경우, 실드 접점에 유도된 전류로 인해 고전압 배선에 연결된 파워 일렉트로닉스(1)가 오작동 할 수 있습니다. (1) 파워 일렉트로닉스: 파워 일렉트로닉 컨트롤 유닛과 DC/DC컨버터로 구성되고, 전동식 장치(전기 모터)를 제어합니다.",SUV
메르세데스 벤츠,GLC 220 d 4MATIC,2019-02-04,2019-02-05,2020-12-24,2,생산 공정 오류로 인하여 전조등(LED 멀티빔)의 조사 범위가 사양에 맞지 않게 설치되었을 수 있습니다. 전조등의 기본 설정이 너무 낮게 설치 되어 전조 범위가 줄어들 수 있습니다. 이러한 경우 차량 전면부 조명 영역이 감소되어 차량의 충돌 위험이 발생될 수 있습니다.,SUV
메르세데스 벤츠,GLC 300 d 4MATIC,2019-02-05,2019-02-19,2020-12-24,2,생산 공정 오류로 인하여 전조등(LED 멀티빔)의 조사 범위가 사양에 맞지 않게 설치되었을 수 있습니다. 전조등의 기본 설정이 너무 낮게 설치 되어 전조 범위가 줄어들 수 있습니다. 이러한 경우 차량 전면부 조명 영역이 감소되어 차량의 충돌 위험이 발생될 수 있습니다.,SUV
메르세데스 벤츠,GLC 300 4MATIC,2019-02-06,2019-02-12,2020-12-24,2,생산 공정 오류로 인하여 전조등(LED 멀티빔)의 조사 범위가 사양에 맞지 않게 설치되었을 수 있습니다. 전조등의 기본 설정이 너무 낮게 설치 되어 전조 범위가 줄어들 수 있습니다. 이러한 경우 차량 전면부 조명 영역이 감소되어 차량의 충돌 위험이 발생될 수 있습니다.,SUV
토요타,토요타 시에나 AWD,2017-09-05,2019-09-05,2020-12-24,275,"연료펌프의 내부 부품(임펠러)의 제조가 부적절하여 해당부품이 변형되어, 임펠러와 펌프케이스가 간섭 될 가능성이 있음. *금번 리콜은 2020년 4월 29일부터 현재 시행 중인, 「연료펌프 리콜-대상대수 4,686대(리콜번호: 2020RIV052)」에 대하여 대상차량이 추가 된 사항입니다.",MPV/미니밴
토요타,토요타 시에나 2WD,2017-09-05,2019-09-04,2020-12-24,68,"연료펌프의 내부 부품(임펠러)의 제조가 부적절하여 해당부품이 변형되어, 임펠러와 펌프케이스가 간섭 될 가능성이 있음. *금번 리콜은 2020년 4월 29일부터 현재 시행 중인, 「연료펌프 리콜-대상대수 4,686대(리콜번호: 2020RIV052)」에 대하여 대상차량이 추가 된 사항입니다.",MPV/미니밴
토요타,토요타 RAV4 하이브리드 2WD,2018-10-25,2018-10-25,2020-12-24,1,"연료펌프의 내부 부품(임펠러)의 제조가 부적절하여 해당부품이 변형되어, 임펠러와 펌프케이스가 간섭 될 가능성이 있음. *금번 리콜은 2020년 4월 29일부터 현재 시행 중인, 「연료펌프 리콜-대상대수 4,686대(리콜번호: 2020RIV052)」에 대하여 대상차량이 추가 된 사항입니다.",SUV
BMW,BMW X5 xDrive30d,2020-07-28,2020-09-27,2020-12-29,27,"발전기 +, - 배선 설치 공정에서의 오류로 단자의 부 정확한 고정 가능성으로 단자와 배선의 접촉이 완결하지 않을 수 있습니다.",SUV
BMW,BMW X5 xDrive40d,2020-06-14,2020-08-25,2020-12-29,7,"발전기 +, - 배선 설치 공정에서의 오류로 단자의 부 정확한 고정 가능성으로 단자와 배선의 접촉이 완결하지 않을 수 있습니다.",SUV
BMW,BMW X5 xDrive40i,2020-08-07,2020-08-14,2020-12-29,2,"발전기 +, - 배선 설치 공정에서의 오류로 단자의 부 정확한 고정 가능성으로 단자와 배선의 접촉이 완결하지 않을 수 있습니다.",SUV
BMW,BMW X7 xDrive40d,2020-08-03,2020-09-12,2020-12-29,17,"발전기 +, - 배선 설치 공정에서의 오류로 단자의 부 정확한 고정 가능성으로 단자와 배선의 접촉이 완결하지 않을 수 있습니다.",SUV
BMW,BMW X5 xDrive45e iPerformance,2020-06-06,2020-09-11,2020-12-29,233,배터리 셀의 제조공정 과정에서 배터리 셀 내에 이물질(용접비산물질)이 완벽하게 제거되지 않았을 가능성이 있습니다.,SUV
기아,니로(DE),2020-12-21,2020-12-21,2021-01-21,3,신규 작업자에 의해 일부 차량의 운전석 안전띠 높이조절장치 결합부가 규격 대비 낮은 토크로 조립되었을 가능성,SUV
기아,니로 전기차(DE EV),2020-12-21,2020-12-22,2021-01-21,18,신규 작업자에 의해 일부 차량의 운전석 안전띠 높이조절장치 결합부가 규격 대비 낮은 토크로 조립되었을 가능성,SUV
현대자동차,GV80(JX1),2019-12-31,2020-09-08,2021-02-04,8783,고압펌프 리콜 조치 시 연료탱크 점검 미흡으로 리콜 조치 이후 일부 차량에서 시동꺼짐 재발생,SUV
볼보,XC90,2020-09-18,2020-09-21,2021-02-04,20,"스웨덴 공장(Torslanda Plant)에서 생산된 차량 중, 국내로 수입된 2021년식 V60CC, V90CC, XC60, XC90 일부 차량의 *SRS 컨트롤 유닛(SRS Control Unit) 이 조립 공정에서 작업자의 실수로 인해 제대로 고정되지 않을 수 있는 것을 발견하였습니다.",SUV
현대자동차,투싼(TL),2014-10-08,2020-10-10,2021-02-25,185030,HECU 모듈 내 회로 기판의 전기적 합선 (합선 원인 조사 중),SUV
포드,2020 Explorer,2020-07-28,2020-07-30,2021-02-26,43,"차량은 프론트 우측(조수석) 엔진 차체(마운트) 고정장치가 헐거워 질 수 있습니다. 엔진 차체 고정장치가 헐거워지면 소음 및 진동이 발생하고 차축이 엔진에서 분리되거나 엔진 손상, 오일 누유 및 동력 손실이 발생할 수 있음 - 대상차량 총 43대 (고객미판매 차량 7대 포함)",SUV
메르세데스 벤츠,Mercedes-AMG GLC 63 S 4MATIC,2018-04-16,2019-04-01,2021-02-26,116,"생산 공정 편차로 인하여 스타터의 전원 공급 배선이 잘못 장착되었을 수 있습니다. 스타터의 전원 공급 배선이 스타터 하우징과 간섭될 수 있고, 차량 운행시 진동으로 인해 전원 공급 배선이 마모되어 단락 될 수 있습니다.",SUV
메르세데스 벤츠,Mercedes-AMG GLC 63 4MATIC,2018-04-19,2018-11-23,2021-02-26,140,"생산 공정 편차로 인하여 스타터의 전원 공급 배선이 잘못 장착되었을 수 있습니다. 스타터의 전원 공급 배선이 스타터 하우징과 간섭될 수 있고, 차량 운행시 진동으로 인해 전원 공급 배선이 마모되어 단락 될 수 있습니다.",SUV
메르세데스 벤츠,GLC 300 e 4MATIC Coupe,2018-12-18,2021-01-29,2021-03-01,2093,"비상 통신 시스템(eCall)을 위한 통신 모듈 소프트웨어가 사양에 맞지 않을 수 있습니다. 차량 충돌로 인해 통신 모듈의 전원 공급이 일시적으로 중단된 경우, 차량 위치가 잘못 전송 될 수 있습니다.",SUV
메르세데스 벤츠,Mercedes-AMG GLC 43 4MATIC Coupe,2017-08-04,2021-01-29,2021-03-01,843,"비상 통신 시스템(eCall)을 위한 통신 모듈 소프트웨어가 사양에 맞지 않을 수 있습니다. 차량 충돌로 인해 통신 모듈의 전원 공급이 일시적으로 중단된 경우, 차량 위치가 잘못 전송 될 수 있습니다.",SUV
메르세데스 벤츠,GLC 300 4MATIC Coupe,2019-03-15,2021-01-29,2021-03-01,2048,"비상 통신 시스템(eCall)을 위한 통신 모듈 소프트웨어가 사양에 맞지 않을 수 있습니다. 차량 충돌로 인해 통신 모듈의 전원 공급이 일시적으로 중단된 경우, 차량 위치가 잘못 전송 될 수 있습니다.",SUV
메르세데스 벤츠,Mercedes-AMG GLC 63 S 4MATIC+ Coupe,2017-10-05,2020-08-28,2021-03-01,136,"비상 통신 시스템(eCall)을 위한 통신 모듈 소프트웨어가 사양에 맞지 않을 수 있습니다. 차량 충돌로 인해 통신 모듈의 전원 공급이 일시적으로 중단된 경우, 차량 위치가 잘못 전송 될 수 있습니다.",SUV
메르세데스 벤츠,GLC 220 d 4MATIC,2017-05-31,2018-10-04,2021-03-01,2302,"비상 통신 시스템(eCall)을 위한 통신 모듈 소프트웨어가 사양에 맞지 않을 수 있습니다. 차량 충돌로 인해 통신 모듈의 전원 공급이 일시적으로 중단된 경우, 차량 위치가 잘못 전송 될 수 있습니다.",SUV
메르세데스 벤츠,GLC 250 d 4MATIC,2017-02-11,2018-06-06,2021-03-01,796,"비상 통신 시스템(eCall)을 위한 통신 모듈 소프트웨어가 사양에 맞지 않을 수 있습니다. 차량 충돌로 인해 통신 모듈의 전원 공급이 일시적으로 중단된 경우, 차량 위치가 잘못 전송 될 수 있습니다.",SUV
메르세데스 벤츠,GLC 220 d 4MATIC Sports,2019-02-04,2021-01-29,2021-03-01,612,"비상 통신 시스템(eCall)을 위한 통신 모듈 소프트웨어가 사양에 맞지 않을 수 있습니다. 차량 충돌로 인해 통신 모듈의 전원 공급이 일시적으로 중단된 경우, 차량 위치가 잘못 전송 될 수 있습니다.",SUV
메르세데스 벤츠,GLC 300 d 4MATIC,2018-09-04,2019-02-19,2021-03-01,3,"비상 통신 시스템(eCall)을 위한 통신 모듈 소프트웨어가 사양에 맞지 않을 수 있습니다. 차량 충돌로 인해 통신 모듈의 전원 공급이 일시적으로 중단된 경우, 차량 위치가 잘못 전송 될 수 있습니다.",SUV
메르세데스 벤츠,GLC 300 4MATIC,2017-11-02,2019-07-12,2021-03-01,2380,"비상 통신 시스템(eCall)을 위한 통신 모듈 소프트웨어가 사양에 맞지 않을 수 있습니다. 차량 충돌로 인해 통신 모듈의 전원 공급이 일시적으로 중단된 경우, 차량 위치가 잘못 전송 될 수 있습니다.",SUV
메르세데스 벤츠,GLC 300 e 4MATIC,2019-05-15,2021-01-29,2021-03-01,1701,"비상 통신 시스템(eCall)을 위한 통신 모듈 소프트웨어가 사양에 맞지 않을 수 있습니다. 차량 충돌로 인해 통신 모듈의 전원 공급이 일시적으로 중단된 경우, 차량 위치가 잘못 전송 될 수 있습니다.",SUV
메르세데스 벤츠,GLC 350 e 4MATIC,2017-03-09,2019-06-12,2021-03-01,4728,"비상 통신 시스템(eCall)을 위한 통신 모듈 소프트웨어가 사양에 맞지 않을 수 있습니다. 차량 충돌로 인해 통신 모듈의 전원 공급이 일시적으로 중단된 경우, 차량 위치가 잘못 전송 될 수 있습니다.",SUV
메르세데스 벤츠,Mercedes-AMG GLC 43 4MATIC,2017-06-11,2021-01-18,2021-03-01,602,"비상 통신 시스템(eCall)을 위한 통신 모듈 소프트웨어가 사양에 맞지 않을 수 있습니다. 차량 충돌로 인해 통신 모듈의 전원 공급이 일시적으로 중단된 경우, 차량 위치가 잘못 전송 될 수 있습니다.",SUV
메르세데스 벤츠,GLC 300 4MATIC,2019-02-06,2021-01-12,2021-03-01,2213,"비상 통신 시스템(eCall)을 위한 통신 모듈 소프트웨어가 사양에 맞지 않을 수 있습니다. 차량 충돌로 인해 통신 모듈의 전원 공급이 일시적으로 중단된 경우, 차량 위치가 잘못 전송 될 수 있습니다.",SUV
메르세데스 벤츠,Mercedes-AMG GLC 63 4MATIC+,2017-12-11,2018-11-23,2021-03-01,142,"비상 통신 시스템(eCall)을 위한 통신 모듈 소프트웨어가 사양에 맞지 않을 수 있습니다. 차량 충돌로 인해 통신 모듈의 전원 공급이 일시적으로 중단된 경우, 차량 위치가 잘못 전송 될 수 있습니다.",SUV
메르세데스 벤츠,EQC 400 4MATIC,2019-03-12,2020-09-30,2021-03-01,803,"비상 통신 시스템(eCall)을 위한 통신 모듈 소프트웨어가 사양에 맞지 않을 수 있습니다. 차량 충돌로 인해 통신 모듈의 전원 공급이 일시적으로 중단된 경우, 차량 위치가 잘못 전송 될 수 있습니다.",SUV
메르세데스 벤츠,GLE 300 d 4MATIC,2021-01-27,2021-01-27,2021-03-01,1,"비상 통신 시스템(eCall)을 위한 통신 모듈 소프트웨어가 사양에 맞지 않을 수 있습니다. 차량 충돌로 인해 통신 모듈의 전원 공급이 일시적으로 중단된 경우, 차량 위치가 잘못 전송 될 수 있습니다.",SUV
메르세데스 벤츠,GLE 300 d 4MATIC,2018-07-12,2021-01-29,2021-03-01,2452,"비상 통신 시스템(eCall)을 위한 통신 모듈 소프트웨어가 사양에 맞지 않을 수 있습니다. 차량 충돌로 인해 통신 모듈의 전원 공급이 일시적으로 중단된 경우, 차량 위치가 잘못 전송 될 수 있습니다.",SUV
메르세데스 벤츠,GLE 400 d 4MATIC,2018-02-23,2019-11-20,2021-03-01,12,"비상 통신 시스템(eCall)을 위한 통신 모듈 소프트웨어가 사양에 맞지 않을 수 있습니다. 차량 충돌로 인해 통신 모듈의 전원 공급이 일시적으로 중단된 경우, 차량 위치가 잘못 전송 될 수 있습니다.",SUV
메르세데스 벤츠,GLE 350 e 4MATIC,2020-03-27,2021-01-26,2021-03-01,95,"비상 통신 시스템(eCall)을 위한 통신 모듈 소프트웨어가 사양에 맞지 않을 수 있습니다. 차량 충돌로 인해 통신 모듈의 전원 공급이 일시적으로 중단된 경우, 차량 위치가 잘못 전송 될 수 있습니다.",SUV
메르세데스 벤츠,GLE 450 4MATIC,2018-08-01,2021-01-29,2021-03-01,4115,"비상 통신 시스템(eCall)을 위한 통신 모듈 소프트웨어가 사양에 맞지 않을 수 있습니다. 차량 충돌로 인해 통신 모듈의 전원 공급이 일시적으로 중단된 경우, 차량 위치가 잘못 전송 될 수 있습니다.",SUV
메르세데스 벤츠,Mercedes-AMG GLE 53 4MATIC+,2019-10-15,2021-01-29,2021-03-01,181,"비상 통신 시스템(eCall)을 위한 통신 모듈 소프트웨어가 사양에 맞지 않을 수 있습니다. 차량 충돌로 인해 통신 모듈의 전원 공급이 일시적으로 중단된 경우, 차량 위치가 잘못 전송 될 수 있습니다.",SUV
메르세데스 벤츠,GLE 350 d 4MATIC Coupe,2019-05-03,2019-10-04,2021-03-01,2,"비상 통신 시스템(eCall)을 위한 통신 모듈 소프트웨어가 사양에 맞지 않을 수 있습니다. 차량 충돌로 인해 통신 모듈의 전원 공급이 일시적으로 중단된 경우, 차량 위치가 잘못 전송 될 수 있습니다.",SUV
메르세데스 벤츠,GLE 400 d 4MATIC Coupe,2019-07-23,2021-01-26,2021-03-01,1517,"비상 통신 시스템(eCall)을 위한 통신 모듈 소프트웨어가 사양에 맞지 않을 수 있습니다. 차량 충돌로 인해 통신 모듈의 전원 공급이 일시적으로 중단된 경우, 차량 위치가 잘못 전송 될 수 있습니다.",SUV
메르세데스 벤츠,GLE 350 e 4MATIC Coupe,2020-03-25,2021-01-08,2021-03-01,200,"비상 통신 시스템(eCall)을 위한 통신 모듈 소프트웨어가 사양에 맞지 않을 수 있습니다. 차량 충돌로 인해 통신 모듈의 전원 공급이 일시적으로 중단된 경우, 차량 위치가 잘못 전송 될 수 있습니다.",SUV
메르세데스 벤츠,Mercedes-AMG GLE 53 4MATIC+ Coupe,2019-11-01,2021-01-20,2021-03-01,186,"비상 통신 시스템(eCall)을 위한 통신 모듈 소프트웨어가 사양에 맞지 않을 수 있습니다. 차량 충돌로 인해 통신 모듈의 전원 공급이 일시적으로 중단된 경우, 차량 위치가 잘못 전송 될 수 있습니다.",SUV
메르세데스 벤츠,Mercedes-AMG GLE 63 S 4MATIC+ Coupe,2019-11-04,2021-01-20,2021-03-01,38,"비상 통신 시스템(eCall)을 위한 통신 모듈 소프트웨어가 사양에 맞지 않을 수 있습니다. 차량 충돌로 인해 통신 모듈의 전원 공급이 일시적으로 중단된 경우, 차량 위치가 잘못 전송 될 수 있습니다.",SUV
메르세데스 벤츠,GLS 350 d 4MATIC,2018-12-10,2018-12-10,2021-03-01,1,"비상 통신 시스템(eCall)을 위한 통신 모듈 소프트웨어가 사양에 맞지 않을 수 있습니다. 차량 충돌로 인해 통신 모듈의 전원 공급이 일시적으로 중단된 경우, 차량 위치가 잘못 전송 될 수 있습니다.",SUV
메르세데스 벤츠,GLS 400 d 4MATIC,2019-01-14,2021-01-20,2021-03-01,477,"비상 통신 시스템(eCall)을 위한 통신 모듈 소프트웨어가 사양에 맞지 않을 수 있습니다. 차량 충돌로 인해 통신 모듈의 전원 공급이 일시적으로 중단된 경우, 차량 위치가 잘못 전송 될 수 있습니다.",SUV
메르세데스 벤츠,GLS 580 4MATIC,2019-06-24,2021-01-20,2021-03-01,439,"비상 통신 시스템(eCall)을 위한 통신 모듈 소프트웨어가 사양에 맞지 않을 수 있습니다. 차량 충돌로 인해 통신 모듈의 전원 공급이 일시적으로 중단된 경우, 차량 위치가 잘못 전송 될 수 있습니다.",SUV
메르세데스 벤츠,Mercedes-Maybach GLS 600 4MATIC,2020-05-08,2020-12-12,2021-03-01,8,"비상 통신 시스템(eCall)을 위한 통신 모듈 소프트웨어가 사양에 맞지 않을 수 있습니다. 차량 충돌로 인해 통신 모듈의 전원 공급이 일시적으로 중단된 경우, 차량 위치가 잘못 전송 될 수 있습니다.",SUV
메르세데스 벤츠,EQA 250,2020-07-28,2020-11-30,2021-03-01,12,"비상 통신 시스템(eCall)을 위한 통신 모듈 소프트웨어가 사양에 맞지 않을 수 있습니다. 차량 충돌로 인해 통신 모듈의 전원 공급이 일시적으로 중단된 경우, 차량 위치가 잘못 전송 될 수 있습니다.",SUV
메르세데스 벤츠,GLB 200 d,2019-05-16,2021-01-28,2021-03-01,622,"비상 통신 시스템(eCall)을 위한 통신 모듈 소프트웨어가 사양에 맞지 않을 수 있습니다. 차량 충돌로 인해 통신 모듈의 전원 공급이 일시적으로 중단된 경우, 차량 위치가 잘못 전송 될 수 있습니다.",SUV
메르세데스 벤츠,GLB 220,2019-05-21,2021-01-28,2021-03-01,1284,"비상 통신 시스템(eCall)을 위한 통신 모듈 소프트웨어가 사양에 맞지 않을 수 있습니다. 차량 충돌로 인해 통신 모듈의 전원 공급이 일시적으로 중단된 경우, 차량 위치가 잘못 전송 될 수 있습니다.",SUV
메르세데스 벤츠,GLB 250 4MATIC,2019-04-24,2021-01-28,2021-03-01,2669,"비상 통신 시스템(eCall)을 위한 통신 모듈 소프트웨어가 사양에 맞지 않을 수 있습니다. 차량 충돌로 인해 통신 모듈의 전원 공급이 일시적으로 중단된 경우, 차량 위치가 잘못 전송 될 수 있습니다.",SUV
메르세데스 벤츠,Mercedes-AMG GLB 35 4MATIC,2020-03-30,2021-01-28,2021-03-01,264,"비상 통신 시스템(eCall)을 위한 통신 모듈 소프트웨어가 사양에 맞지 않을 수 있습니다. 차량 충돌로 인해 통신 모듈의 전원 공급이 일시적으로 중단된 경우, 차량 위치가 잘못 전송 될 수 있습니다.",SUV
메르세데스 벤츠,GLA 220,2019-11-07,2021-01-15,2021-03-01,433,"비상 통신 시스템(eCall)을 위한 통신 모듈 소프트웨어가 사양에 맞지 않을 수 있습니다. 차량 충돌로 인해 통신 모듈의 전원 공급이 일시적으로 중단된 경우, 차량 위치가 잘못 전송 될 수 있습니다.",SUV
메르세데스 벤츠,GLA 250 4MATIC,2019-10-25,2021-01-14,2021-03-01,1973,"비상 통신 시스템(eCall)을 위한 통신 모듈 소프트웨어가 사양에 맞지 않을 수 있습니다. 차량 충돌로 인해 통신 모듈의 전원 공급이 일시적으로 중단된 경우, 차량 위치가 잘못 전송 될 수 있습니다.",SUV
메르세데스 벤츠,Mercedes-AMG GLA 45 4MATIC,2020-03-02,2020-10-14,2021-03-01,47,"비상 통신 시스템(eCall)을 위한 통신 모듈 소프트웨어가 사양에 맞지 않을 수 있습니다. 차량 충돌로 인해 통신 모듈의 전원 공급이 일시적으로 중단된 경우, 차량 위치가 잘못 전송 될 수 있습니다.",SUV
메르세데스 벤츠,GLC 220 d 4MATIC Coupe,2017-06-01,2018-08-16,2021-03-01,2449,"비상 통신 시스템(eCall)을 위한 통신 모듈 소프트웨어가 사양에 맞지 않을 수 있습니다. 차량 충돌로 인해 통신 모듈의 전원 공급이 일시적으로 중단된 경우, 차량 위치가 잘못 전송 될 수 있습니다.",SUV
메르세데스 벤츠,GLC 250 d 4MATIC Coupe,2017-06-03,2018-07-11,2021-03-01,178,"비상 통신 시스템(eCall)을 위한 통신 모듈 소프트웨어가 사양에 맞지 않을 수 있습니다. 차량 충돌로 인해 통신 모듈의 전원 공급이 일시적으로 중단된 경우, 차량 위치가 잘못 전송 될 수 있습니다.",SUV
메르세데스 벤츠,GLC 220 d 4MATIC Coupe,2018-07-24,2021-01-29,2021-03-01,805,"비상 통신 시스템(eCall)을 위한 통신 모듈 소프트웨어가 사양에 맞지 않을 수 있습니다. 차량 충돌로 인해 통신 모듈의 전원 공급이 일시적으로 중단된 경우, 차량 위치가 잘못 전송 될 수 있습니다.",SUV
메르세데스 벤츠,GLC 300 4MATIC Coupe,2017-11-09,2019-07-15,2021-03-01,4086,"비상 통신 시스템(eCall)을 위한 통신 모듈 소프트웨어가 사양에 맞지 않을 수 있습니다. 차량 충돌로 인해 통신 모듈의 전원 공급이 일시적으로 중단된 경우, 차량 위치가 잘못 전송 될 수 있습니다.",SUV
BMW,BMW X7 xDrive40d,2020-11-21,2020-11-21,2021-03-05,2,"BMW 자체 품질조사결과 2020년 2월 10일부터 2020년 11월 30일까지 생산된 BMW 840i xDrive Gran Coupe, M4 Competition, 740Li xDrive, 730d xDrive, 745e iPerformance, 740i, X5 xDrive30d, X6 xDrive30d, X7 M50d, X7 xDrive 30d, M8 Gran Coupe Competition, X6 M50d, X5 xDrive40i, M8 Coupe Competition, 730Ld xDrive, 745Le iPerformance, 840d xDrive Gran Coupe, 740d xDrive, X6 xDrive40i, X7 xDrive40i, X5 xDrive45e iPerformance, X5 M50i, X6 M Competition, X7 xDrive40d, 840i xDrive Coupe 차량의 일부에서 브레이크 하이드롤릭 유닛(유압제어장치)*과 관련한 제작결함이 발견 되었습니다. 하이드롤릭 유닛을 생산하는 과정에서 하이드롤릿 유닛 내 브레이크 신호를 감지하는 전자 모터의 로터**와 샤프트***간 용접불량으로 로터가 샤프트에 정확하게 고정되지 않았을 수 있습니다. *하이드롤릭 유닛(유압제어장치): 운전자의 브레이크 페달 신호를 감지하여 페달양에 따라 제동력을 발생시키는 장치 **로터: 전기 모터에서 전선이 감겨 회전하는 부품 ***샤프트: 로터와 고정된 축",SUV
BMW,BMW X7 xDrive40i,2020-03-20,2020-10-17,2021-03-05,4,"BMW 자체 품질조사결과 2020년 2월 10일부터 2020년 11월 30일까지 생산된 BMW 840i xDrive Gran Coupe, M4 Competition, 740Li xDrive, 730d xDrive, 745e iPerformance, 740i, X5 xDrive30d, X6 xDrive30d, X7 M50d, X7 xDrive 30d, M8 Gran Coupe Competition, X6 M50d, X5 xDrive40i, M8 Coupe Competition, 730Ld xDrive, 745Le iPerformance, 840d xDrive Gran Coupe, 740d xDrive, X6 xDrive40i, X7 xDrive40i, X5 xDrive45e iPerformance, X5 M50i, X6 M Competition, X7 xDrive40d, 840i xDrive Coupe 차량의 일부에서 브레이크 하이드롤릭 유닛(유압제어장치)*과 관련한 제작결함이 발견 되었습니다. 하이드롤릭 유닛을 생산하는 과정에서 하이드롤릿 유닛 내 브레이크 신호를 감지하는 전자 모터의 로터**와 샤프트***간 용접불량으로 로터가 샤프트에 정확하게 고정되지 않았을 수 있습니다. *하이드롤릭 유닛(유압제어장치): 운전자의 브레이크 페달 신호를 감지하여 페달양에 따라 제동력을 발생시키는 장치 **로터: 전기 모터에서 전선이 감겨 회전하는 부품 ***샤프트: 로터와 고정된 축",SUV
BMW,BMW X5 M50i,2020-10-15,2020-10-15,2021-03-05,1,"BMW 자체 품질조사결과 2020년 2월 10일부터 2020년 11월 30일까지 생산된 BMW 840i xDrive Gran Coupe, M4 Competition, 740Li xDrive, 730d xDrive, 745e iPerformance, 740i, X5 xDrive30d, X6 xDrive30d, X7 M50d, X7 xDrive 30d, M8 Gran Coupe Competition, X6 M50d, X5 xDrive40i, M8 Coupe Competition, 730Ld xDrive, 745Le iPerformance, 840d xDrive Gran Coupe, 740d xDrive, X6 xDrive40i, X7 xDrive40i, X5 xDrive45e iPerformance, X5 M50i, X6 M Competition, X7 xDrive40d, 840i xDrive Coupe 차량의 일부에서 브레이크 하이드롤릭 유닛(유압제어장치)*과 관련한 제작결함이 발견 되었습니다. 하이드롤릭 유닛을 생산하는 과정에서 하이드롤릿 유닛 내 브레이크 신호를 감지하는 전자 모터의 로터**와 샤프트***간 용접불량으로 로터가 샤프트에 정확하게 고정되지 않았을 수 있습니다. *하이드롤릭 유닛(유압제어장치): 운전자의 브레이크 페달 신호를 감지하여 페달양에 따라 제동력을 발생시키는 장치 **로터: 전기 모터에서 전선이 감겨 회전하는 부품 ***샤프트: 로터와 고정된 축",SUV
BMW,BMW X5 xDrive30d,2020-02-17,2020-03-17,2021-03-05,4,"BMW 자체 품질조사결과 2020년 2월 10일부터 2020년 11월 30일까지 생산된 BMW 840i xDrive Gran Coupe, M4 Competition, 740Li xDrive, 730d xDrive, 745e iPerformance, 740i, X5 xDrive30d, X6 xDrive30d, X7 M50d, X7 xDrive 30d, M8 Gran Coupe Competition, X6 M50d, X5 xDrive40i, M8 Coupe Competition, 730Ld xDrive, 745Le iPerformance, 840d xDrive Gran Coupe, 740d xDrive, X6 xDrive40i, X7 xDrive40i, X5 xDrive45e iPerformance, X5 M50i, X6 M Competition, X7 xDrive40d, 840i xDrive Coupe 차량의 일부에서 브레이크 하이드롤릭 유닛(유압제어장치)*과 관련한 제작결함이 발견 되었습니다. 하이드롤릭 유닛을 생산하는 과정에서 하이드롤릿 유닛 내 브레이크 신호를 감지하는 전자 모터의 로터**와 샤프트***간 용접불량으로 로터가 샤프트에 정확하게 고정되지 않았을 수 있습니다. *하이드롤릭 유닛(유압제어장치): 운전자의 브레이크 페달 신호를 감지하여 페달양에 따라 제동력을 발생시키는 장치 **로터: 전기 모터에서 전선이 감겨 회전하는 부품 ***샤프트: 로터와 고정된 축",SUV
BMW,BMW X5 xDrive30d,2020-10-17,2020-10-19,2021-03-05,2,"BMW 자체 품질조사결과 2020년 2월 10일부터 2020년 11월 30일까지 생산된 BMW 840i xDrive Gran Coupe, M4 Competition, 740Li xDrive, 730d xDrive, 745e iPerformance, 740i, X5 xDrive30d, X6 xDrive30d, X7 M50d, X7 xDrive 30d, M8 Gran Coupe Competition, X6 M50d, X5 xDrive40i, M8 Coupe Competition, 730Ld xDrive, 745Le iPerformance, 840d xDrive Gran Coupe, 740d xDrive, X6 xDrive40i, X7 xDrive40i, X5 xDrive45e iPerformance, X5 M50i, X6 M Competition, X7 xDrive40d, 840i xDrive Coupe 차량의 일부에서 브레이크 하이드롤릭 유닛(유압제어장치)*과 관련한 제작결함이 발견 되었습니다. 하이드롤릭 유닛을 생산하는 과정에서 하이드롤릿 유닛 내 브레이크 신호를 감지하는 전자 모터의 로터**와 샤프트***간 용접불량으로 로터가 샤프트에 정확하게 고정되지 않았을 수 있습니다. *하이드롤릭 유닛(유압제어장치): 운전자의 브레이크 페달 신호를 감지하여 페달양에 따라 제동력을 발생시키는 장치 **로터: 전기 모터에서 전선이 감겨 회전하는 부품 ***샤프트: 로터와 고정된 축",SUV
BMW,BMW X5 xDrive40i,2020-02-19,2020-10-12,2021-03-05,3,"BMW 자체 품질조사결과 2020년 2월 10일부터 2020년 11월 30일까지 생산된 BMW 840i xDrive Gran Coupe, M4 Competition, 740Li xDrive, 730d xDrive, 745e iPerformance, 740i, X5 xDrive30d, X6 xDrive30d, X7 M50d, X7 xDrive 30d, M8 Gran Coupe Competition, X6 M50d, X5 xDrive40i, M8 Coupe Competition, 730Ld xDrive, 745Le iPerformance, 840d xDrive Gran Coupe, 740d xDrive, X6 xDrive40i, X7 xDrive40i, X5 xDrive45e iPerformance, X5 M50i, X6 M Competition, X7 xDrive40d, 840i xDrive Coupe 차량의 일부에서 브레이크 하이드롤릭 유닛(유압제어장치)*과 관련한 제작결함이 발견 되었습니다. 하이드롤릭 유닛을 생산하는 과정에서 하이드롤릿 유닛 내 브레이크 신호를 감지하는 전자 모터의 로터**와 샤프트***간 용접불량으로 로터가 샤프트에 정확하게 고정되지 않았을 수 있습니다. *하이드롤릭 유닛(유압제어장치): 운전자의 브레이크 페달 신호를 감지하여 페달양에 따라 제동력을 발생시키는 장치 **로터: 전기 모터에서 전선이 감겨 회전하는 부품 ***샤프트: 로터와 고정된 축",SUV
BMW,BMW X5 xDrive45e iPerformance,2020-10-16,2020-11-24,2021-03-05,2,"BMW 자체 품질조사결과 2020년 2월 10일부터 2020년 11월 30일까지 생산된 BMW 840i xDrive Gran Coupe, M4 Competition, 740Li xDrive, 730d xDrive, 745e iPerformance, 740i, X5 xDrive30d, X6 xDrive30d, X7 M50d, X7 xDrive 30d, M8 Gran Coupe Competition, X6 M50d, X5 xDrive40i, M8 Coupe Competition, 730Ld xDrive, 745Le iPerformance, 840d xDrive Gran Coupe, 740d xDrive, X6 xDrive40i, X7 xDrive40i, X5 xDrive45e iPerformance, X5 M50i, X6 M Competition, X7 xDrive40d, 840i xDrive Coupe 차량의 일부에서 브레이크 하이드롤릭 유닛(유압제어장치)*과 관련한 제작결함이 발견 되었습니다. 하이드롤릭 유닛을 생산하는 과정에서 하이드롤릿 유닛 내 브레이크 신호를 감지하는 전자 모터의 로터**와 샤프트***간 용접불량으로 로터가 샤프트에 정확하게 고정되지 않았을 수 있습니다. *하이드롤릭 유닛(유압제어장치): 운전자의 브레이크 페달 신호를 감지하여 페달양에 따라 제동력을 발생시키는 장치 **로터: 전기 모터에서 전선이 감겨 회전하는 부품 ***샤프트: 로터와 고정된 축",SUV
BMW,BMW X7 M50d,2020-02-17,2020-02-17,2021-03-05,1,"BMW 자체 품질조사결과 2020년 2월 10일부터 2020년 11월 30일까지 생산된 BMW 840i xDrive Gran Coupe, M4 Competition, 740Li xDrive, 730d xDrive, 745e iPerformance, 740i, X5 xDrive30d, X6 xDrive30d, X7 M50d, X7 xDrive 30d, M8 Gran Coupe Competition, X6 M50d, X5 xDrive40i, M8 Coupe Competition, 730Ld xDrive, 745Le iPerformance, 840d xDrive Gran Coupe, 740d xDrive, X6 xDrive40i, X7 xDrive40i, X5 xDrive45e iPerformance, X5 M50i, X6 M Competition, X7 xDrive40d, 840i xDrive Coupe 차량의 일부에서 브레이크 하이드롤릭 유닛(유압제어장치)*과 관련한 제작결함이 발견 되었습니다. 하이드롤릭 유닛을 생산하는 과정에서 하이드롤릿 유닛 내 브레이크 신호를 감지하는 전자 모터의 로터**와 샤프트***간 용접불량으로 로터가 샤프트에 정확하게 고정되지 않았을 수 있습니다. *하이드롤릭 유닛(유압제어장치): 운전자의 브레이크 페달 신호를 감지하여 페달양에 따라 제동력을 발생시키는 장치 **로터: 전기 모터에서 전선이 감겨 회전하는 부품 ***샤프트: 로터와 고정된 축",SUV
BMW,BMW X7 xDrive 30d,2020-02-14,2020-03-17,2021-03-05,4,"BMW 자체 품질조사결과 2020년 2월 10일부터 2020년 11월 30일까지 생산된 BMW 840i xDrive Gran Coupe, M4 Competition, 740Li xDrive, 730d xDrive, 745e iPerformance, 740i, X5 xDrive30d, X6 xDrive30d, X7 M50d, X7 xDrive 30d, M8 Gran Coupe Competition, X6 M50d, X5 xDrive40i, M8 Coupe Competition, 730Ld xDrive, 745Le iPerformance, 840d xDrive Gran Coupe, 740d xDrive, X6 xDrive40i, X7 xDrive40i, X5 xDrive45e iPerformance, X5 M50i, X6 M Competition, X7 xDrive40d, 840i xDrive Coupe 차량의 일부에서 브레이크 하이드롤릭 유닛(유압제어장치)*과 관련한 제작결함이 발견 되었습니다. 하이드롤릭 유닛을 생산하는 과정에서 하이드롤릿 유닛 내 브레이크 신호를 감지하는 전자 모터의 로터**와 샤프트***간 용접불량으로 로터가 샤프트에 정확하게 고정되지 않았을 수 있습니다. *하이드롤릭 유닛(유압제어장치): 운전자의 브레이크 페달 신호를 감지하여 페달양에 따라 제동력을 발생시키는 장치 **로터: 전기 모터에서 전선이 감겨 회전하는 부품 ***샤프트: 로터와 고정된 축",SUV
BMW,BMW X5 xDrive30d,2020-10-16,2021-01-11,2021-03-12,6,"BMW 자체품질조사결과 2020년 10월 03일부터 2021년 01월 11일까지 생산된 BMW X5 xDrive30d 등 3개 모델에서 발전기** +, - 배선의 고정과 관련한 제작결함이 발견되었습니다.",SUV
BMW,BMW X7 xDrive40d,2020-11-14,2020-11-14,2021-03-12,1,"BMW 자체품질조사결과 2020년 10월 03일부터 2021년 01월 11일까지 생산된 BMW X5 xDrive30d 등 3개 모델에서 발전기** +, - 배선의 고정과 관련한 제작결함이 발견되었습니다.",SUV
메르세데스 벤츠,EQC 400 4MATIC,2019-09-27,2019-09-30,2021-03-12,2,"서비스센터에서 차량 진단 수리 중 차량 진단 시스템의 소프트웨어 오류로 인하여 비상 통신 모듈이 비활성화 되었을 수 있습니다. 비상 통신 모듈이 비활성화된 경우, 비상 통화 기능을 자동 및 수동 모두 사용하지 못할 수 있습니다.",SUV
메르세데스 벤츠,GLE 300 d 4MATIC,2019-06-18,2019-10-14,2021-03-12,18,"공급업체의 생산 편차로 인하여 타이어가 사양에 맞지 않을 수 있습니다. 타이어 경화 공정이 잘못 된 경우, 주행 중 타이어의 카커스(carcass)가 손상 될 수 있습니다. 이로 인하여 타이어의 공기압이 떨어지거나 트레드(tread)가 부분적 또는 완전히 분리 될 수 있습니다.",SUV
메르세데스 벤츠,GLE 350 4MATIC,2019-04-11,2019-11-15,2021-03-22,2,"공급업체의 생산 편차로 인하여 ESP 컨트롤 유닛의 소프트웨어가 사양에 맞지 않을 수 있습니다.주행 중 충돌을 회피하기 위하여 매우 빠른 방향 전환(S턴)을 하는 경우, ESP 소프트웨어 오류로 인하여 전방 타이어 중 한쪽에 회전 제동력이 발생되어 차량이 한쪽으로 쏠림 현상이 발생될 수 있습니다.",SUV
메르세데스 벤츠,GLE 450 4MATIC,2019-04-04,2019-04-04,2021-03-22,1,"공급업체의 생산 편차로 인하여 ESP 컨트롤 유닛의 소프트웨어가 사양에 맞지 않을 수 있습니다.주행 중 충돌을 회피하기 위하여 매우 빠른 방향 전환(S턴)을 하는 경우, ESP 소프트웨어 오류로 인하여 전방 타이어 중 한쪽에 회전 제동력이 발생되어 차량이 한쪽으로 쏠림 현상이 발생될 수 있습니다.",SUV
현대자동차,코나(OS) EV,2018-05-11,2020-03-13,2021-03-29,25083,현대자동차㈜에서는 LG에너지솔루션㈜ 중국(남경)공장에서 생산된 일부 배터리셀의 제조불량으로 인한 배터리셀 내부 단락(합선)으로 차량 화재 발생 가능성,SUV
현대자동차,GV70,2021-01-21,2021-02-04,2021-03-29,829,가솔린 2.5 터보 엔진 고압연료파이프 성형 불량에 의한 기밀 저하로 체결부 누유 가능성,SUV
현대자동차,GV80,2021-01-21,2021-02-04,2021-03-29,302,가솔린 2.5 터보 엔진 고압연료파이프 성형 불량에 의한 기밀 저하로 체결부 누유 가능성,SUV
포드,2014-2015 Explorer,2013-12-10,2015-04-28,2021-04-02,630,전륜 하프 샤프트 브래킷은 특정 차량 진동에서 장기간 사용시 강성이 충분하지 않아 파손될 수 있음,SUV
포드,2020 Explorer,2020-02-07,2020-02-07,2021-04-02,1,"일부 2020 Explorer 차량은 후방 로어암을 휠 너클에 장착하는 볼트의 제조 과정에서 열처리 공정이 누락되었을 가능성이 있고, 열처리 공정이 누락된 볼트는 주행 중 파손될 가능성이 있음",SUV
BMW,BMW X5,2013-07-23,2018-06-28,2021-04-05,2186,"BMW 자체 품질조사 결과 2011년 3월 31일부터 2020년 8월 28일까지 생산된 BMW 118d, 120d, 220d, 320d, 323d, 328d, 420d, 435d, 518d, 520d, 525d, 530d, 535d, 630d, 640d, 730d, 730Ld, 740d, 740Ld,750Ld, 840d, M550d, X1, X3, X4, X4 M40d, X5, X5 M50d, X6, X6 M50d, X7 모델 중 일부 차량에서 극히 드문 경우, 배기가스재순환장치(EGR) 쿨러의 제작결함이 발견 되었습니다.",SUV
BMW,BMW X5,2014-10-17,2018-06-25,2021-04-05,190,"BMW 자체 품질조사 결과 2011년 3월 31일부터 2020년 8월 28일까지 생산된 BMW 118d, 120d, 220d, 320d, 323d, 328d, 420d, 435d, 518d, 520d, 525d, 530d, 535d, 630d, 640d, 730d, 730Ld, 740d, 740Ld,750Ld, 840d, M550d, X1, X3, X4, X4 M40d, X5, X5 M50d, X6, X6 M50d, X7 모델 중 일부 차량에서 극히 드문 경우, 배기가스재순환장치(EGR) 쿨러의 제작결함이 발견 되었습니다.",SUV
BMW,BMW X5,2017-08-11,2017-08-11,2021-04-05,1,"BMW 자체 품질조사 결과 2011년 3월 31일부터 2020년 8월 28일까지 생산된 BMW 118d, 120d, 220d, 320d, 323d, 328d, 420d, 435d, 518d, 520d, 525d, 530d, 535d, 630d, 640d, 730d, 730Ld, 740d, 740Ld,750Ld, 840d, M550d, X1, X3, X4, X4 M40d, X5, X5 M50d, X6, X6 M50d, X7 모델 중 일부 차량에서 극히 드문 경우, 배기가스재순환장치(EGR) 쿨러의 제작결함이 발견 되었습니다.",SUV
BMW,BMW X5 xDrive45e,2021-02-09,2021-02-09,2021-04-05,1,BMW 자체 품질조사결과 2021년 02월 09일에 생산 된 BMW X5 xDrive 45e 차량에서 뒷좌석 창가 쪽 양쪽 머리받침대의 제작결함이 발견 되었습니다.,SUV
BMW,BMW X5,2013-07-24,2017-05-09,2021-07-01,642,"BMW 자체 품질조사 결과 2011년 3월 31일부터 2020년 8월 28일까지 생산된 BMW 118d, 120d, 220d, 320d, 323d, 328d, 420d, 435d, 518d, 520d, 525d, 530d, 535d, 630d, 640d, 730d, 730Ld, 740d, 740Ld,750Ld, 840d, M550d, X1, X3, X4, X4 M40d, X5, X5 M50d, X6, X6 M50d, X7 모델 중 일부 차량에서 극히 드문 경우, 배기가스재순환장치(EGR) 쿨러의 제작결함이 발견 되었습니다.",SUV
BMW,BMW X5,2014-01-15,2017-05-02,2021-07-01,32,"BMW 자체 품질조사 결과 2011년 3월 31일부터 2020년 8월 28일까지 생산된 BMW 118d, 120d, 220d, 320d, 323d, 328d, 420d, 435d, 518d, 520d, 525d, 530d, 535d, 630d, 640d, 730d, 730Ld, 740d, 740Ld,750Ld, 840d, M550d, X1, X3, X4, X4 M40d, X5, X5 M50d, X6, X6 M50d, X7 모델 중 일부 차량에서 극히 드문 경우, 배기가스재순환장치(EGR) 쿨러의 제작결함이 발견 되었습니다.",SUV
BMW,BMW X5 M50d,2013-07-18,2018-06-28,2021-11-01,733,"BMW 자체 품질조사 결과 2011년 3월 31일부터 2020년 8월 28일까지 생산된 BMW 118d, 120d, 220d, 320d, 323d, 328d, 420d, 435d, 518d, 520d, 525d, 530d, 535d, 630d, 640d, 730d, 730Ld, 740d, 740Ld,750Ld, 840d, M550d, X1, X3, X4, X4 M40d, X5, X5 M50d, X6, X6 M50d, X7 모델 중 일부 차량에서 극히 드문 경우, 배기가스재순환장치(EGR) 쿨러의 제작결함이 발견 되었습니다.",SUV
BMW,BMW X5,2018-08-20,2020-07-29,2021-11-01,3302,"BMW 자체 품질조사 결과 2011년 3월 31일부터 2020년 8월 28일까지 생산된 BMW 118d, 120d, 220d, 320d, 323d, 328d, 420d, 435d, 518d, 520d, 525d, 530d, 535d, 630d, 640d, 730d, 730Ld, 740d, 740Ld,750Ld, 840d, M550d, X1, X3, X4, X4 M40d, X5, X5 M50d, X6, X6 M50d, X7 모델 중 일부 차량에서 극히 드문 경우, 배기가스재순환장치(EGR) 쿨러의 제작결함이 발견 되었습니다.",SUV
BMW,BMW X5,2013-07-20,2018-06-28,2021-11-01,5715,"BMW 자체 품질조사 결과 2011년 3월 31일부터 2020년 8월 28일까지 생산된 BMW 118d, 120d, 220d, 320d, 323d, 328d, 420d, 435d, 518d, 520d, 525d, 530d, 535d, 630d, 640d, 730d, 730Ld, 740d, 740Ld,750Ld, 840d, M550d, X1, X3, X4, X4 M40d, X5, X5 M50d, X6, X6 M50d, X7 모델 중 일부 차량에서 극히 드문 경우, 배기가스재순환장치(EGR) 쿨러의 제작결함이 발견 되었습니다.",SUV
BMW,BMW X5,2013-07-22,2013-07-22,2021-11-01,1,"BMW 자체 품질조사 결과 2011년 3월 31일부터 2020년 8월 28일까지 생산된 BMW 118d, 120d, 220d, 320d, 323d, 328d, 420d, 435d, 518d, 520d, 525d, 530d, 535d, 630d, 640d, 730d, 730Ld, 740d, 740Ld,750Ld, 840d, M550d, X1, X3, X4, X4 M40d, X5, X5 M50d, X6, X6 M50d, X7 모델 중 일부 차량에서 극히 드문 경우, 배기가스재순환장치(EGR) 쿨러의 제작결함이 발견 되었습니다.",SUV
BMW,BMW X5,2014-01-23,2015-04-12,2021-11-01,15,"BMW 자체 품질조사 결과 2011년 3월 31일부터 2020년 8월 28일까지 생산된 BMW 118d, 120d, 220d, 320d, 323d, 328d, 420d, 435d, 518d, 520d, 525d, 530d, 535d, 630d, 640d, 730d, 730Ld, 740d, 740Ld,750Ld, 840d, M550d, X1, X3, X4, X4 M40d, X5, X5 M50d, X6, X6 M50d, X7 모델 중 일부 차량에서 극히 드문 경우, 배기가스재순환장치(EGR) 쿨러의 제작결함이 발견 되었습니다.",SUV
BMW,BMW X5,2014-01-11,2018-06-25,2021-11-01,1207,"BMW 자체 품질조사 결과 2011년 3월 31일부터 2020년 8월 28일까지 생산된 BMW 118d, 120d, 220d, 320d, 323d, 328d, 420d, 435d, 518d, 520d, 525d, 530d, 535d, 630d, 640d, 730d, 730Ld, 740d, 740Ld,750Ld, 840d, M550d, X1, X3, X4, X4 M40d, X5, X5 M50d, X6, X6 M50d, X7 모델 중 일부 차량에서 극히 드문 경우, 배기가스재순환장치(EGR) 쿨러의 제작결함이 발견 되었습니다.",SUV
BMW,BMW X7,2018-12-21,2020-07-28,2021-11-01,1593,"BMW 자체 품질조사 결과 2011년 3월 31일부터 2020년 8월 28일까지 생산된 BMW 118d, 120d, 220d, 320d, 323d, 328d, 420d, 435d, 518d, 520d, 525d, 530d, 535d, 630d, 640d, 730d, 730Ld, 740d, 740Ld,750Ld, 840d, M550d, X1, X3, X4, X4 M40d, X5, X5 M50d, X6, X6 M50d, X7 모델 중 일부 차량에서 극히 드문 경우, 배기가스재순환장치(EGR) 쿨러의 제작결함이 발견 되었습니다.",SUV
BMW,BMW X5,2018-08-20,2019-02-22,2021-10-01,526,"BMW 자체 품질조사 결과 2011년 3월 31일부터 2020년 8월 28일까지 생산된 BMW 118d, 120d, 220d, 320d, 323d, 328d, 420d, 435d, 518d, 520d, 525d, 530d, 535d, 630d, 640d, 730d, 730Ld, 740d, 740Ld,750Ld, 840d, M550d, X1, X3, X4, X4 M40d, X5, X5 M50d, X6, X6 M50d, X7 모델 중 일부 차량에서 극히 드문 경우, 배기가스재순환장치(EGR) 쿨러의 제작결함이 발견 되었습니다.",SUV
BMW,BMW X7,2018-07-19,2019-02-15,2021-10-01,110,"BMW 자체 품질조사 결과 2011년 3월 31일부터 2020년 8월 28일까지 생산된 BMW 118d, 120d, 220d, 320d, 323d, 328d, 420d, 435d, 518d, 520d, 525d, 530d, 535d, 630d, 640d, 730d, 730Ld, 740d, 740Ld,750Ld, 840d, M550d, X1, X3, X4, X4 M40d, X5, X5 M50d, X6, X6 M50d, X7 모델 중 일부 차량에서 극히 드문 경우, 배기가스재순환장치(EGR) 쿨러의 제작결함이 발견 되었습니다.",SUV
현대자동차,코나(OS) EV,2019-05-03,2020-01-06,2021-04-23,170,현대자동차㈜에서는 LG에너지솔루션㈜ 중국(남경)공장에서 생산된 일부 배터리셀의 제조불량으로 인한 배터리셀 내부 단락(합선)으로 차량 화재 발생 가능성,SUV
메르세데스 벤츠,GLB 200 d,2019-11-05,2019-11-05,2021-04-30,1,생산 공정 편차로 인하여 전방 휠 아치 커버의 고정 클립이 차량 휀더에 정확히 장착되지 않았을 수 있습니다. 주행 중 휠 아치 커버가 차량에서 완전히 분리 될 수도 있습니다.,SUV
메르세데스 벤츠,GLB 220,2019-06-22,2019-09-12,2021-04-30,16,생산 공정 편차로 인하여 전방 휠 아치 커버의 고정 클립이 차량 휀더에 정확히 장착되지 않았을 수 있습니다. 주행 중 휠 아치 커버가 차량에서 완전히 분리 될 수도 있습니다.,SUV
메르세데스 벤츠,GLB 250 4MATIC,2019-05-16,2019-05-29,2021-04-30,2,생산 공정 편차로 인하여 전방 휠 아치 커버의 고정 클립이 차량 휀더에 정확히 장착되지 않았을 수 있습니다. 주행 중 휠 아치 커버가 차량에서 완전히 분리 될 수도 있습니다.,SUV
메르세데스 벤츠,GLC 220 d 4MATIC,2020-12-07,2020-12-09,2021-04-30,8,공급 업체 생산 공정 오류로 인하여 동반자석 위치 센서의 내부 부품 납땜이 사양에 맞지 않을 수 있습니다. 이 경우 동반자석 위치 센서의 신호가 누락되거나 정확하게 SRS(에어백) 컨트롤 유닛으로 전송되지 않을 수 있습니다.,SUV
메르세데스 벤츠,GLC 300 e 4MATIC,2020-11-24,2020-12-10,2021-04-30,143,공급 업체 생산 공정 오류로 인하여 동반자석 위치 센서의 내부 부품 납땜이 사양에 맞지 않을 수 있습니다. 이 경우 동반자석 위치 센서의 신호가 누락되거나 정확하게 SRS(에어백) 컨트롤 유닛으로 전송되지 않을 수 있습니다.,SUV
메르세데스 벤츠,GLC 300 4MATIC Coupe,2020-12-17,2020-12-23,2021-04-30,22,공급 업체 생산 공정 오류로 인하여 동반자석 위치 센서의 내부 부품 납땜이 사양에 맞지 않을 수 있습니다. 이 경우 동반자석 위치 센서의 신호가 누락되거나 정확하게 SRS(에어백) 컨트롤 유닛으로 전송되지 않을 수 있습니다.,SUV
메르세데스 벤츠,GLC 220 d 4MATIC,2020-12-01,2020-12-10,2021-04-30,5,공급 업체 생산 공정 오류로 인하여 동반자석 위치 센서의 내부 부품 납땜이 사양에 맞지 않을 수 있습니다. 이 경우 동반자석 위치 센서의 신호가 누락되거나 정확하게 SRS(에어백) 컨트롤 유닛으로 전송되지 않을 수 있습니다.,SUV
메르세데스 벤츠,GLC 300 e 4MATIC,2020-11-17,2020-12-10,2021-04-30,135,공급 업체 생산 공정 오류로 인하여 동반자석 위치 센서의 내부 부품 납땜이 사양에 맞지 않을 수 있습니다. 이 경우 동반자석 위치 센서의 신호가 누락되거나 정확하게 SRS(에어백) 컨트롤 유닛으로 전송되지 않을 수 있습니다.,SUV
메르세데스 벤츠,Mercedes-AMG GLC 43 4MATIC,2020-11-26,2020-11-26,2021-04-30,15,공급 업체 생산 공정 오류로 인하여 동반자석 위치 센서의 내부 부품 납땜이 사양에 맞지 않을 수 있습니다. 이 경우 동반자석 위치 센서의 신호가 누락되거나 정확하게 SRS(에어백) 컨트롤 유닛으로 전송되지 않을 수 있습니다.,SUV
메르세데스 벤츠,GLC 300 4MATIC,2020-12-21,2020-12-23,2021-04-30,17,공급 업체 생산 공정 오류로 인하여 동반자석 위치 센서의 내부 부품 납땜이 사양에 맞지 않을 수 있습니다. 이 경우 동반자석 위치 센서의 신호가 누락되거나 정확하게 SRS(에어백) 컨트롤 유닛으로 전송되지 않을 수 있습니다.,SUV
메르세데스 벤츠,GLE 350 de 4MATIC,2020-08-14,2020-08-14,2021-04-30,1,"개발 과정 편차로 인하여 주차등이 사양에 맞지 않을 수 있습니다. 차량 너비가 200센티미터 이상임에도 주차등이 설치되었을 수 있습니다. ※ 자동차 및 자동차 부품의 성능과 기준에 관한 규칙에 따르면, 자동차 길이가 600센티미터 이하, 너비가 200센티미터 이하인 자동차에 주차등을 설치하는 경우에는 설치 기준에 적합하여야 합니다.",SUV
메르세데스 벤츠,GLE 300 d 4MATIC,2018-07-12,2020-11-09,2021-04-30,118,"개발 과정 편차로 인하여 주차등이 사양에 맞지 않을 수 있습니다. 차량 너비가 200센티미터 이상임에도 주차등이 설치되었을 수 있습니다. ※ 자동차 및 자동차 부품의 성능과 기준에 관한 규칙에 따르면, 자동차 길이가 600센티미터 이하, 너비가 200센티미터 이하인 자동차에 주차등을 설치하는 경우에는 설치 기준에 적합하여야 합니다.",SUV
메르세데스 벤츠,GLE 400 d 4MATIC,2018-07-17,2018-11-07,2021-04-30,2,"개발 과정 편차로 인하여 주차등이 사양에 맞지 않을 수 있습니다. 차량 너비가 200센티미터 이상임에도 주차등이 설치되었을 수 있습니다. ※ 자동차 및 자동차 부품의 성능과 기준에 관한 규칙에 따르면, 자동차 길이가 600센티미터 이하, 너비가 200센티미터 이하인 자동차에 주차등을 설치하는 경우에는 설치 기준에 적합하여야 합니다.",SUV
메르세데스 벤츠,GLE 350 4MATIC,2019-06-06,2019-06-06,2021-04-30,1,"개발 과정 편차로 인하여 주차등이 사양에 맞지 않을 수 있습니다. 차량 너비가 200센티미터 이상임에도 주차등이 설치되었을 수 있습니다. ※ 자동차 및 자동차 부품의 성능과 기준에 관한 규칙에 따르면, 자동차 길이가 600센티미터 이하, 너비가 200센티미터 이하인 자동차에 주차등을 설치하는 경우에는 설치 기준에 적합하여야 합니다.",SUV
메르세데스 벤츠,GLE 350 e 4MATIC,2020-03-27,2020-10-22,2021-04-30,5,"개발 과정 편차로 인하여 주차등이 사양에 맞지 않을 수 있습니다. 차량 너비가 200센티미터 이상임에도 주차등이 설치되었을 수 있습니다. ※ 자동차 및 자동차 부품의 성능과 기준에 관한 규칙에 따르면, 자동차 길이가 600센티미터 이하, 너비가 200센티미터 이하인 자동차에 주차등을 설치하는 경우에는 설치 기준에 적합하여야 합니다.",SUV
메르세데스 벤츠,GLE 450 4MATIC,2018-08-01,2020-11-09,2021-04-30,3871,"개발 과정 편차로 인하여 주차등이 사양에 맞지 않을 수 있습니다. 차량 너비가 200센티미터 이상임에도 주차등이 설치되었을 수 있습니다. ※ 자동차 및 자동차 부품의 성능과 기준에 관한 규칙에 따르면, 자동차 길이가 600센티미터 이하, 너비가 200센티미터 이하인 자동차에 주차등을 설치하는 경우에는 설치 기준에 적합하여야 합니다.",SUV
메르세데스 벤츠,Mercedes-AMG GLE 53 4MATIC+,2019-10-15,2020-10-15,2021-04-30,121,"개발 과정 편차로 인하여 주차등이 사양에 맞지 않을 수 있습니다. 차량 너비가 200센티미터 이상임에도 주차등이 설치되었을 수 있습니다. ※ 자동차 및 자동차 부품의 성능과 기준에 관한 규칙에 따르면, 자동차 길이가 600센티미터 이하, 너비가 200센티미터 이하인 자동차에 주차등을 설치하는 경우에는 설치 기준에 적합하여야 합니다.",SUV
메르세데스 벤츠,GLE 400 d 4MATIC Coupe,2019-07-23,2020-11-09,2021-04-30,1244,"개발 과정 편차로 인하여 주차등이 사양에 맞지 않을 수 있습니다. 차량 너비가 200센티미터 이상임에도 주차등이 설치되었을 수 있습니다. ※ 자동차 및 자동차 부품의 성능과 기준에 관한 규칙에 따르면, 자동차 길이가 600센티미터 이하, 너비가 200센티미터 이하인 자동차에 주차등을 설치하는 경우에는 설치 기준에 적합하여야 합니다.",SUV
메르세데스 벤츠,GLE 350 e 4MATIC Coupe,2020-03-25,2020-11-09,2021-04-30,29,"개발 과정 편차로 인하여 주차등이 사양에 맞지 않을 수 있습니다. 차량 너비가 200센티미터 이상임에도 주차등이 설치되었을 수 있습니다. ※ 자동차 및 자동차 부품의 성능과 기준에 관한 규칙에 따르면, 자동차 길이가 600센티미터 이하, 너비가 200센티미터 이하인 자동차에 주차등을 설치하는 경우에는 설치 기준에 적합하여야 합니다.",SUV
메르세데스 벤츠,Mercedes-AMG GLE 53 4MATIC+,2019-11-01,2020-10-09,2021-04-30,57,"개발 과정 편차로 인하여 주차등이 사양에 맞지 않을 수 있습니다. 차량 너비가 200센티미터 이상임에도 주차등이 설치되었을 수 있습니다. ※ 자동차 및 자동차 부품의 성능과 기준에 관한 규칙에 따르면, 자동차 길이가 600센티미터 이하, 너비가 200센티미터 이하인 자동차에 주차등을 설치하는 경우에는 설치 기준에 적합하여야 합니다.",SUV
메르세데스 벤츠,Mercedes-AMG GLE 63 S 4MATIC+,2019-11-04,2020-10-22,2021-04-30,33,"개발 과정 편차로 인하여 주차등이 사양에 맞지 않을 수 있습니다. 차량 너비가 200센티미터 이상임에도 주차등이 설치되었을 수 있습니다. ※ 자동차 및 자동차 부품의 성능과 기준에 관한 규칙에 따르면, 자동차 길이가 600센티미터 이하, 너비가 200센티미터 이하인 자동차에 주차등을 설치하는 경우에는 설치 기준에 적합하여야 합니다.",SUV
메르세데스 벤츠,GLS 400 d 4MATIC,2019-01-14,2020-11-06,2021-04-30,383,"개발 과정 편차로 인하여 주차등이 사양에 맞지 않을 수 있습니다. 차량 너비가 200센티미터 이상임에도 주차등이 설치되었을 수 있습니다. ※ 자동차 및 자동차 부품의 성능과 기준에 관한 규칙에 따르면, 자동차 길이가 600센티미터 이하, 너비가 200센티미터 이하인 자동차에 주차등을 설치하는 경우에는 설치 기준에 적합하여야 합니다.",SUV
메르세데스 벤츠,GLS 580 4MATIC,2019-06-24,2020-11-09,2021-04-30,314,"개발 과정 편차로 인하여 주차등이 사양에 맞지 않을 수 있습니다. 차량 너비가 200센티미터 이상임에도 주차등이 설치되었을 수 있습니다. ※ 자동차 및 자동차 부품의 성능과 기준에 관한 규칙에 따르면, 자동차 길이가 600센티미터 이하, 너비가 200센티미터 이하인 자동차에 주차등을 설치하는 경우에는 설치 기준에 적합하여야 합니다.",SUV
메르세데스 벤츠,Maybach GLS 600 4MATIC,2020-05-08,2020-08-05,2021-04-30,4,"개발 과정 편차로 인하여 주차등이 사양에 맞지 않을 수 있습니다. 차량 너비가 200센티미터 이상임에도 주차등이 설치되었을 수 있습니다. ※ 자동차 및 자동차 부품의 성능과 기준에 관한 규칙에 따르면, 자동차 길이가 600센티미터 이하, 너비가 200센티미터 이하인 자동차에 주차등을 설치하는 경우에는 설치 기준에 적합하여야 합니다.",SUV
기아,니로EV (DE EV),2020-01-15,2020-01-15,2021-05-07,14,"EPCU와 구동모터 체결부 이종볼트 조립에 의한 볼트 들뜸으로 지속 주행 시 해당 부위 소손이 발생되면 주행 중 경고등 점등 직후 시동꺼짐 발생 가능성 ※ 대상선정 기준 : EPCU와 구동모터간 체결 불량 로트가 조립된 대상 차량(쏘울EV/니로EV)으로 제작연월일 기준 ’20.1/10 ~ 1/15 동안 생산된 차량 중 일 * EPCU 이종볼트 혼입 로트 대상 기간 : ’20. 1/1, 1/6 ※ EPCU (통합전력제어장치, Electric Power Control Unit) : 전기차 모터 구동을 위한 인버터, 직류변환장치를 포함하는 장치",SUV
혼다코리아,CR-V 2wd,2018-12-20,2019-04-22,2021-05-10,251,"가. 2020 년 7 월 13 일 ACCORD 2.0 T 모델 608 대 대상으로 시행했던 리콜의 대상 차종 확대 건임. 나. 연료 펌프 내 부 의 임펠러 1 가 사출 성형 2 제 조 과정에서 낮은 압력으로 압축되어 임펠러 의 수지밀도가 낮게 제작 되었으며 저밀도 제품의 임펠러를 연료 펌프에 조립 함. 다. 출하검사 공정에 사용되는 검사액 3 이 수지 밀도가 낮은 임펠러 내부까지 침투되기 쉬워지고 , 장기간 방 치되었을 경우에 임펠러 표층에 침투된 검사액이 휘발되어 표층과 내부의 수축 차이로 인 해 임펠러 표층에 미세한 크랙이 발생됨. 라. 임펠러 표층에 미세한 크랙이 발생한 상태에서 차량 이 운행될 경우 연료가 연료펌프 내부의 임펠러 크랙 부분에 침투되고 고온 환경에서 사용되므로 팽창에 의해 임펠러에 변형이 발생됨. *1. 임펠러 연료 펌프 내부에 있는 수지제의 날개형이며 회전하면서 연료를 압송하는 것. *2. 사출 성형 : 열을 가한 원통 속에 가소성 수지를 넣고 녹인 다음 틀 안으로 압력을 가하여 제품을 만드는 방식. *3. 검사액 : 펌프 전수 검사에 사용하는 유기용제 드라이 흡수제",SUV
혼다코리아,CR-V 4wd,2018-12-05,2019-04-23,2021-05-10,733,"가. 2020 년 7 월 13 일 ACCORD 2.0 T 모델 608 대 대상으로 시행했던 리콜의 대상 차종 확대 건임. 나. 연료 펌프 내 부 의 임펠러 1 가 사출 성형 2 제 조 과정에서 낮은 압력으로 압축되어 임펠러 의 수지밀도가 낮게 제작 되었으며 저밀도 제품의 임펠러를 연료 펌프에 조립 함. 다. 출하검사 공정에 사용되는 검사액 3 이 수지 밀도가 낮은 임펠러 내부까지 침투되기 쉬워지고 , 장기간 방 치되었을 경우에 임펠러 표층에 침투된 검사액이 휘발되어 표층과 내부의 수축 차이로 인 해 임펠러 표층에 미세한 크랙이 발생됨. 라. 임펠러 표층에 미세한 크랙이 발생한 상태에서 차량 이 운행될 경우 연료가 연료펌프 내부의 임펠러 크랙 부분에 침투되고 고온 환경에서 사용되므로 팽창에 의해 임펠러에 변형이 발생됨. *1. 임펠러 연료 펌프 내부에 있는 수지제의 날개형이며 회전하면서 연료를 압송하는 것. *2. 사출 성형 : 열을 가한 원통 속에 가소성 수지를 넣고 녹인 다음 틀 안으로 압력을 가하여 제품을 만드는 방식. *3. 검사액 : 펌프 전수 검사에 사용하는 유기용제 드라이 흡수제",SUV
혼다코리아,CR-V 4wd,2019-08-07,2019-08-07,2021-05-10,1,"가. 2020 년 7 월 13 일 ACCORD 2.0 T 모델 608 대 대상으로 시행했던 리콜의 대상 차종 확대 건임. 나. 연료 펌프 내 부 의 임펠러 1 가 사출 성형 2 제 조 과정에서 낮은 압력으로 압축되어 임펠러 의 수지밀도가 낮게 제작 되었으며 저밀도 제품의 임펠러를 연료 펌프에 조립 함. 다. 출하검사 공정에 사용되는 검사액 3 이 수지 밀도가 낮은 임펠러 내부까지 침투되기 쉬워지고 , 장기간 방 치되었을 경우에 임펠러 표층에 침투된 검사액이 휘발되어 표층과 내부의 수축 차이로 인 해 임펠러 표층에 미세한 크랙이 발생됨. 라. 임펠러 표층에 미세한 크랙이 발생한 상태에서 차량 이 운행될 경우 연료가 연료펌프 내부의 임펠러 크랙 부분에 침투되고 고온 환경에서 사용되므로 팽창에 의해 임펠러에 변형이 발생됨. *1. 임펠러 연료 펌프 내부에 있는 수지제의 날개형이며 회전하면서 연료를 압송하는 것. *2. 사출 성형 : 열을 가한 원통 속에 가소성 수지를 넣고 녹인 다음 틀 안으로 압력을 가하여 제품을 만드는 방식. *3. 검사액 : 펌프 전수 검사에 사용하는 유기용제 드라이 흡수제",SUV
혼다코리아,ODYSSEY,2018-11-06,2019-05-06,2021-05-10,25,"가. 2020 년 7 월 13 일 ACCORD 2.0 T 모델 608 대 대상으로 시행했던 리콜의 대상 차종 확대 건임. 나. 연료 펌프 내 부 의 임펠러 1 가 사출 성형 2 제 조 과정에서 낮은 압력으로 압축되어 임펠러 의 수지밀도가 낮게 제작 되었으며 저밀도 제품의 임펠러를 연료 펌프에 조립 함. 다. 출하검사 공정에 사용되는 검사액 3 이 수지 밀도가 낮은 임펠러 내부까지 침투되기 쉬워지고 , 장기간 방 치되었을 경우에 임펠러 표층에 침투된 검사액이 휘발되어 표층과 내부의 수축 차이로 인 해 임펠러 표층에 미세한 크랙이 발생됨. 라. 임펠러 표층에 미세한 크랙이 발생한 상태에서 차량 이 운행될 경우 연료가 연료펌프 내부의 임펠러 크랙 부분에 침투되고 고온 환경에서 사용되므로 팽창에 의해 임펠러에 변형이 발생됨. *1. 임펠러 연료 펌프 내부에 있는 수지제의 날개형이며 회전하면서 연료를 압송하는 것. *2. 사출 성형 : 열을 가한 원통 속에 가소성 수지를 넣고 녹인 다음 틀 안으로 압력을 가하여 제품을 만드는 방식. *3. 검사액 : 펌프 전수 검사에 사용하는 유기용제 드라이 흡수제",MPV/미니밴
기아,카니발(KA4),2021-02-01,2021-04-14,2021-05-11,2625,가솔린 3.5GDI엔진 장착 일부 차량에서 연료레일 튜브 손상,MPV/미니밴
메르세데스 벤츠,GLB 200 d,2019-06-12,2019-12-20,2021-05-21,2,조립 공정 편차로 인하여 후방 사이드 스포일러의 고정 클립이 차체에 정확히 장착되지 않았을 수 있습니다. 주행 중 후방 사이드 스포일러가 차체에서 분리될 수 있습니다.,SUV
메르세데스 벤츠,GLB 220,2019-05-21,2020-09-09,2021-05-21,24,조립 공정 편차로 인하여 후방 사이드 스포일러의 고정 클립이 차체에 정확히 장착되지 않았을 수 있습니다. 주행 중 후방 사이드 스포일러가 차체에서 분리될 수 있습니다.,SUV
메르세데스 벤츠,GLB 250 4MATIC,2019-05-16,2020-09-04,2021-05-21,40,조립 공정 편차로 인하여 후방 사이드 스포일러의 고정 클립이 차체에 정확히 장착되지 않았을 수 있습니다. 주행 중 후방 사이드 스포일러가 차체에서 분리될 수 있습니다.,SUV
메르세데스 벤츠,GLE 300 d 4MATIC,2019-01-25,2019-11-18,2021-05-21,361,조립 공정 편차로 인하여 에어컨 응축수 배수 호스가 정확히 체결되지 않았을 수 있습니다. 이경우 에어컨 응축수가 차량의 운전석 및 조수석 바닥에 실내 유입될 수 있습니다.,SUV
메르세데스 벤츠,GLE 400 d 4MATIC,2018-09-19,2018-09-19,2021-05-21,1,조립 공정 편차로 인하여 에어컨 응축수 배수 호스가 정확히 체결되지 않았을 수 있습니다. 이경우 에어컨 응축수가 차량의 운전석 및 조수석 바닥에 실내 유입될 수 있습니다.,SUV
메르세데스 벤츠,GLE 450 4MATIC,2018-09-10,2019-11-20,2021-05-21,808,조립 공정 편차로 인하여 에어컨 응축수 배수 호스가 정확히 체결되지 않았을 수 있습니다. 이경우 에어컨 응축수가 차량의 운전석 및 조수석 바닥에 실내 유입될 수 있습니다.,SUV
메르세데스 벤츠,GLE 400 d 4MATIC,2019-07-23,2019-08-05,2021-05-21,3,조립 공정 편차로 인하여 에어컨 응축수 배수 호스가 정확히 체결되지 않았을 수 있습니다. 이경우 에어컨 응축수가 차량의 운전석 및 조수석 바닥에 실내 유입될 수 있습니다.,SUV
메르세데스 벤츠,GLS 580 4MATIC,2019-06-24,2019-08-23,2021-05-21,4,조립 공정 편차로 인하여 에어컨 응축수 배수 호스가 정확히 체결되지 않았을 수 있습니다. 이경우 에어컨 응축수가 차량의 운전석 및 조수석 바닥에 실내 유입될 수 있습니다.,SUV
기아,스포티지(QL),2015-03-19,2020-10-23,2021-05-31,182136,HECU 모듈 내 회로 기판의 전기적 합선 (합선 원인 조사 중),SUV
BMW,BMW X5 xDrive30d,2016-07-26,2016-09-13,2021-06-04,11,상부 타이밍 체인 생산 과정에서 상부 타이밍 체인에 코팅 작업이 누락되어 내구성이 부족할 수 있음을 확인했습니다.,SUV
BMW,BMW X5 xDrive40d,2016-07-26,2016-07-28,2021-06-04,5,상부 타이밍 체인 생산 과정에서 상부 타이밍 체인에 코팅 작업이 누락되어 내구성이 부족할 수 있음을 확인했습니다.,SUV
메르세데스 벤츠,GLA 200 d 4MATIC,2016-12-06,2017-02-23,2021-06-18,104,공급업체 생산 공정 오류로 인하여 스티어링 샤프트의 유니버설 조인트가 사양에 맞지 않게 제작 되었을 수 있습니다. 유니버설 조인트의 보어홀(borehole)1에 장착된 베어링의 유격으로 인하여 소음이 발생될 수 있습니다. 이러한 상황에서 장기간 운행을 지속하는 경우 유니버설 조인트에서 베어링이 분리될 수 있습니다. 1보어홀(borehole): 유니버설 조인트 요크의 베어링 장착을 위한 천공 부위,SUV
메르세데스 벤츠,GLA 200 d,2016-11-03,2017-02-23,2021-06-18,225,공급업체 생산 공정 오류로 인하여 스티어링 샤프트의 유니버설 조인트가 사양에 맞지 않게 제작 되었을 수 있습니다. 유니버설 조인트의 보어홀(borehole)1에 장착된 베어링의 유격으로 인하여 소음이 발생될 수 있습니다. 이러한 상황에서 장기간 운행을 지속하는 경우 유니버설 조인트에서 베어링이 분리될 수 있습니다. 1보어홀(borehole): 유니버설 조인트 요크의 베어링 장착을 위한 천공 부위,SUV
메르세데스 벤츠,GLA 250,2016-12-07,2016-12-07,2021-06-18,1,공급업체 생산 공정 오류로 인하여 스티어링 샤프트의 유니버설 조인트가 사양에 맞지 않게 제작 되었을 수 있습니다. 유니버설 조인트의 보어홀(borehole)1에 장착된 베어링의 유격으로 인하여 소음이 발생될 수 있습니다. 이러한 상황에서 장기간 운행을 지속하는 경우 유니버설 조인트에서 베어링이 분리될 수 있습니다. 1보어홀(borehole): 유니버설 조인트 요크의 베어링 장착을 위한 천공 부위,SUV
메르세데스 벤츠,GLA 220,2016-12-12,2017-02-03,2021-06-18,7,공급업체 생산 공정 오류로 인하여 스티어링 샤프트의 유니버설 조인트가 사양에 맞지 않게 제작 되었을 수 있습니다. 유니버설 조인트의 보어홀(borehole)1에 장착된 베어링의 유격으로 인하여 소음이 발생될 수 있습니다. 이러한 상황에서 장기간 운행을 지속하는 경우 유니버설 조인트에서 베어링이 분리될 수 있습니다. 1보어홀(borehole): 유니버설 조인트 요크의 베어링 장착을 위한 천공 부위,SUV
메르세데스 벤츠,GLA 250 4MATIC,2017-02-02,2017-02-02,2021-06-18,2,공급업체 생산 공정 오류로 인하여 스티어링 샤프트의 유니버설 조인트가 사양에 맞지 않게 제작 되었을 수 있습니다. 유니버설 조인트의 보어홀(borehole)1에 장착된 베어링의 유격으로 인하여 소음이 발생될 수 있습니다. 이러한 상황에서 장기간 운행을 지속하는 경우 유니버설 조인트에서 베어링이 분리될 수 있습니다. 1보어홀(borehole): 유니버설 조인트 요크의 베어링 장착을 위한 천공 부위,SUV
메르세데스 벤츠,Mercedes-AMG GLA 45 4MATIC,2016-12-05,2017-02-21,2021-06-18,24,공급업체 생산 공정 오류로 인하여 스티어링 샤프트의 유니버설 조인트가 사양에 맞지 않게 제작 되었을 수 있습니다. 유니버설 조인트의 보어홀(borehole)1에 장착된 베어링의 유격으로 인하여 소음이 발생될 수 있습니다. 이러한 상황에서 장기간 운행을 지속하는 경우 유니버설 조인트에서 베어링이 분리될 수 있습니다. 1보어홀(borehole): 유니버설 조인트 요크의 베어링 장착을 위한 천공 부위,SUV
메르세데스 벤츠,GLB 200 d,2019-11-05,2019-12-20,2021-06-25,2,"생산 과정 오류로 인하여 앞 좌석 발판 쪽 차체 벽면의 실링 처리가 정상적이지 않을 수 있습니다. 이 경우 앞 좌석 바닥에 물이 실내 유입될 수 있으며, 컨트롤 유닛 및 전기 장치가 손상될 수 있습니다.",SUV
메르세데스 벤츠,GLB 220,2019-11-12,2020-01-03,2021-06-25,3,"생산 과정 오류로 인하여 앞 좌석 발판 쪽 차체 벽면의 실링 처리가 정상적이지 않을 수 있습니다. 이 경우 앞 좌석 바닥에 물이 실내 유입될 수 있으며, 컨트롤 유닛 및 전기 장치가 손상될 수 있습니다.",SUV
메르세데스 벤츠,GLB 250 4MATIC,2019-10-28,2020-01-07,2021-06-25,2,"생산 과정 오류로 인하여 앞 좌석 발판 쪽 차체 벽면의 실링 처리가 정상적이지 않을 수 있습니다. 이 경우 앞 좌석 바닥에 물이 실내 유입될 수 있으며, 컨트롤 유닛 및 전기 장치가 손상될 수 있습니다.",SUV
메르세데스 벤츠,GLB 200 d,2019-05-16,2019-05-16,2021-06-25,1,생산 공정 편차로 인하여 조수석 에어백이 사양에 맞지 않게 제작되었을 수 있습니다. 고온 조건에서 충돌에 의한 에어백 전개 시 에어백 직물(fabric)이 파열되어 에어백이 정상적으로 전개되지 않을 수도 있습니다.,SUV
메르세데스 벤츠,GLB 220,2019-05-21,2019-05-21,2021-06-25,2,생산 공정 편차로 인하여 조수석 에어백이 사양에 맞지 않게 제작되었을 수 있습니다. 고온 조건에서 충돌에 의한 에어백 전개 시 에어백 직물(fabric)이 파열되어 에어백이 정상적으로 전개되지 않을 수도 있습니다.,SUV
메르세데스 벤츠,GLB 250 4MATIC,2019-05-16,2019-05-29,2021-06-25,4,생산 공정 편차로 인하여 조수석 에어백이 사양에 맞지 않게 제작되었을 수 있습니다. 고온 조건에서 충돌에 의한 에어백 전개 시 에어백 직물(fabric)이 파열되어 에어백이 정상적으로 전개되지 않을 수도 있습니다.,SUV
볼보,XC90,2018-11-27,2019-11-29,2021-07-02,760,"엔진 시동 전 차량의 문 잠금 해제 및 개방, 브레이크 패달 조작 등의 상황 후에 ECM(엔진 컨트롤 모듈)은 연료공급모듈을 차단하게 되는데, 이 때 전류 피크가 생성됩니다. 차량에 적용된 15A용량의 연료공급모듈 퓨즈는 생성된 전류 피크를 견디지 못해 끊어질 가능성이 있습니다.",SUV
볼보,XC90,2016-07-04,2020-03-23,2021-07-07,115,"차량의 뒷자석 중앙에 장착된 ‘정전식 터치 기술 기반의 컨트롤 디스플레이’의 터치 기능상 설계 오류로 인해, 젖은 손가락으로 스크린을 터치하여 화면에 액체가 남아있거나 다른 사유로 특정 양의 액체가 디스플레이 표면에 떨어지는 경우, 정전식 터치 감지 매커니즘의 특성으로 인하여 컨트롤 디스플레이가 이를 지속적인 터치 신호로 잘못 인식하게 됩니다",SUV
기아,카니발(KA4),2021-06-15,2021-06-28,2021-07-22,313,연료탱크 제작시 제조 불량으로 탱크 측면에 미세한 크랙이 생길수 있는 가능성,MPV/미니밴
기아,니로 전기차(DE EV),2018-07-24,2021-05-17,2021-07-22,15276,뒷범퍼 후퇴등 커넥터가 차체와 가까워 범퍼 후퇴등에 2.5km/h 속도로 충격시 후퇴등 커넥터와 차체 간섭으로 전구가 분리될 수 있는 가능성,SUV
메르세데스 벤츠,GLC 220 d 4MATIC,2016-05-27,2017-09-28,2021-07-30,3,서비스 센터의 수리 작업 공정 오류로 인하여 전방 고정 부가 폴리카보네이트(polycarbonate) 패널인 경우 접합부가 사양에 맞지 않게 접합되었을 수 있습니다. 폴리카보네이트 패널의 접착력이 시간이 지남에 따라 약화될 수 있습니다.,SUV
메르세데스 벤츠,GLC 250 d 4MATIC,2018-01-27,2018-01-27,2021-07-30,1,서비스 센터의 수리 작업 공정 오류로 인하여 전방 고정 부가 폴리카보네이트(polycarbonate) 패널인 경우 접합부가 사양에 맞지 않게 접합되었을 수 있습니다. 폴리카보네이트 패널의 접착력이 시간이 지남에 따라 약화될 수 있습니다.,SUV
메르세데스 벤츠,GLC 350 e 4MATIC,2018-09-25,2018-09-29,2021-07-30,3,서비스 센터의 수리 작업 공정 오류로 인하여 전방 고정 부가 폴리카보네이트(polycarbonate) 패널인 경우 접합부가 사양에 맞지 않게 접합되었을 수 있습니다. 폴리카보네이트 패널의 접착력이 시간이 지남에 따라 약화될 수 있습니다.,SUV
메르세데스 벤츠,GLC 300 4MATIC,2019-10-15,2019-10-15,2021-07-30,1,서비스 센터의 수리 작업 공정 오류로 인하여 전방 고정 부가 폴리카보네이트(polycarbonate) 패널인 경우 접합부가 사양에 맞지 않게 접합되었을 수 있습니다. 폴리카보네이트 패널의 접착력이 시간이 지남에 따라 약화될 수 있습니다.,SUV
메르세데스 벤츠,AMG GLC 63 4MATIC,2018-04-25,2018-04-25,2021-07-30,1,서비스 센터의 수리 작업 공정 오류로 인하여 전방 고정 부가 폴리카보네이트(polycarbonate) 패널인 경우 접합부가 사양에 맞지 않게 접합되었을 수 있습니다. 폴리카보네이트 패널의 접착력이 시간이 지남에 따라 약화될 수 있습니다.,SUV
혼다코리아,CMX500A,2020-02-03,2020-10-01,2021-08-02,352,생산 공정상의 문제로 후부반사기의 반사 성능이 부족합니다.,SUV
현대자동차,그랜드 스타렉스(TQ),2018-02-01,2019-12-04,2021-08-12,10407,프로펠러 샤프트 열처리 조건 변경 후 열처리 산포 발생에 의한 강도 저하,MPV/미니밴
토요타,토요타 RAV4,2020-09-01,2021-05-14,2021-08-12,201,"연료펌프 컨트롤 컴퓨터의 연료펌프 제어가 부적절하여, 장시간 주차 후 연료 압력이 낮은 상태에서 시동을 걸었을 때 연료 펌프가 정상적으로 작동하지 않을 가능성이 있음.",SUV
메르세데스 벤츠,GLC 220 d 4MATIC,2020-08-04,2020-08-06,2021-08-20,3,공급업체 생산 편차로 인하여 측면 충돌 센서 커넥터의 잠김 장치(locking mechanism)가 제대로 체결되지 않을 수 있습니다. 차량의 운행 기간 동안 진동 발생으로 측면 충돌 센서의 커넥터 연결부가 느슨해질 수 있습니다. 이로 인해 에어백 시스템을 작동하는 신호 전송이 지연될 수 있습니다.,SUV
메르세데스 벤츠,GLC 300 e 4MATIC Coup,2020-08-08,2020-08-12,2021-08-20,12,공급업체 생산 편차로 인하여 측면 충돌 센서 커넥터의 잠김 장치(locking mechanism)가 제대로 체결되지 않을 수 있습니다. 차량의 운행 기간 동안 진동 발생으로 측면 충돌 센서의 커넥터 연결부가 느슨해질 수 있습니다. 이로 인해 에어백 시스템을 작동하는 신호 전송이 지연될 수 있습니다.,SUV
메르세데스 벤츠,GLC 300 e 4MATIC,2020-08-06,2020-08-06,2021-08-20,1,공급업체 생산 편차로 인하여 측면 충돌 센서 커넥터의 잠김 장치(locking mechanism)가 제대로 체결되지 않을 수 있습니다. 차량의 운행 기간 동안 진동 발생으로 측면 충돌 센서의 커넥터 연결부가 느슨해질 수 있습니다. 이로 인해 에어백 시스템을 작동하는 신호 전송이 지연될 수 있습니다.,SUV
메르세데스 벤츠,EQC 400 4MATIC,2020-08-06,2020-08-06,2021-08-20,1,공급업체 생산 편차로 인하여 측면 충돌 센서 커넥터의 잠김 장치(locking mechanism)가 제대로 체결되지 않을 수 있습니다. 차량의 운행 기간 동안 진동 발생으로 측면 충돌 센서의 커넥터 연결부가 느슨해질 수 있습니다. 이로 인해 에어백 시스템을 작동하는 신호 전송이 지연될 수 있습니다.,SUV
BMW,BMW X5 xDrive30d,2013-07-29,2018-06-28,2021-08-27,2926,"BMW 자체 품질 조사 결과 2010년 06월 25일부터 2019년 05월 16일까지 제작된 BMW 1 Series Sport, 220d Coupe, 320d, 320d ED, 320d Gran Turismo, 320d Touring, 320d xDrive, 320d xDrive Gran Turismo, 320d xDrive Touring, 420d Coupe, 420d Gran Coupe, 420d xDrive Gran Coupe, 435d xDrive Gran Coupe, 520d, 520d xDrive, 530d xDrive, 535d, 640d xDrive Gran Coupe, 730d xDrive, 730Ld, 740d xDrive, Gran Turismo 30d, Gran Turismo 30d xDrive, Gran Turismo EfficientDynamics Edition, GT 20d, GT 30d, GT 30d xDrive, X1 xDrive20d, X3 xDrive20d, X3 xDrive30d, X4 xDrive30d, X5 xDrive30d, X5 xDrive40d, X6 xDrive30d, X6 xDrive40d 차량 총 8,320대에서 고압 연료 펌프와 관련된 결함을 확인했습니다.",SUV
BMW,BMW X5 xDrive40d,2014-01-23,2018-06-25,2021-08-27,340,"BMW 자체 품질 조사 결과 2010년 06월 25일부터 2019년 05월 16일까지 제작된 BMW 1 Series Sport, 220d Coupe, 320d, 320d ED, 320d Gran Turismo, 320d Touring, 320d xDrive, 320d xDrive Gran Turismo, 320d xDrive Touring, 420d Coupe, 420d Gran Coupe, 420d xDrive Gran Coupe, 435d xDrive Gran Coupe, 520d, 520d xDrive, 530d xDrive, 535d, 640d xDrive Gran Coupe, 730d xDrive, 730Ld, 740d xDrive, Gran Turismo 30d, Gran Turismo 30d xDrive, Gran Turismo EfficientDynamics Edition, GT 20d, GT 30d, GT 30d xDrive, X1 xDrive20d, X3 xDrive20d, X3 xDrive30d, X4 xDrive30d, X5 xDrive30d, X5 xDrive40d, X6 xDrive30d, X6 xDrive40d 차량 총 8,320대에서 고압 연료 펌프와 관련된 결함을 확인했습니다.",SUV
메르세데스 벤츠,GLB 200 d,2019-05-16,2019-06-12,2021-09-03,2,에어백 컨트롤 유닛 소프트웨어의 설정 값 오류(타 모델의 설정 값이 사용됨)로 인해 운전석 및 조수석 시트의 안전벨트 장력 제한 장치(seat belt force limiter)1와 조수석 에어백의 작동 타이밍이 사양과 약간 다를 수 있습니다. 1안전벨트 장력 제한 장치: 안전벨트의 장력을 컨트롤하여 충격을 흡수하는 기능,SUV
메르세데스 벤츠,GLB 220,2019-05-21,2019-05-21,2021-09-03,2,에어백 컨트롤 유닛 소프트웨어의 설정 값 오류(타 모델의 설정 값이 사용됨)로 인해 운전석 및 조수석 시트의 안전벨트 장력 제한 장치(seat belt force limiter)1와 조수석 에어백의 작동 타이밍이 사양과 약간 다를 수 있습니다. 1안전벨트 장력 제한 장치: 안전벨트의 장력을 컨트롤하여 충격을 흡수하는 기능,SUV
메르세데스 벤츠,GLB 250 4MATIC,2019-05-16,2019-05-29,2021-09-03,4,에어백 컨트롤 유닛 소프트웨어의 설정 값 오류(타 모델의 설정 값이 사용됨)로 인해 운전석 및 조수석 시트의 안전벨트 장력 제한 장치(seat belt force limiter)1와 조수석 에어백의 작동 타이밍이 사양과 약간 다를 수 있습니다. 1안전벨트 장력 제한 장치: 안전벨트의 장력을 컨트롤하여 충격을 흡수하는 기능,SUV
메르세데스 벤츠,GLB 200 d,2019-05-16,2019-06-12,2021-09-03,2,생산 공정 오류로 인하여 윈도우 에어백이 전개되는 차량 충돌 시 에어백 쿠션이 손상되어 윈도우 에어백이 제대로 팽창되지 않을 수 있습니다.,SUV
메르세데스 벤츠,GLB 220,2019-05-21,2019-05-21,2021-09-03,2,생산 공정 오류로 인하여 윈도우 에어백이 전개되는 차량 충돌 시 에어백 쿠션이 손상되어 윈도우 에어백이 제대로 팽창되지 않을 수 있습니다.,SUV
메르세데스 벤츠,GLB 250 4MATIC,2019-05-16,2019-05-29,2021-09-03,4,생산 공정 오류로 인하여 윈도우 에어백이 전개되는 차량 충돌 시 에어백 쿠션이 손상되어 윈도우 에어백이 제대로 팽창되지 않을 수 있습니다.,SUV
포드,2021년식 Explorer,2021-02-18,2021-02-28,2021-09-17,12,"일부 2021년식 Aviator, Explorer 차량은 미국 FMVSS 214번(측면 충격 보호)의 S7.2.5, S9.2.1, S9.2.2(측면 충돌시 승객 보호 기준)을 준수하지 않을 수 있습니다. 시트 측면 에어백을 고정하는 스터드(고정장치) 중 하나가 에어백 전개 중에 분리될 수 있습니다. 이런 경우 시트 측면 에어백이 완전히 팽창하지 않거나 정상 위치에서 전개되지 않을 수 있습니다.",SUV
메르세데스 벤츠,GLE 350 e 4MATIC,2020-03-27,2021-07-21,2021-10-08,325,"생산 공정 오류로 인하여 충전 모드(단상)의 충전 전류가 기준치(기준값: 16A, 실제값: 최대 32A)를 초과할 수 있습니다. 이 경우 차량의 전자파 간섭 전압이 증가하여 전자파 강도가 증가할 수 있습니다.",SUV
메르세데스 벤츠,GLE 350 e 4MATIC Coup,2020-08-10,2021-06-03,2021-10-08,336,"생산 공정 오류로 인하여 충전 모드(단상)의 충전 전류가 기준치(기준값: 16A, 실제값: 최대 32A)를 초과할 수 있습니다. 이 경우 차량의 전자파 간섭 전압이 증가하여 전자파 강도가 증가할 수 있습니다.",SUV
메르세데스 벤츠,EQC 400 4MATIC,2019-03-21,2020-09-01,2021-10-08,714,"조립 공정 중 전동식 파워스티어링의 배선 피복이 손상되었을 수 있습니다. 배선 피복이 손상된 경우 손상 부위로 습기가 유입되어 전동식 파워스티어링 컨트롤 유닛 내부로 수분이 침투될 수 있고, 이로 인해 파워 스티어링이 컨트롤 유닛이 정상적으로 작동되지 않을 수 있습니다.",SUV
메르세데스 벤츠,EQA 250,2020-09-29,2020-11-30,2021-10-08,8,"비상 통신 시스템(eCall)을 위한 통신 모듈 소프트웨어가 사양에 맞지 않아 차량 충돌로 인한 통신 모듈의 전원 공급이 일시적으로 중단된 경우, 차량 위치가 잘못 전송 될 수 있습니다.",SUV
메르세데스 벤츠,GLB 200 d,2019-05-16,2021-01-28,2021-10-08,147,"비상 통신 시스템(eCall)을 위한 통신 모듈 소프트웨어가 사양에 맞지 않아 차량 충돌로 인한 통신 모듈의 전원 공급이 일시적으로 중단된 경우, 차량 위치가 잘못 전송 될 수 있습니다.",SUV
메르세데스 벤츠,GLB 220,2019-05-21,2021-01-28,2021-10-08,53,"비상 통신 시스템(eCall)을 위한 통신 모듈 소프트웨어가 사양에 맞지 않아 차량 충돌로 인한 통신 모듈의 전원 공급이 일시적으로 중단된 경우, 차량 위치가 잘못 전송 될 수 있습니다.",SUV
메르세데스 벤츠,GLB 250 4MATIC,2019-05-16,2021-01-28,2021-10-08,52,"비상 통신 시스템(eCall)을 위한 통신 모듈 소프트웨어가 사양에 맞지 않아 차량 충돌로 인한 통신 모듈의 전원 공급이 일시적으로 중단된 경우, 차량 위치가 잘못 전송 될 수 있습니다.",SUV
메르세데스 벤츠,Mercedes-AMG GLB 35 4MATIC,2020-10-22,2021-01-28,2021-10-08,13,"비상 통신 시스템(eCall)을 위한 통신 모듈 소프트웨어가 사양에 맞지 않아 차량 충돌로 인한 통신 모듈의 전원 공급이 일시적으로 중단된 경우, 차량 위치가 잘못 전송 될 수 있습니다.",SUV
메르세데스 벤츠,GLA 220,2019-11-08,2020-11-23,2021-10-08,9,"비상 통신 시스템(eCall)을 위한 통신 모듈 소프트웨어가 사양에 맞지 않아 차량 충돌로 인한 통신 모듈의 전원 공급이 일시적으로 중단된 경우, 차량 위치가 잘못 전송 될 수 있습니다.",SUV
메르세데스 벤츠,GLA 250 4MATIC,2019-10-25,2020-09-03,2021-10-08,15,"비상 통신 시스템(eCall)을 위한 통신 모듈 소프트웨어가 사양에 맞지 않아 차량 충돌로 인한 통신 모듈의 전원 공급이 일시적으로 중단된 경우, 차량 위치가 잘못 전송 될 수 있습니다.",SUV
메르세데스 벤츠,GLC 220 d 4MATIC Coupe,2017-06-13,2018-05-29,2021-10-08,167,"비상 통신 시스템(eCall)을 위한 통신 모듈 소프트웨어가 사양에 맞지 않아 차량 충돌로 인한 통신 모듈의 전원 공급이 일시적으로 중단된 경우, 차량 위치가 잘못 전송 될 수 있습니다.",SUV
메르세데스 벤츠,GLC 250 d 4MATIC Coupe,2017-08-17,2018-06-09,2021-10-08,16,"비상 통신 시스템(eCall)을 위한 통신 모듈 소프트웨어가 사양에 맞지 않아 차량 충돌로 인한 통신 모듈의 전원 공급이 일시적으로 중단된 경우, 차량 위치가 잘못 전송 될 수 있습니다.",SUV
메르세데스 벤츠,GLC 220 d 4MATIC Coupe,2019-11-13,2020-06-09,2021-10-08,4,"비상 통신 시스템(eCall)을 위한 통신 모듈 소프트웨어가 사양에 맞지 않아 차량 충돌로 인한 통신 모듈의 전원 공급이 일시적으로 중단된 경우, 차량 위치가 잘못 전송 될 수 있습니다.",SUV
메르세데스 벤츠,GLC 300 4MATIC Coupe,2017-11-09,2019-06-04,2021-10-08,134,"비상 통신 시스템(eCall)을 위한 통신 모듈 소프트웨어가 사양에 맞지 않아 차량 충돌로 인한 통신 모듈의 전원 공급이 일시적으로 중단된 경우, 차량 위치가 잘못 전송 될 수 있습니다.",SUV
메르세데스 벤츠,GLC 300 e 4MATIC Coupe,2020-02-19,2021-01-18,2021-10-08,18,"비상 통신 시스템(eCall)을 위한 통신 모듈 소프트웨어가 사양에 맞지 않아 차량 충돌로 인한 통신 모듈의 전원 공급이 일시적으로 중단된 경우, 차량 위치가 잘못 전송 될 수 있습니다.",SUV
메르세데스 벤츠,Mercedes-AMG GLC 43 4MATIC Coupe,2017-08-24,2020-07-13,2021-10-08,39,"비상 통신 시스템(eCall)을 위한 통신 모듈 소프트웨어가 사양에 맞지 않아 차량 충돌로 인한 통신 모듈의 전원 공급이 일시적으로 중단된 경우, 차량 위치가 잘못 전송 될 수 있습니다.",SUV
메르세데스 벤츠,GLC 300 4MATIC Coupe,2019-03-15,2020-05-12,2021-10-08,7,"비상 통신 시스템(eCall)을 위한 통신 모듈 소프트웨어가 사양에 맞지 않아 차량 충돌로 인한 통신 모듈의 전원 공급이 일시적으로 중단된 경우, 차량 위치가 잘못 전송 될 수 있습니다.",SUV
메르세데스 벤츠,Mercedes-AMG GLC 63 S 4MATIC+ Coupe,2018-04-16,2020-02-15,2021-10-08,24,"비상 통신 시스템(eCall)을 위한 통신 모듈 소프트웨어가 사양에 맞지 않아 차량 충돌로 인한 통신 모듈의 전원 공급이 일시적으로 중단된 경우, 차량 위치가 잘못 전송 될 수 있습니다.",SUV
메르세데스 벤츠,GLC 220 d 4MATIC,2017-07-28,2018-06-03,2021-10-08,180,"비상 통신 시스템(eCall)을 위한 통신 모듈 소프트웨어가 사양에 맞지 않아 차량 충돌로 인한 통신 모듈의 전원 공급이 일시적으로 중단된 경우, 차량 위치가 잘못 전송 될 수 있습니다.",SUV
메르세데스 벤츠,GLC 250 d 4MATIC,2017-12-09,2018-05-30,2021-10-08,119,"비상 통신 시스템(eCall)을 위한 통신 모듈 소프트웨어가 사양에 맞지 않아 차량 충돌로 인한 통신 모듈의 전원 공급이 일시적으로 중단된 경우, 차량 위치가 잘못 전송 될 수 있습니다.",SUV
메르세데스 벤츠,GLC 220 d 4MATIC Sports,2019-02-04,2020-11-17,2021-10-08,5,"비상 통신 시스템(eCall)을 위한 통신 모듈 소프트웨어가 사양에 맞지 않아 차량 충돌로 인한 통신 모듈의 전원 공급이 일시적으로 중단된 경우, 차량 위치가 잘못 전송 될 수 있습니다.",SUV
메르세데스 벤츠,GLC 300 d 4MATIC,2019-02-05,2019-02-19,2021-10-08,2,"비상 통신 시스템(eCall)을 위한 통신 모듈 소프트웨어가 사양에 맞지 않아 차량 충돌로 인한 통신 모듈의 전원 공급이 일시적으로 중단된 경우, 차량 위치가 잘못 전송 될 수 있습니다.",SUV
메르세데스 벤츠,GLC 300 4MATIC,2017-11-02,2019-06-21,2021-10-08,49,"비상 통신 시스템(eCall)을 위한 통신 모듈 소프트웨어가 사양에 맞지 않아 차량 충돌로 인한 통신 모듈의 전원 공급이 일시적으로 중단된 경우, 차량 위치가 잘못 전송 될 수 있습니다.",SUV
메르세데스 벤츠,GLC 300 e 4MATIC,2019-05-17,2020-12-08,2021-10-08,10,"비상 통신 시스템(eCall)을 위한 통신 모듈 소프트웨어가 사양에 맞지 않아 차량 충돌로 인한 통신 모듈의 전원 공급이 일시적으로 중단된 경우, 차량 위치가 잘못 전송 될 수 있습니다.",SUV
메르세데스 벤츠,GLE 300 d 4MATIC,2021-01-27,2021-01-27,2021-10-08,1,"비상 통신 시스템(eCall)을 위한 통신 모듈 소프트웨어가 사양에 맞지 않아 차량 충돌로 인한 통신 모듈의 전원 공급이 일시적으로 중단된 경우, 차량 위치가 잘못 전송 될 수 있습니다.",SUV
메르세데스 벤츠,GLE 300 d 4MATIC,2018-07-12,2020-10-07,2021-10-08,31,"비상 통신 시스템(eCall)을 위한 통신 모듈 소프트웨어가 사양에 맞지 않아 차량 충돌로 인한 통신 모듈의 전원 공급이 일시적으로 중단된 경우, 차량 위치가 잘못 전송 될 수 있습니다.",SUV
메르세데스 벤츠,GLE 400 d 4MATIC,2018-09-10,2018-10-11,2021-10-08,2,"비상 통신 시스템(eCall)을 위한 통신 모듈 소프트웨어가 사양에 맞지 않아 차량 충돌로 인한 통신 모듈의 전원 공급이 일시적으로 중단된 경우, 차량 위치가 잘못 전송 될 수 있습니다.",SUV
메르세데스 벤츠,GLE 350 e 4MATIC,2020-08-18,2021-01-26,2021-10-08,6,"비상 통신 시스템(eCall)을 위한 통신 모듈 소프트웨어가 사양에 맞지 않아 차량 충돌로 인한 통신 모듈의 전원 공급이 일시적으로 중단된 경우, 차량 위치가 잘못 전송 될 수 있습니다.",SUV
메르세데스 벤츠,GLE 450 4MATIC,2018-08-01,2020-09-11,2021-10-08,42,"비상 통신 시스템(eCall)을 위한 통신 모듈 소프트웨어가 사양에 맞지 않아 차량 충돌로 인한 통신 모듈의 전원 공급이 일시적으로 중단된 경우, 차량 위치가 잘못 전송 될 수 있습니다.",SUV
메르세데스 벤츠,Mercedes-AMG GLE 53 4MATIC+,2020-02-17,2020-02-17,2021-10-08,1,"비상 통신 시스템(eCall)을 위한 통신 모듈 소프트웨어가 사양에 맞지 않아 차량 충돌로 인한 통신 모듈의 전원 공급이 일시적으로 중단된 경우, 차량 위치가 잘못 전송 될 수 있습니다.",SUV
메르세데스 벤츠,GLE 350 d 4MATIC Coupe,2019-10-04,2019-10-04,2021-10-08,1,"비상 통신 시스템(eCall)을 위한 통신 모듈 소프트웨어가 사양에 맞지 않아 차량 충돌로 인한 통신 모듈의 전원 공급이 일시적으로 중단된 경우, 차량 위치가 잘못 전송 될 수 있습니다.",SUV
메르세데스 벤츠,GLE 400 d 4MATIC Coupe,2020-02-20,2020-11-04,2021-10-08,9,"비상 통신 시스템(eCall)을 위한 통신 모듈 소프트웨어가 사양에 맞지 않아 차량 충돌로 인한 통신 모듈의 전원 공급이 일시적으로 중단된 경우, 차량 위치가 잘못 전송 될 수 있습니다.",SUV
메르세데스 벤츠,GLE 350 e 4MATIC Coupe,2020-03-25,2020-12-18,2021-10-08,7,"비상 통신 시스템(eCall)을 위한 통신 모듈 소프트웨어가 사양에 맞지 않아 차량 충돌로 인한 통신 모듈의 전원 공급이 일시적으로 중단된 경우, 차량 위치가 잘못 전송 될 수 있습니다.",SUV
메르세데스 벤츠,Mercedes-AMG GLE 53 4MATIC+ Coupe,2020-02-19,2020-02-19,2021-10-08,1,"비상 통신 시스템(eCall)을 위한 통신 모듈 소프트웨어가 사양에 맞지 않아 차량 충돌로 인한 통신 모듈의 전원 공급이 일시적으로 중단된 경우, 차량 위치가 잘못 전송 될 수 있습니다.",SUV
메르세데스 벤츠,Mercedes-AMG GLE 63 S 4MATIC+ Coupe,2020-02-19,2020-02-19,2021-10-08,1,"비상 통신 시스템(eCall)을 위한 통신 모듈 소프트웨어가 사양에 맞지 않아 차량 충돌로 인한 통신 모듈의 전원 공급이 일시적으로 중단된 경우, 차량 위치가 잘못 전송 될 수 있습니다.",SUV
메르세데스 벤츠,GLS 350 d 4MATIC,2018-12-10,2018-12-10,2021-10-08,1,"비상 통신 시스템(eCall)을 위한 통신 모듈 소프트웨어가 사양에 맞지 않아 차량 충돌로 인한 통신 모듈의 전원 공급이 일시적으로 중단된 경우, 차량 위치가 잘못 전송 될 수 있습니다.",SUV
메르세데스 벤츠,GLS 400 d 4MATIC,2019-03-13,2020-09-04,2021-10-08,18,"비상 통신 시스템(eCall)을 위한 통신 모듈 소프트웨어가 사양에 맞지 않아 차량 충돌로 인한 통신 모듈의 전원 공급이 일시적으로 중단된 경우, 차량 위치가 잘못 전송 될 수 있습니다.",SUV
메르세데스 벤츠,GLS 580 4MATIC,2019-08-23,2020-09-15,2021-10-08,5,"비상 통신 시스템(eCall)을 위한 통신 모듈 소프트웨어가 사양에 맞지 않아 차량 충돌로 인한 통신 모듈의 전원 공급이 일시적으로 중단된 경우, 차량 위치가 잘못 전송 될 수 있습니다.",SUV
메르세데스 벤츠,GLC 350 e 4MATIC,2017-03-09,2019-05-17,2021-10-08,90,"비상 통신 시스템(eCall)을 위한 통신 모듈 소프트웨어가 사양에 맞지 않아 차량 충돌로 인한 통신 모듈의 전원 공급이 일시적으로 중단된 경우, 차량 위치가 잘못 전송 될 수 있습니다.",SUV
메르세데스 벤츠,Mercedes-AMG GLC 43 4MATIC,2017-07-29,2020-02-17,2021-10-08,35,"비상 통신 시스템(eCall)을 위한 통신 모듈 소프트웨어가 사양에 맞지 않아 차량 충돌로 인한 통신 모듈의 전원 공급이 일시적으로 중단된 경우, 차량 위치가 잘못 전송 될 수 있습니다.",SUV
메르세데스 벤츠,GLC 300 4MATIC,2019-02-12,2020-06-05,2021-10-08,16,"비상 통신 시스템(eCall)을 위한 통신 모듈 소프트웨어가 사양에 맞지 않아 차량 충돌로 인한 통신 모듈의 전원 공급이 일시적으로 중단된 경우, 차량 위치가 잘못 전송 될 수 있습니다.",SUV
메르세데스 벤츠,Mercedes-AMG GLC 63 4MATIC+,2018-04-25,2018-11-23,2021-10-08,25,"비상 통신 시스템(eCall)을 위한 통신 모듈 소프트웨어가 사양에 맞지 않아 차량 충돌로 인한 통신 모듈의 전원 공급이 일시적으로 중단된 경우, 차량 위치가 잘못 전송 될 수 있습니다.",SUV
메르세데스 벤츠,EQC 400 4MATIC,2019-03-18,2020-09-30,2021-10-08,35,"비상 통신 시스템(eCall)을 위한 통신 모듈 소프트웨어가 사양에 맞지 않아 차량 충돌로 인한 통신 모듈의 전원 공급이 일시적으로 중단된 경우, 차량 위치가 잘못 전송 될 수 있습니다.",SUV
재규어랜드로버,재규어 F-PACE,2018-06-15,2020-08-27,2021-10-14,38,계기판 컨트롤 모듈(IPC) 소프트웨어 오류로 주행빔(상향등) 전조등 자동전환(자동 하이빔 어시스트) 기능이 활성화됨에도 불구하고 UN ECE R48 - Installation of lighting and light-signalling devices 및『자동차 및 자동차부품의 성능과 기준에 관한 규칙』 제38조(전조등)에서 정한 표시장치가 차량 계기판에 제대로 점등되지 않음,SUV
현대자동차,코나(OS) EV,2018-05-15,2020-01-31,2021-10-15,126,현대자동차(주)에서는 LG에너지솔루션(주) 중국(남경) 공장에서 생산된 일부 배터리셀의 제조불량으로 배터리셀 내부 단락(합선)으로 차량 화재 발생 가능성,SUV
볼보,XC90,2020-01-21,2020-01-21,2021-10-18,1,브레이크 유압 장치 내 모터 구성품 간의 용접이 제대로 이루어지지 않아 브레이크 유압 장치가 정상적으로 작동되지 않을 수 있습니다.,SUV
BMW,BMW X5 xDrive45e iPerformance,2020-07-16,2020-07-16,2021-10-22,1,"당사의 문서번호『BGK-2020-A61-180』로 제출한 PHEV차량의 고전압 배터리 시정조치계획『2020RIV260』과 관련하여 고전압 배터리 품질에 관한 지속적인 분석 결과, BMW 독일본사로부터 문제가 발생할 가능성이 존재하는 차량이 발견되었습니다. 추가 된 대상 차량은 1)최초 고전압 배터리 성능 테스트를 통과하여 셀 모듈이 교체되지 않고 출고된 차량과 2)2020년 12월 실시된 『2020RIV260』 시정조치 당시 배터리가 이미 교체되었으나, 교체된 셀 모듈에서 추가 문제가 발생할 가능성이 있는 차량입니다",SUV
포드,2020-2021 Explorer,2019-05-09,2021-09-05,2021-10-26,10527,"일부 2020-2021년식 Aviator, Corsair 및 Explorer 차량은 후진 시 후방 카메라 작동 시작 시에 후방카메라 내부 출력 회로의 간헐적인 작동 이상으로 인하여 후방 카메라를 포함한 하나 이상의 360° 카메라*의 화면이 디스플레이에 표시되지 않고 블루 스크린이 발생할 수 있습니다. *360도 카메라 시스템: 차량의 외부에 장착된 전, 후, 좌, 우 4개의 카메라의 영상을 조합하여 마치 차량 위에서 내려보는 듯한 이미지를 보여주어 차량주변 상황파악에 도움을 주는 시스템입니다.",SUV
포드,2020-2021 Explorer PHEV,2019-12-02,2021-09-03,2021-10-26,321,"일부 2020-2021년식 Aviator, Corsair 및 Explorer 차량은 후진 시 후방 카메라 작동 시작 시에 후방카메라 내부 출력 회로의 간헐적인 작동 이상으로 인하여 후방 카메라를 포함한 하나 이상의 360° 카메라*의 화면이 디스플레이에 표시되지 않고 블루 스크린이 발생할 수 있습니다. *360도 카메라 시스템: 차량의 외부에 장착된 전, 후, 좌, 우 4개의 카메라의 영상을 조합하여 마치 차량 위에서 내려보는 듯한 이미지를 보여주어 차량주변 상황파악에 도움을 주는 시스템입니다.",SUV
현대자동차,GV80(JX1),2021-03-09,2021-03-18,2021-10-28,45,운전석 안전띠 조절장치에서 일부 부품이 이탈되어 탑승자에게 상해를 줄 수 있는 가능성을 확인하고 원인조사를 위해 의심되는 협력사 '21.3.5일 생산 부품을 전수 회수하는 제작결함시정을 하고자 함,SUV
기아,카니발(YP),2014-06-21,2016-06-21,2021-11-02,110872,멀티펑션스위치 부품 내구성을 감안한 설계로직 설정 미흡으로 스마트정션박스측에서 좌측 방향지시등 전압을 우측으로 오인식 가능성,MPV/미니밴
기아,카니발(YP),2014-06-21,2016-06-10,2021-11-02,17827,멀티펑션스위치 부품 내구성을 감안한 설계로직 설정 미흡으로 스마트정션박스측에서 좌측 방향지시등 전압을 우측으로 오인식 가능성,MPV/미니밴
현대자동차,팰리세이드(LX2),2021-03-09,2021-03-31,2021-11-02,4366,차량 제조공정 중 오유입된 광유계 오일(엔진오일 등)을 컵씰이 흡수하여 발생된 컵씰 부풀음에 의해 마스터실린더 압력 형성 저하,SUV
BMW,BMW X5 xDrive40d,2020-07-14,2020-07-19,2021-11-05,3,"발전기 +, - 배선 설치 공정에서의 오류로 단자의 부 정확한 고정 가능성이 발견되었습니다",SUV
메르세데스 벤츠,GLE 350 D 4MATIC,2016-07-21,2018-02-19,2021-11-05,3,서비스 센터의 수리 작업 공정 오류로 인하여 전방 고정 부가 폴리카보네이트(polycarbonate) 패널인 경우 접합부가 사양에 맞지 않게 접합되었을 수 있습니다. 이로 인해 폴리카보네이트 패널의 접착력이 시간이 지남에 따라 약화될 수 있습니다.,SUV
메르세데스 벤츠,AMG GLE 63 S 4MATIC,2018-05-01,2018-05-01,2021-11-05,1,서비스 센터의 수리 작업 공정 오류로 인하여 전방 고정 부가 폴리카보네이트(polycarbonate) 패널인 경우 접합부가 사양에 맞지 않게 접합되었을 수 있습니다. 이로 인해 폴리카보네이트 패널의 접착력이 시간이 지남에 따라 약화될 수 있습니다.,SUV
메르세데스 벤츠,GLC 250 4MATIC,2018-03-09,2018-03-09,2021-11-05,1,"비상 통신 시스템(eCall)을 위한 통신 모듈 소프트웨어가 사양에 맞지 않아 차량 충돌로 인한 통신 모듈의 전원 공급이 일시적으로 중단된 경우, 차량 위치가 잘못 전송 될 수 있습니다.",SUV
메르세데스 벤츠,EQC 400 4MATIC,2018-04-27,2018-04-27,2021-11-05,1,"비상 통신 시스템(eCall)을 위한 통신 모듈 소프트웨어가 사양에 맞지 않아 차량 충돌로 인한 통신 모듈의 전원 공급이 일시적으로 중단된 경우, 차량 위치가 잘못 전송 될 수 있습니다.",SUV
메르세데스 벤츠,GLA 200 d,2017-04-25,2017-04-25,2021-11-05,1,"비상 통신 시스템(eCall)을 위한 통신 모듈 소프트웨어가 사양에 맞지 않아 차량 충돌로 인한 통신 모듈의 전원 공급이 일시적으로 중단된 경우, 차량 위치가 잘못 전송 될 수 있습니다.",SUV
메르세데스 벤츠,GLE 400 4MATIC,2017-09-25,2017-09-25,2021-11-05,1,"비상 통신 시스템(eCall)을 위한 통신 모듈 소프트웨어가 사양에 맞지 않아 차량 충돌로 인한 통신 모듈의 전원 공급이 일시적으로 중단된 경우, 차량 위치가 잘못 전송 될 수 있습니다.",SUV
메르세데스 벤츠,GLE 450 4MATIC,2019-12-10,2019-12-10,2021-11-05,1,"비상 통신 시스템(eCall)을 위한 통신 모듈 소프트웨어가 사양에 맞지 않아 차량 충돌로 인한 통신 모듈의 전원 공급이 일시적으로 중단된 경우, 차량 위치가 잘못 전송 될 수 있습니다.",SUV
메르세데스 벤츠,GLC 300 4MATIC,2017-09-06,2017-09-06,2021-11-05,1,"비상 통신 시스템(eCall)을 위한 통신 모듈 소프트웨어가 사양에 맞지 않아 차량 충돌로 인한 통신 모듈의 전원 공급이 일시적으로 중단된 경우, 차량 위치가 잘못 전송 될 수 있습니다.",SUV
BMW,BMW X5 xDrive30d,2017-02-06,2017-02-12,2021-11-05,2,"고압 연료 펌프의 설계 결함으로 내부 롤러의 마모에 의해 쇳가루가 발생하고, 발생된 쇳가루가 연료 공급라인(유량 제어 밸브 및 인젝터)을 막을 수 있습니다.",SUV
메르세데스 벤츠,Mercedes-AMG GLB 35 4MATIC,2020-03-30,2020-10-26,2021-11-05,9,공급 업체의 개발 공정 오류로 인하여 라디오 신호와 같이 외부 전자파에 의해 하부 컨트롤 패널 스위치(배기 플랩 컨트롤 스위치1 및/또는 서스펜션 설정 스위치2)가 의도하지 않게 작동될 수 있습니다. 1배기 플랩 컨트롤 스위치: 배기 플랩 개폐를 개별적으로 조절하여 배기음을 변경할 수 있는 기능. 2서스펜션 설정 스위치: 주행 시 승차감 모드(Comfort  안락한 주행 스타일 / Sport  서스펜션 상태가 단단해짐 / Sport + - 서스펜션 상태가 매우 단단해짐)를 변경할 수 있는 기능.,SUV
메르세데스 벤츠,Mercedes-AMG GLA 45 4MATIC+,2020-03-02,2020-05-12,2021-11-05,2,공급 업체의 개발 공정 오류로 인하여 라디오 신호와 같이 외부 전자파에 의해 하부 컨트롤 패널 스위치(배기 플랩 컨트롤 스위치1 및/또는 서스펜션 설정 스위치2)가 의도하지 않게 작동될 수 있습니다. 1배기 플랩 컨트롤 스위치: 배기 플랩 개폐를 개별적으로 조절하여 배기음을 변경할 수 있는 기능. 2서스펜션 설정 스위치: 주행 시 승차감 모드(Comfort  안락한 주행 스타일 / Sport  서스펜션 상태가 단단해짐 / Sport + - 서스펜션 상태가 매우 단단해짐)를 변경할 수 있는 기능.,SUV
기아,카니발(YP),2018-03-05,2020-07-17,2021-11-18,130836,전자식워터펌프 냉각수 호스 클립 설계 강건성 미흡으로 인해 냉각수 누수로 스타트모터 단자부 소손되어 화재 가능성,MPV/미니밴
BMW,X5 xDrive,2013-07-22,2013-07-22,2022-04-13,1,배기가스재순환장치 쿨러 내부 냉각수 누설 가능성,SUV
BMW,X5 xDrive,2014-01-23,2015-04-12,2022-04-13,15,배기가스재순환장치 쿨러 내부 냉각수 누설 가능성,SUV
BMW,X5 xDrive30d,2013-07-20,2016-07-29,2022-04-13,4237,배기가스재순환장치 쿨러 내부 냉각수 누설 가능성,SUV
BMW,X5 xDrive40d,2014-01-11,2016-07-29,2022-04-13,863,배기가스재순환장치 쿨러 내부 냉각수 누설 가능성,SUV
BMW,X5 xDrive,2017-08-11,2017-08-11,2022-05-11,1,배기가스재순환장치 쿨러 내부 냉각수 누설 가능성,SUV
BMW,X5 xDrive30d,2013-07-23,2018-06-28,2022-06-08,2530,배기가스재순환장치 쿨러 내부 냉각수 누설 가능성,SUV
BMW,X5 xDrive30d xLine,2018-08-21,2019-10-21,2022-06-08,2,배기가스재순환장치 쿨러 내부 냉각수 누설 가능성,SUV
BMW,X5 xDrive40d,2014-04-28,2018-06-25,2022-06-08,161,배기가스재순환장치 쿨러 내부 냉각수 누설 가능성,SUV
BMW,X5 xDrive30d xLine,2018-08-20,2020-07-29,2022-07-06,3826,배기가스재순환장치 쿨러 내부 냉각수 누설 가능성,SUV
BMW,X7 xDrive30d Design Pure Excellence,2018-07-19,2020-07-28,2022-07-06,1703,배기가스재순환장치 쿨러 내부 냉각수 누설 가능성,SUV
BMW,X5 M50d,2013-07-18,2018-06-28,2021-11-29,735,배기가스재순환장치 쿨러 내부 냉각수 누설 가능성,SUV
BMW,X5 xDrive30d,2016-07-18,2018-06-28,2021-11-29,1784,배기가스재순환장치 쿨러 내부 냉각수 누설 가능성,SUV
BMW,X5 xDrive40d,2014-02-06,2018-06-25,2021-11-29,406,배기가스재순환장치 쿨러 내부 냉각수 누설 가능성,SUV
기아,카니발(KA4),2021-07-28,2021-10-29,2021-12-02,10201,우측 자동문(파워슬라이딩 도어) 잠금장치 내부 부품 제조불량(치수불량)으로 부품간 간섭으로 인해 간헐적으로 잠금장치 작동불량 발생,MPV/미니밴
기아,카니발(KA4),2021-07-28,2021-10-26,2021-12-02,182,우측 자동문(파워슬라이딩 도어) 잠금장치 내부 부품 제조불량(치수불량)으로 부품간 간섭으로 인해 간헐적으로 잠금장치 작동불량 발생,MPV/미니밴
포드,2021년식 Explorer,2021-08-12,2021-09-04,2021-12-17,7,"일부 2021년식 Explorer 차량은 후진 시 후방 카메라 작동 시작 시에 후방카메라 내부 출력 회로의 간헐적인 작동 이상으로 인하여 후방 카메라를 포함한 하나 이상의 360° 카메라*의 화면이 디스플레이에 표시되지 않고 블루 스크린이 발생할 수 있습니다. *해당 리콜은 리콜번호 2021RIV270(제작자 관리번호 21S44, 후방 카메라 블루 스크린, 이미지 처리 모듈 B (IPM-B) 소프트웨어 업데이트) 리콜의 1차 추가 리콜 보고입니다. 추가 리콜이 공지된 이유는 아래와 같습니다. - 일부 차량에서도 이미지 처리 모듈 B의 버젼이 최신 버전으로 업데이트 되지 않았을 가능성이 있기에 추가 리콜을 실시하게 되었습니다. 한국에서 추가로 7대의 미판매 차량에서 확인이 필요한 것으로 결정되었기에 추가 차량에 대하여 제작결함을 시정하고자 합니다.",SUV
기아,카렌스(RP),2013-03-08,2018-07-23,2021-12-30,18944,제조공정에서 연료공급 차단 밸브의 코일에 발생한 스크래치로 밸브의 작동이 불가능하여 연료공급이 차단 될 가능성,MPV/미니밴
메르세데스 벤츠,GLC 220 d 4MATIC,2020-08-06,2020-08-06,2022-01-07,1,크랭크샤프트의 내구성 부족으로 인해 엔진 부하가 높을 경우 크랭크샤프트가 파손될 수 있습니다.,SUV
메르세데스 벤츠,GLE 350 e 4MATIC,2020-03-27,2021-01-25,2022-01-07,8,"연료탱크 압력 센서의 고정 클립이 내식성 부족으로 장기간 운행 시 고정 클립이 부식될 수 있고, 고정력이 상실되어 연료 탱크 압력 센서가 헐거워질 수도 있습니다.",SUV
메르세데스 벤츠,GLE 350 e 4MATIC Coupe,2020-03-25,2021-01-26,2022-01-07,11,"연료탱크 압력 센서의 고정 클립이 내식성 부족으로 장기간 운행 시 고정 클립이 부식될 수 있고, 고정력이 상실되어 연료 탱크 압력 센서가 헐거워질 수도 있습니다.",SUV
현대자동차,싼타페 (TM PE),2021-10-21,2021-12-06,2022-01-20,753,계기판 내부 부품 (저항값) 오적용으로 인해 저온조건(약 -20℃ 이하)에서 시동 시 간헐적으로 계기판 화면이 반전될 수 있고 그 상태로 주행할 경우 안전에 지장을 줄 가능성이 있는 결함,SUV
현대자동차,싼타페 하이브리드 (TM PE HEV),2021-10-19,2021-12-06,2022-01-20,1172,계기판 내부 부품 (저항값) 오적용으로 인해 저온조건(약 -20℃ 이하)에서 시동 시 간헐적으로 계기판 화면이 반전될 수 있고 그 상태로 주행할 경우 안전에 지장을 줄 가능성이 있는 결함,SUV
메르세데스 벤츠,GLE 300 d 4MATIC,2021-01-27,2021-01-27,2022-02-04,1,엔진 컨트롤 유닛의 소프트웨어 오류로 인해 엔진 시동 후 차량 도난방지 장치(vehicle immobilizer)의 데이터를 엔진 컨트롤 유닛에 저장하지 못할 수 있습니다.,SUV
메르세데스 벤츠,GLE 300 d 4MATIC,2019-02-04,2021-10-13,2022-02-11,2036,냉각수 펌프를 제어하는 엔진 컨트롤 유닛의 소프트웨어 오류로 인해 냉각수 펌프내 진공 시스템과 냉각수 라인 사이의 실링(sealing)에 응력이 증가되어 냉각수 누수가 발생될 수 있습니다. 이러한 경우 냉각수 펌프 또는 배기 재순환 밸브의 전기 스위치 밸브에 냉각수가 유입될 수 있습니다.,SUV
메르세데스 벤츠,GLE 400 d 4MATIC Coupe,2020-02-13,2021-09-30,2022-02-11,2464,냉각수 펌프를 제어하는 엔진 컨트롤 유닛의 소프트웨어 오류로 인해 냉각수 펌프내 진공 시스템과 냉각수 라인 사이의 실링(sealing)에 응력이 증가되어 냉각수 누수가 발생될 수 있습니다. 이러한 경우 냉각수 펌프 또는 배기 재순환 밸브의 전기 스위치 밸브에 냉각수가 유입될 수 있습니다.,SUV
메르세데스 벤츠,GLS 400 d 4MATIC,2020-02-17,2021-10-11,2022-02-11,744,냉각수 펌프를 제어하는 엔진 컨트롤 유닛의 소프트웨어 오류로 인해 냉각수 펌프내 진공 시스템과 냉각수 라인 사이의 실링(sealing)에 응력이 증가되어 냉각수 누수가 발생될 수 있습니다. 이러한 경우 냉각수 펌프 또는 배기 재순환 밸브의 전기 스위치 밸브에 냉각수가 유입될 수 있습니다.,SUV
메르세데스 벤츠,GLC 220 d 4MATIC Coupe,2019-11-13,2021-10-18,2022-02-11,1170,냉각수 펌프를 제어하는 엔진 컨트롤 유닛의 소프트웨어 오류로 인해 냉각수 펌프내 진공 시스템과 냉각수 라인 사이의 실링(sealing)에 응력이 증가되어 냉각수 누수가 발생될 수 있습니다. 이러한 경우 냉각수 펌프 또는 배기 재순환 밸브의 전기 스위치 밸브에 냉각수가 유입될 수 있습니다.,SUV
메르세데스 벤츠,GLC 220 d 4MATIC,2019-11-06,2021-10-19,2022-02-11,784,냉각수 펌프를 제어하는 엔진 컨트롤 유닛의 소프트웨어 오류로 인해 냉각수 펌프내 진공 시스템과 냉각수 라인 사이의 실링(sealing)에 응력이 증가되어 냉각수 누수가 발생될 수 있습니다. 이러한 경우 냉각수 펌프 또는 배기 재순환 밸브의 전기 스위치 밸브에 냉각수가 유입될 수 있습니다.,SUV
기아,카니발(YP),2016-06-02,2019-03-11,2022-02-18,178343,"에어백 제어기(ACU) 제조 산포에 의해 커버와 내부 부품(EEPROM) 간 간섭 및 손상 발생으로 인해 지속 운행시 내부 부품이 손상되어 에어백 경고등이 점등되고, 충돌 사고시 에어백이 전개되지 않아 탑승자 상해 가능성이 있는 결함 ※ 에어백 제어기(ACU) : 충돌 센서에서 신호를 받아 에어백에 전개신호를 전달하는 장치 EEPROM (Eletrically Erasable Programmable Read-Only Memory, 메모리 영구 저장 소자) : 에어백 사양 정보, 전개 파라미터 등이 담긴 메모리",MPV/미니밴
기아,카니발(YP),2016-06-03,2019-02-01,2022-02-18,13015,"에어백 제어기(ACU) 제조 산포에 의해 커버와 내부 부품(EEPROM) 간 간섭 및 손상 발생으로 인해 지속 운행시 내부 부품이 손상되어 에어백 경고등이 점등되고, 충돌 사고시 에어백이 전개되지 않아 탑승자 상해 가능성이 있는 결함 ※ 에어백 제어기(ACU) : 충돌 센서에서 신호를 받아 에어백에 전개신호를 전달하는 장치 EEPROM (Eletrically Erasable Programmable Read-Only Memory, 메모리 영구 저장 소자) : 에어백 사양 정보, 전개 파라미터 등이 담긴 메모리",MPV/미니밴
메르세데스 벤츠,EQB 300 4MATIC,2021-10-02,2021-10-02,2022-02-25,1,공급업체의 생산 공정 오류로 인하여 뒤 중앙 시트 등받이의 접힘 기능을 위한 베어링 부싱(bushing) 부품이 내구성 부족으로 작동 시 파손될 수 있습니다. 베어링 부싱이 파손된 경우 장착된 스프링이 분리될 수 있습니다.,SUV
르노코리아,XM3,2019-12-03,2021-11-19,2022-02-28,29810,"XM3 차량의 전자식 조향 제어장치 소프트웨어 오류로 조향 제어장치 회로기판에 열적 손상이 발생 할 수 있고, 이로 인해 경고등 점등 및 스티어링 휠이 무거워져 안전에 지장을 줄 가능성이 있음.",SUV
르노코리아,XM3,2020-01-15,2021-11-18,2022-02-28,15666,"XM3 차량의 전자식 조향 제어장치 소프트웨어 오류로 조향 제어장치 회로기판에 열적 손상이 발생 할 수 있고, 이로 인해 경고등 점등 및 스티어링 휠이 무거워져 안전에 지장을 줄 가능성이 있음.",SUV
기아,쏘렌토 (UM/UM PE),2014-08-25,2020-02-28,2022-03-11,373721,디젤 엔진 장착 일부 전기식 보조 히터(PTC) 커넥터 내열성 부족으로 온도가 과도하게 증가하여 차량운행시 커넥터 단자가 손상되고 전기배선이 끊어져 차량 화재 발생 가능성,SUV
기아,스포티지 (QL/QL PE),2015-08-17,2021-07-09,2022-03-11,188075,디젤 엔진 장착 일부 전기식 보조 히터(PTC) 커넥터 내열성 부족으로 온도가 과도하게 증가하여 차량운행시 커넥터 단자가 손상되고 전기배선이 끊어져 차량 화재 발생 가능성,SUV
메르세데스 벤츠,GLE 400 d 4MATIC,2018-07-17,2018-07-17,2022-03-11,1,냉각수 펌프를 제어하는 엔진 컨트롤 유닛의 소프트웨어 오류로 인해 냉각수 펌프내 진공 시스템과 냉각수 라인 사이의 실링(sealing)에 응력이 증가되어 냉각수 누수가 발생될 수 있습니다. 이러한 경우 냉각수 펌프 또는 배기 재순환 밸브의 전기 스위치 밸브에 냉각수가 유입될 수 있습니다.,SUV
메르세데스 벤츠,GLE 400 d 4MATIC Coupe,2021-07-28,2021-11-19,2022-03-11,183,냉각수 펌프를 제어하는 엔진 컨트롤 유닛의 소프트웨어 오류로 인해 냉각수 펌프내 진공 시스템과 냉각수 라인 사이의 실링(sealing)에 응력이 증가되어 냉각수 누수가 발생될 수 있습니다. 이러한 경우 냉각수 펌프 또는 배기 재순환 밸브의 전기 스위치 밸브에 냉각수가 유입될 수 있습니다.,SUV
메르세데스 벤츠,GLS 400 d 4MATIC,2021-09-16,2021-11-15,2022-03-11,84,냉각수 펌프를 제어하는 엔진 컨트롤 유닛의 소프트웨어 오류로 인해 냉각수 펌프내 진공 시스템과 냉각수 라인 사이의 실링(sealing)에 응력이 증가되어 냉각수 누수가 발생될 수 있습니다. 이러한 경우 냉각수 펌프 또는 배기 재순환 밸브의 전기 스위치 밸브에 냉각수가 유입될 수 있습니다.,SUV
메르세데스 벤츠,GLC 220 d 4MATIC,2021-10-05,2021-11-25,2022-03-11,80,냉각수 펌프를 제어하는 엔진 컨트롤 유닛의 소프트웨어 오류로 인해 냉각수 펌프내 진공 시스템과 냉각수 라인 사이의 실링(sealing)에 응력이 증가되어 냉각수 누수가 발생될 수 있습니다. 이러한 경우 냉각수 펌프 또는 배기 재순환 밸브의 전기 스위치 밸브에 냉각수가 유입될 수 있습니다.,SUV
메르세데스 벤츠,EQB 300 4MATIC,2021-10-02,2021-10-28,2022-03-11,3,공급업체의 생산 공정 오류로 인하여 후방 도어 휠 아치 커버가 접착제를 제대로 도포하지 않은 상태로 부착되었을 수 있습니다.,SUV
현대자동차,투싼 (TL),2015-01-08,2018-07-18,2022-03-11,165430,디젤 엔진 장착 일부 전기식 보조 히터(PTC) 커넥터 내열성 부족으로 온도가 과도하게 증가하여 차량운행시 커넥터 단자가 손상되고 전기배선이 끊어져 차량 화재 발생 가능성,SUV
기아,카니발(KA4),2021-04-15,2021-04-27,2022-03-11,280,카니발(KA4) 11인승 일부 차량의 3열 좌측 좌석 하부 프레임 용접불량으로 인해 충돌 시 3열 좌측 및 중앙 좌석안전띠 부착강도가 안전기준을 만족하지 못하는 결함,MPV/미니밴
현대자동차,싼타페(TM PE),2020-06-03,2021-12-04,2022-03-18,23670,디젤 2.0/2.2 엔진 연료공급호스 클램프 사양 선정 및 체결 간극 설정 미흡으로 인해 체결력 부족으로 연료 누유,SUV
현대자동차,투싼(NX4),2020-05-28,2021-05-24,2022-03-18,107,디젤 2.0/2.2 엔진 연료공급호스 클램프 사양 선정 및 체결 간극 설정 미흡으로 인해 체결력 부족으로 연료 누유,SUV
현대자동차,GV70(JK1),2020-07-29,2021-02-16,2022-03-18,461,디젤 2.0/2.2 엔진 연료공급호스 클램프 사양 선정 및 체결 간극 설정 미흡으로 인해 체결력 부족으로 연료 누유,SUV
기아,카니발(KA4),2020-04-02,2021-12-21,2022-03-18,19009,디젤 2.2 엔진 연료공급호스 클램프 사양 선정 및 체결 간극 설정 미흡으로 인해 체결력 부족으로 연료 누유,MPV/미니밴
기아,카니발(KA4),2020-05-29,2020-11-05,2022-03-18,468,디젤 2.2 엔진 연료공급호스 클램프 사양 선정 및 체결 간극 설정 미흡으로 인해 체결력 부족으로 연료 누유,MPV/미니밴
기아,쏘렌토(MQ4),2020-03-03,2021-12-16,2022-03-18,45663,디젤 2.2 엔진 연료공급호스 클램프 사양 선정 및 체결 간극 설정 미흡으로 인해 체결력 부족으로 연료 누유,SUV
포드,2011-2013년식 Explorer,2010-10-13,2012-08-27,2022-03-22,1200,2011-2013년식 Explorer 차량 중 양쪽 후륜 바퀴 너클 중 하나 또는 둘 다 교체된 일부 차량 중 볼 조인트 타입의 토 링크 부싱이 적용된 경우 후륜 서스펜션 토 링크의 강성 부족으로 인하여 토 링크의 바깥쪽 부분에 손상이 발생될 가능성이 있는것으로 확인되었습니다.,SUV
메르세데스 벤츠,GLC 300 4MATIC,2021-02-23,2021-02-23,2022-03-25,1,공급 업체 생산 공정 상 오류로 인하여 어린이 보호 잠금장치가 없는 도어 록(door lock)이 우측 후방 도어에 설치되었을 수 있습니다. 이 경우 우측 후방 도어의 “어린이 보호용 잠금” 기능을 사용할 수 없습니다.,SUV
메르세데스 벤츠,GLC 300 e 4MATIC,2021-02-23,2021-02-23,2022-03-25,1,공급 업체 생산 공정 상 오류로 인하여 어린이 보호 잠금장치가 없는 도어 록(door lock)이 우측 후방 도어에 설치되었을 수 있습니다. 이 경우 우측 후방 도어의 “어린이 보호용 잠금” 기능을 사용할 수 없습니다.,SUV
메르세데스 벤츠,AMG GLC 43 4MATIC,2021-02-23,2021-02-23,2022-03-25,1,공급 업체 생산 공정 상 오류로 인하여 어린이 보호 잠금장치가 없는 도어 록(door lock)이 우측 후방 도어에 설치되었을 수 있습니다. 이 경우 우측 후방 도어의 “어린이 보호용 잠금” 기능을 사용할 수 없습니다.,SUV
메르세데스 벤츠,GLE 450 4MATIC,2019-06-04,2019-10-23,2022-03-25,15,"생산 공정 오류로 인하여 연료 레일의 가공 잔여물(금속 또는 플라스틱)이 연료 레일과 인젝터 사이에 포함되어 조립되었을 수 있습니다. 잔여물의 날카로운 모서리에 의해 연료 레일과 인젝터 사이의 실링이 손상될 수 있고, 이로 인해 연료가 누유될 수 있습니다.",SUV
메르세데스 벤츠,GLC 300 4MATIC Coupe,2019-04-25,2019-04-26,2022-03-25,3,"생산 공정 오류로 인하여 연료 레일의 가공 잔여물(금속 또는 플라스틱)이 연료 레일과 인젝터 사이에 포함되어 조립되었을 수 있습니다. 잔여물의 날카로운 모서리에 의해 연료 레일과 인젝터 사이의 실링이 손상될 수 있고, 이로 인해 연료가 누유될 수 있습니다.",SUV
메르세데스 벤츠,GLC 300 4MATIC,2019-04-26,2019-04-26,2022-03-25,1,"생산 공정 오류로 인하여 연료 레일의 가공 잔여물(금속 또는 플라스틱)이 연료 레일과 인젝터 사이에 포함되어 조립되었을 수 있습니다. 잔여물의 날카로운 모서리에 의해 연료 레일과 인젝터 사이의 실링이 손상될 수 있고, 이로 인해 연료가 누유될 수 있습니다.",SUV
메르세데스 벤츠,GLC 350 e 4MATIC,2018-11-02,2018-11-02,2022-03-25,1,"생산 공정 오류로 인하여 연료 레일의 가공 잔여물(금속 또는 플라스틱)이 연료 레일과 인젝터 사이에 포함되어 조립되었을 수 있습니다. 잔여물의 날카로운 모서리에 의해 연료 레일과 인젝터 사이의 실링이 손상될 수 있고, 이로 인해 연료가 누유될 수 있습니다.",SUV
르노코리아,QM6,2020-03-03,2020-07-31,2022-03-31,9189,QM6 가솔린 (GDe) 차량의 연료공급호스와 연결되는 파이프(연료라인)가 완전하게 삽입되지 않은 상태로 부품업체에서 일부 공급되어 차량에 장착된 것이 확인 됨,SUV
BMW,BMW X5 xDrive30d xLine,2018-08-20,2020-07-29,2022-03-31,336,엔진 컨트롤 유닛 (DDE)의 진단 관련 소프트웨어의 오류가 있는 것을 확인하였습니다.,SUV
BMW,BMW X7 xDrive30d Design Pure Excellence,2018-12-21,2020-07-28,2022-03-31,136,엔진 컨트롤 유닛 (DDE)의 진단 관련 소프트웨어의 오류가 있는 것을 확인하였습니다.,SUV
기아,쏘렌토(MQ4),2021-07-05,2021-08-17,2022-04-01,560,일부 차량에서 앞좌석 안전띠 조절장치의 일부부품 문제로 충돌시 문제 부품이 이탈되어 탑승자에게 상해를 줄 수 있는 가능성,SUV
기아,쏘렌토 하이브리드(MQ4 HEV),2021-07-05,2021-07-13,2022-04-01,385,일부 차량에서 앞좌석 안전띠 조절장치의 일부부품 문제로 충돌시 문제 부품이 이탈되어 탑승자에게 상해를 줄 수 있는 가능성,SUV
현대자동차,싼타페(TM),2021-07-03,2021-10-27,2022-04-01,271,앞좌석 안전띠 조절장치의 일부부품 문제로 충돌시 문제 부품이 이탈되어 탑승자에게 상해를 줄 가능성,SUV
현대자동차,싼타페 하이브리드(TM HEV),2021-07-03,2021-10-27,2022-04-01,117,앞좌석 안전띠 조절장치의 일부부품 문제로 충돌시 문제 부품이 이탈되어 탑승자에게 상해를 줄 가능성,SUV
메르세데스 벤츠,GLA 250,2016-07-12,2017-09-21,2022-04-08,2,"비상 통신 시스템(eCall)을 위한 통신 모듈 소프트웨어가 사양에 맞지 않아 차량 충돌로 인한 통신 모듈의 전원 공급이 일시적으로 중단된 경우, 차량 위치가 잘못 전송 될 수 있습니다.",SUV
메르세데스 벤츠,GLE 350 4MATIC,2016-09-06,2018-06-20,2022-04-08,10,"비상 통신 시스템(eCall)을 위한 통신 모듈 소프트웨어가 사양에 맞지 않아 차량 충돌로 인한 통신 모듈의 전원 공급이 일시적으로 중단된 경우, 차량 위치가 잘못 전송 될 수 있습니다.",SUV
메르세데스 벤츠,GLE 350,2016-10-19,2017-08-27,2022-04-08,3,"비상 통신 시스템(eCall)을 위한 통신 모듈 소프트웨어가 사양에 맞지 않아 차량 충돌로 인한 통신 모듈의 전원 공급이 일시적으로 중단된 경우, 차량 위치가 잘못 전송 될 수 있습니다.",SUV
메르세데스 벤츠,AMG GLE 43 4MATIC,2017-11-30,2017-11-30,2022-04-08,1,"비상 통신 시스템(eCall)을 위한 통신 모듈 소프트웨어가 사양에 맞지 않아 차량 충돌로 인한 통신 모듈의 전원 공급이 일시적으로 중단된 경우, 차량 위치가 잘못 전송 될 수 있습니다.",SUV
메르세데스 벤츠,AMG GLE 63 S 4MATIC,2017-07-12,2017-07-12,2022-04-08,1,"비상 통신 시스템(eCall)을 위한 통신 모듈 소프트웨어가 사양에 맞지 않아 차량 충돌로 인한 통신 모듈의 전원 공급이 일시적으로 중단된 경우, 차량 위치가 잘못 전송 될 수 있습니다.",SUV
메르세데스 벤츠,GLS 450 4MATIC,2016-08-02,2017-08-09,2022-04-08,4,"비상 통신 시스템(eCall)을 위한 통신 모듈 소프트웨어가 사양에 맞지 않아 차량 충돌로 인한 통신 모듈의 전원 공급이 일시적으로 중단된 경우, 차량 위치가 잘못 전송 될 수 있습니다.",SUV
메르세데스 벤츠,GLS 550 4MATIC,2017-07-25,2017-12-06,2022-04-08,2,"비상 통신 시스템(eCall)을 위한 통신 모듈 소프트웨어가 사양에 맞지 않아 차량 충돌로 인한 통신 모듈의 전원 공급이 일시적으로 중단된 경우, 차량 위치가 잘못 전송 될 수 있습니다.",SUV
메르세데스 벤츠,GLE 350 4MATIC,2019-04-11,2019-06-06,2022-04-08,2,"비상 통신 시스템(eCall)을 위한 통신 모듈 소프트웨어가 사양에 맞지 않아 차량 충돌로 인한 통신 모듈의 전원 공급이 일시적으로 중단된 경우, 차량 위치가 잘못 전송 될 수 있습니다.",SUV
메르세데스 벤츠,GLA 250 4MATIC,2021-08-20,2021-08-20,2022-04-08,1,"비상 통신 시스템(eCall)을 위한 통신 모듈 소프트웨어가 사양에 맞지 않아 차량 충돌로 인한 통신 모듈의 전원 공급이 일시적으로 중단된 경우, 차량 위치가 잘못 전송 될 수 있습니다.",SUV
메르세데스 벤츠,GLC 300 4MATIC,2016-11-15,2017-10-21,2022-04-08,2,"비상 통신 시스템(eCall)을 위한 통신 모듈 소프트웨어가 사양에 맞지 않아 차량 충돌로 인한 통신 모듈의 전원 공급이 일시적으로 중단된 경우, 차량 위치가 잘못 전송 될 수 있습니다.",SUV
메르세데스 벤츠,GLC 250 d 4MATIC,2018-10-02,2018-10-02,2022-04-08,1,"비상 통신 시스템(eCall)을 위한 통신 모듈 소프트웨어가 사양에 맞지 않아 차량 충돌로 인한 통신 모듈의 전원 공급이 일시적으로 중단된 경우, 차량 위치가 잘못 전송 될 수 있습니다.",SUV
메르세데스 벤츠,GLC 250 4MATIC,2019-03-28,2019-03-28,2022-04-08,1,"비상 통신 시스템(eCall)을 위한 통신 모듈 소프트웨어가 사양에 맞지 않아 차량 충돌로 인한 통신 모듈의 전원 공급이 일시적으로 중단된 경우, 차량 위치가 잘못 전송 될 수 있습니다.",SUV
메르세데스 벤츠,GLC 300,2016-07-02,2017-11-18,2022-04-08,5,"비상 통신 시스템(eCall)을 위한 통신 모듈 소프트웨어가 사양에 맞지 않아 차량 충돌로 인한 통신 모듈의 전원 공급이 일시적으로 중단된 경우, 차량 위치가 잘못 전송 될 수 있습니다.",SUV
메르세데스 벤츠,GLC 300 4MATIC,2016-06-07,2019-03-16,2022-04-08,12,"비상 통신 시스템(eCall)을 위한 통신 모듈 소프트웨어가 사양에 맞지 않아 차량 충돌로 인한 통신 모듈의 전원 공급이 일시적으로 중단된 경우, 차량 위치가 잘못 전송 될 수 있습니다.",SUV
메르세데스 벤츠,AMG GLE 43 4MATIC,2017-08-20,2017-08-30,2022-04-08,2,"비상 통신 시스템(eCall)을 위한 통신 모듈 소프트웨어가 사양에 맞지 않아 차량 충돌로 인한 통신 모듈의 전원 공급이 일시적으로 중단된 경우, 차량 위치가 잘못 전송 될 수 있습니다.",SUV
메르세데스 벤츠,EQC 400 4MATIC,2019-08-26,2019-12-06,2022-04-08,5,"비상 통신 시스템(eCall)을 위한 통신 모듈 소프트웨어가 사양에 맞지 않아 차량 충돌로 인한 통신 모듈의 전원 공급이 일시적으로 중단된 경우, 차량 위치가 잘못 전송 될 수 있습니다.",SUV
현대자동차,GV80(JX1),2019-12-31,2022-03-25,2022-04-11,64013,타이어공기압경고장치의 경고등 점등을 위한 소프트웨어 설정값 오류로 주행중 타이어 압력 저하시 경고등이 점등되지 않는 타이어공기압경고장치의 안전기준을 만족하지 못하는 결함,SUV
BMW,BMW X5 xDrive30d xLine,2018-08-21,2020-06-29,2022-04-15,24,당사의 문서번호 『BGK-2022-A61-027』로 제출한 엔진 컨트롤유닛(DDE) 시정조치계획보고 『2022RIV063』와 관련하여 BMW 독일 본사로부터 추가 대상 차량을 전달 받아 추가 보고 드립니다. 엔진 컨트롤 유닛 (DDE)의 진단 관련 소프트웨어의 오류가 있는 것을 확인하였습니다.,SUV
BMW,BMW X7 xDrive30d Design Pure Excellence,2018-12-21,2020-06-22,2022-04-15,9,당사의 문서번호 『BGK-2022-A61-027』로 제출한 엔진 컨트롤유닛(DDE) 시정조치계획보고 『2022RIV063』와 관련하여 BMW 독일 본사로부터 추가 대상 차량을 전달 받아 추가 보고 드립니다. 엔진 컨트롤 유닛 (DDE)의 진단 관련 소프트웨어의 오류가 있는 것을 확인하였습니다.,SUV
혼다코리아,ODYSSEY,2017-06-19,2022-03-09,2022-04-18,3118,"파워윈도우 마스터스위치 사양 오류로 인해 윈도우 조작 시 안전에 영향을 끼칠 가능성이 있음. 해당 결함은 FMVSS 118조 S4의 (d), (e), S5, S5.1, S8.1의(b) 조건을 충족시키지 못함.",MPV/미니밴
혼다코리아,CR-V,2016-08-24,2020-07-30,2022-04-18,2108,"파워윈도우 마스터스위치 사양 오류로 인해 윈도우 조작 시 안전에 영향을 끼칠 가능성이 있음. 해당 결함은 FMVSS 118조 S4의 (d), (e), S5, S5.1, S8.1의(b) 조건을 충족시키지 못함.",SUV
혼다코리아,CR-V HEV,2020-11-09,2022-01-20,2022-04-18,1291,"파워윈도우 마스터스위치 사양 오류로 인해 윈도우 조작 시 안전에 영향을 끼칠 가능성이 있음. 해당 결함은 FMVSS 118조 S4의 (d), (e), S5, S5.1, S8.1의(b) 조건을 충족시키지 못함.",SUV
포드,2013-2017년식 Explorer,2012-09-05,2017-09-30,2022-04-20,19733,"일부 2013-2017년식 Explorer 차량은 후륜 서스펜션 토 링크의 강성 부족으로 인하여 토 링크의 바깥쪽 부분에 손상이 발생될 가능성이 있는 것으로 확인되었습니다. *예정되었던 2022년 1월보다 실시 공지가 지연된 사유: 지연 사유는 리콜에 필요한 토 링크 부품의 확보였습니다. 해당 리콜은 전 세계적으로 대략 78만 5천 대의 차량이 해당되었기에 충분한 물량을 확보하는데 예상보다 긴 시간이 필요하였습니다. 2022년 2월에 미국 본사에 충분한 물량이 확보되었으며, 한국이 속해있는 지역에는 2022년 3월에서야 충분한 물량이 확보되었습니다. 그리하여 바로 초도 물량을 긴급 주문(FedEx, 약 2주 소요)으로 주문하였지만 무게로 인하여 긴급 주문이 불가하여 그다음 빠른 항공 주문(약 한 달 소요)으로 실시하였으며 3월 말에 일부 초도 물량이 한국에 도착하였고 나머지 일부 초도 물량은 4월 1일 도착 예정중에 있습니다. 위와 같은 사유들로 인하여 실시에 지연이 발생하게 되었습니다.",SUV
포드,2022년식 Explorer,2022-01-04,2022-01-05,2022-04-20,28,일부 2022년식 Explorer 및 Aviator 차량은 연료 주입구로 연결되는 환기(vent) 튜브가 분리되며 연료가 누출되어 FMVSS(연방 자동차 안전 표준) No. 301 연료 시스템 누출(Fuel System Integrity)에 지정된 요구 사항을 준수하지 못하였습니다. *대상대수 35대 모두 미판매 차량입니다.,SUV
메르세데스 벤츠,GLE 300 d 4MATIC,2018-07-24,2019-11-18,2022-04-29,991,냉각수 펌프를 제어하는 엔진 컨트롤 유닛의 소프트웨어 오류로 인해 냉각수 펌프내 진공 시스템과 냉각수 라인 사이의 실링(sealing)에 응력이 증가되어 냉각수 누수가 발생될 수 있습니다. 이러한 경우 냉각수 펌프 또는 배기 재순환 밸브의 전기 스위치 밸브에 냉각수가 유입될 수 있습니다.,SUV
메르세데스 벤츠,GLE 400 d 4MATIC,2019-10-24,2021-07-02,2022-04-29,34,냉각수 펌프를 제어하는 엔진 컨트롤 유닛의 소프트웨어 오류로 인해 냉각수 펌프내 진공 시스템과 냉각수 라인 사이의 실링(sealing)에 응력이 증가되어 냉각수 누수가 발생될 수 있습니다. 이러한 경우 냉각수 펌프 또는 배기 재순환 밸브의 전기 스위치 밸브에 냉각수가 유입될 수 있습니다.,SUV
메르세데스 벤츠,GLS 400 d 4MATIC,2019-11-19,2021-08-12,2022-04-29,11,냉각수 펌프를 제어하는 엔진 컨트롤 유닛의 소프트웨어 오류로 인해 냉각수 펌프내 진공 시스템과 냉각수 라인 사이의 실링(sealing)에 응력이 증가되어 냉각수 누수가 발생될 수 있습니다. 이러한 경우 냉각수 펌프 또는 배기 재순환 밸브의 전기 스위치 밸브에 냉각수가 유입될 수 있습니다.,SUV
토요타,토요타 시에나 하이브리드 2WD,2020-03-09,2022-02-12,2022-05-12,1271,"브레이크 작동 제어장치(브레이크 액츄에이터 ECU) 소프트웨어 오류로, VSC(자동차 안전성 제어장치) OFF 상태에서 브레이크 페달을 밟은 채 시동 정지 후 재시동을 하면 VSC가 ON 상태로 복귀하지 않을 가능성이 있으며, 이 경우「자동차 및 자동차부품의 성능과 기준에 관한 규칙」제90조의2의 규정을 만족하지 않을 수 있음.",MPV/미니밴
토요타,토요타 시에나 하이브리드 AWD,2020-03-04,2022-02-12,2022-05-12,518,"브레이크 작동 제어장치(브레이크 액츄에이터 ECU) 소프트웨어 오류로, VSC(자동차 안전성 제어장치) OFF 상태에서 브레이크 페달을 밟은 채 시동 정지 후 재시동을 하면 VSC가 ON 상태로 복귀하지 않을 가능성이 있으며, 이 경우「자동차 및 자동차부품의 성능과 기준에 관한 규칙」제90조의2의 규정을 만족하지 않을 수 있음.",MPV/미니밴
현대자동차,ELECTRIFIED GV70 (JK1 EV),2022-02-11,2022-05-03,2022-05-19,594,전자식변속제어장치(SCU) 로직 미흡으로 인해 경사로 주차 중 변속장치의 주차유지(P단)가 해제되면서 차량 전/후방 밀림,SUV
메르세데스 벤츠,GLE 300 d 4MATIC,2021-01-27,2021-10-08,2022-05-20,2,조수석 시트 아래의 48V 접지선의 연결 볼트가 제대로 조여지지 않았을 수 있습니다. 이러한 경우 접지선 케이블 터미널이 정확히 고정되지 않아 전기 저항이 증가할 수 있습니다.,SUV
메르세데스 벤츠,GLE 450 4MATIC,2019-02-15,2021-09-14,2022-05-20,775,조수석 시트 아래의 48V 접지선의 연결 볼트가 제대로 조여지지 않았을 수 있습니다. 이러한 경우 접지선 케이블 터미널이 정확히 고정되지 않아 전기 저항이 증가할 수 있습니다.,SUV
메르세데스 벤츠,Mercedes-AMG GLE 53 4MATIC+,2020-03-03,2021-08-28,2022-05-20,61,조수석 시트 아래의 48V 접지선의 연결 볼트가 제대로 조여지지 않았을 수 있습니다. 이러한 경우 접지선 케이블 터미널이 정확히 고정되지 않아 전기 저항이 증가할 수 있습니다.,SUV
메르세데스 벤츠,GLE 400 d 4MATIC,2019-07-23,2019-08-05,2022-05-20,4,조수석 시트 아래의 48V 접지선의 연결 볼트가 제대로 조여지지 않았을 수 있습니다. 이러한 경우 접지선 케이블 터미널이 정확히 고정되지 않아 전기 저항이 증가할 수 있습니다.,SUV
메르세데스 벤츠,Mercedes-AMG GLE 53 4MATIC+ Coupe,2019-11-01,2021-10-22,2022-05-20,111,조수석 시트 아래의 48V 접지선의 연결 볼트가 제대로 조여지지 않았을 수 있습니다. 이러한 경우 접지선 케이블 터미널이 정확히 고정되지 않아 전기 저항이 증가할 수 있습니다.,SUV
메르세데스 벤츠,Mercedes-AMG GLE 63 S 4MATIC+,2019-11-04,2021-08-09,2022-05-20,15,조수석 시트 아래의 48V 접지선의 연결 볼트가 제대로 조여지지 않았을 수 있습니다. 이러한 경우 접지선 케이블 터미널이 정확히 고정되지 않아 전기 저항이 증가할 수 있습니다.,SUV
메르세데스 벤츠,GLS 400 d 4MATIC,2019-04-11,2021-08-12,2022-05-20,3,조수석 시트 아래의 48V 접지선의 연결 볼트가 제대로 조여지지 않았을 수 있습니다. 이러한 경우 접지선 케이블 터미널이 정확히 고정되지 않아 전기 저항이 증가할 수 있습니다.,SUV
메르세데스 벤츠,GLS 580 4MATIC,2019-06-24,2021-10-27,2022-05-20,201,조수석 시트 아래의 48V 접지선의 연결 볼트가 제대로 조여지지 않았을 수 있습니다. 이러한 경우 접지선 케이블 터미널이 정확히 고정되지 않아 전기 저항이 증가할 수 있습니다.,SUV
메르세데스 벤츠,Maybach GLS 600 4MATIC,2020-11-20,2021-09-15,2022-05-20,24,조수석 시트 아래의 48V 접지선의 연결 볼트가 제대로 조여지지 않았을 수 있습니다. 이러한 경우 접지선 케이블 터미널이 정확히 고정되지 않아 전기 저항이 증가할 수 있습니다.,SUV
메르세데스 벤츠,GLE 300 d 4MATIC,2019-06-04,2019-11-02,2022-05-20,180,"후방 SAM(Signal Acquisition and actuation Module) 컨트롤 유닛1 내의 회로 기판 조립 오류로 인하여 후진 기어 작동 이후 뒤 좌측 후퇴등이 점등된 상태로 유지될 수 있습니다. 1 SAM 컨트롤 유닛: 센서, 스위치 및 컨트롤로부터 데이터를 수신하고, 이를 전송하여 구성 요소(components)를 작동하며, 시스템을 모니터링하는 모듈",SUV
메르세데스 벤츠,GLE 450 4MATIC,2019-05-16,2019-11-14,2022-05-20,878,"후방 SAM(Signal Acquisition and actuation Module) 컨트롤 유닛1 내의 회로 기판 조립 오류로 인하여 후진 기어 작동 이후 뒤 좌측 후퇴등이 점등된 상태로 유지될 수 있습니다. 1 SAM 컨트롤 유닛: 센서, 스위치 및 컨트롤로부터 데이터를 수신하고, 이를 전송하여 구성 요소(components)를 작동하며, 시스템을 모니터링하는 모듈",SUV
메르세데스 벤츠,GLC 300 e 4MATIC Coupe,2021-06-01,2021-06-10,2022-05-20,10,전조등의 전기 커넥터 하우징에 실링(sealing) 마개가 제대로 장착되지 않아 습기가 유입될 수 있습니다. 이로 인해 전기 커넥터가 손상될 수 있습니다.,SUV
메르세데스 벤츠,Mercedes-AMG GLC 43 4MATIC,2021-06-01,2021-06-07,2022-05-20,4,전조등의 전기 커넥터 하우징에 실링(sealing) 마개가 제대로 장착되지 않아 습기가 유입될 수 있습니다. 이로 인해 전기 커넥터가 손상될 수 있습니다.,SUV
메르세데스 벤츠,GLC 300 4MATIC,2021-06-01,2021-06-01,2022-05-20,3,전조등의 전기 커넥터 하우징에 실링(sealing) 마개가 제대로 장착되지 않아 습기가 유입될 수 있습니다. 이로 인해 전기 커넥터가 손상될 수 있습니다.,SUV
메르세데스 벤츠,Mercedes-AMG GLC 63 S 4MATIC,2021-06-01,2021-06-01,2022-05-20,1,전조등의 전기 커넥터 하우징에 실링(sealing) 마개가 제대로 장착되지 않아 습기가 유입될 수 있습니다. 이로 인해 전기 커넥터가 손상될 수 있습니다.,SUV
메르세데스 벤츠,GLC 220 d 4MATIC,2021-06-02,2021-06-03,2022-05-20,2,전조등의 전기 커넥터 하우징에 실링(sealing) 마개가 제대로 장착되지 않아 습기가 유입될 수 있습니다. 이로 인해 전기 커넥터가 손상될 수 있습니다.,SUV
메르세데스 벤츠,GLC 300 e 4MATIC,2021-06-01,2021-06-10,2022-05-20,7,전조등의 전기 커넥터 하우징에 실링(sealing) 마개가 제대로 장착되지 않아 습기가 유입될 수 있습니다. 이로 인해 전기 커넥터가 손상될 수 있습니다.,SUV
메르세데스 벤츠,GLC 300 4MATIC,2021-06-28,2021-06-28,2022-05-20,1,전조등의 전기 커넥터 하우징에 실링(sealing) 마개가 제대로 장착되지 않아 습기가 유입될 수 있습니다. 이로 인해 전기 커넥터가 손상될 수 있습니다.,SUV
메르세데스 벤츠,ML 280 CDI 4MATIC,2006-04-18,2010-09-20,2022-05-20,818,"브레이크 진공펌프 하우징의 결합 부위에 장착되어 있는 고무 밴드(elastic band) 아래로 습기가 침투하여 브레이크 진공펌프 하우징의 결합 부위가 부식될 수 있습니다. 그리고, 장기간 습기 유입과 부식이 진행될 경우 브레이크 진공펌프에서 진공압의 누출(leakage)이 발생될 수 있습니다.",SUV
메르세데스 벤츠,ML 300 CDI 4MATIC BlueEFFICIENCY,2010-08-05,2011-05-06,2022-05-20,294,"브레이크 진공펌프 하우징의 결합 부위에 장착되어 있는 고무 밴드(elastic band) 아래로 습기가 침투하여 브레이크 진공펌프 하우징의 결합 부위가 부식될 수 있습니다. 그리고, 장기간 습기 유입과 부식이 진행될 경우 브레이크 진공펌프에서 진공압의 누출(leakage)이 발생될 수 있습니다.",SUV
메르세데스 벤츠,ML 350 BLUETEC 4MATIC,2018-12-10,2011-04-12,2022-05-20,7,"브레이크 진공펌프 하우징의 결합 부위에 장착되어 있는 고무 밴드(elastic band) 아래로 습기가 침투하여 브레이크 진공펌프 하우징의 결합 부위가 부식될 수 있습니다. 그리고, 장기간 습기 유입과 부식이 진행될 경우 브레이크 진공펌프에서 진공압의 누출(leakage)이 발생될 수 있습니다.",SUV
메르세데스 벤츠,ML 350,2009-05-05,2011-05-12,2022-05-20,5,"브레이크 진공펌프 하우징의 결합 부위에 장착되어 있는 고무 밴드(elastic band) 아래로 습기가 침투하여 브레이크 진공펌프 하우징의 결합 부위가 부식될 수 있습니다. 그리고, 장기간 습기 유입과 부식이 진행될 경우 브레이크 진공펌프에서 진공압의 누출(leakage)이 발생될 수 있습니다.",SUV
메르세데스 벤츠,ML 350 4MATIC,2005-02-20,2011-06-01,2022-05-20,642,"브레이크 진공펌프 하우징의 결합 부위에 장착되어 있는 고무 밴드(elastic band) 아래로 습기가 침투하여 브레이크 진공펌프 하우징의 결합 부위가 부식될 수 있습니다. 그리고, 장기간 습기 유입과 부식이 진행될 경우 브레이크 진공펌프에서 진공압의 누출(leakage)이 발생될 수 있습니다.",SUV
르노코리아,XM3,2019-12-17,2020-12-21,2022-06-02,26186,XM3 TCe260과 CAPTUR TCe260 차량에 장착된 연료 펌프 내부 구성품인 임펠러의 마찰이나 손상으로 인해 엔진으로의 연료 공급량이 감소하거나 연료 공급이 불가한 경우가 발생할 가능성이 확인됨. * 임펠러 : 모터와 결합되어 회전하는 부분으로 날개의 형상과 원심력을 이용하여 액체 상태인 연료에 운동에너지를 전달하여 일정한 압력으로 연료 탱크에서 엔진으로 연료를 공급하는 역할을 하는 연료 펌프의 핵심 부품임,SUV
르노코리아,CAPTUR,2019-12-23,2021-01-21,2022-06-02,2706,XM3 TCe260과 CAPTUR TCe260 차량에 장착된 연료 펌프 내부 구성품인 임펠러의 마찰이나 손상으로 인해 엔진으로의 연료 공급량이 감소하거나 연료 공급이 불가한 경우가 발생할 가능성이 확인됨. * 임펠러 : 모터와 결합되어 회전하는 부분으로 날개의 형상과 원심력을 이용하여 액체 상태인 연료에 운동에너지를 전달하여 일정한 압력으로 연료 탱크에서 엔진으로 연료를 공급하는 역할을 하는 연료 펌프의 핵심 부품임,SUV
메르세데스 벤츠,GLB 250 4MATIC,2021-04-24,2021-04-27,2022-06-03,8,"뒤 우측 차축 레벨 센서 링크 로드의 장착 위치 오류로 인해 차량의 뒷좌석 또는 3열 시트에 승객이 탑승하거나 트렁크에 물건을 적재할 경우 뒤 차축의 레벨이 반대 방향으로 감지될 수 있습니다. 즉, 뒤 차축의 레벨이 실제 내려감에도 올라가는 것으로 감지되어 전조등의 전조 범위가 반대 방향으로 보정될 수 있습니다.",SUV
메르세데스 벤츠,EQA 250,2020-09-29,2021-12-21,2022-06-03,1077,에어백 컨트롤 유닛 소프트웨어 오류로 인하여 사고 발생 시 파워트레인 컨트롤 유닛에서 전송되는 가속 페달 변위량 데이터가 에어백 컨트롤 유닛 내 사고기록장치(EDR)에 저장되지 않을 수 있습니다.,SUV
BMW,BMW X5 M50d,2019-07-17,2019-11-20,2022-06-17,31,"연료 필터와 결합된 히터 내부의 밀봉이 제대로 되지 않았을 경우, 연결 부위에서 소량의 연료가 누유되서 전원 분배기** 내부로 유입되어 전원 공급이 제대로 되지 않을 수 있습니다. *연료 필터 히터 : 겨울철 디젤 연료의 온도 감소를 방지하거나 엔진이 작동하는 동안 디젤 연료의 특정 온도를 유지시키는 장치 **전원 분배기(Integrated Voltage Module) : 구동장치 전압 공급에 사용되는 전자모듈",SUV
BMW,BMW X5 xDrive30d xLine,2019-07-15,2019-11-19,2022-06-17,1082,"연료 필터와 결합된 히터 내부의 밀봉이 제대로 되지 않았을 경우, 연결 부위에서 소량의 연료가 누유되서 전원 분배기** 내부로 유입되어 전원 공급이 제대로 되지 않을 수 있습니다. *연료 필터 히터 : 겨울철 디젤 연료의 온도 감소를 방지하거나 엔진이 작동하는 동안 디젤 연료의 특정 온도를 유지시키는 장치 **전원 분배기(Integrated Voltage Module) : 구동장치 전압 공급에 사용되는 전자모듈",SUV
BMW,BMW X7 M50d,2019-07-17,2019-11-15,2022-06-17,15,"연료 필터와 결합된 히터 내부의 밀봉이 제대로 되지 않았을 경우, 연결 부위에서 소량의 연료가 누유되서 전원 분배기** 내부로 유입되어 전원 공급이 제대로 되지 않을 수 있습니다. *연료 필터 히터 : 겨울철 디젤 연료의 온도 감소를 방지하거나 엔진이 작동하는 동안 디젤 연료의 특정 온도를 유지시키는 장치 **전원 분배기(Integrated Voltage Module) : 구동장치 전압 공급에 사용되는 전자모듈",SUV
BMW,BMW X7 xDrive30d Design Pure Excellence,2019-07-17,2019-11-20,2022-06-17,63,"연료 필터와 결합된 히터 내부의 밀봉이 제대로 되지 않았을 경우, 연결 부위에서 소량의 연료가 누유되서 전원 분배기** 내부로 유입되어 전원 공급이 제대로 되지 않을 수 있습니다. *연료 필터 히터 : 겨울철 디젤 연료의 온도 감소를 방지하거나 엔진이 작동하는 동안 디젤 연료의 특정 온도를 유지시키는 장치 **전원 분배기(Integrated Voltage Module) : 구동장치 전압 공급에 사용되는 전자모듈",SUV
현대자동차,GV80(JX1),2020-01-07,2020-05-26,2022-06-23,243,"GV80 (JX1) 차량에서 타이어공기압경고장치의 경고등 점등을 위한 소프트웨어 설정값 오류로 주행중 타이어 압력 저하시 경고등이 점등되지 않는 타이어공기압경고장치의 안전기준을 만족하지 못하는 결함 (판매된 시승차량을 사내 용도차량으로 판단 오인하여 리콜 대상차량으로 제외 시킴 , 리콜 미대상차량 입고시 대상기간에 포함된 차량임을 확인하고 누락된 차량임을 확인하였으며 시정조치 실시하기 위함)",SUV
메르세데스 벤츠,GLE 350 e 4MATIC,2020-03-27,2021-09-28,2022-07-01,373,"차량 생산 공정 상의 오류로 인해 파워일렉트로닉스1에 연결되는 12V 전원 공급 배선의 고정 볼트가 제대로 조여지지 않았을 수 있습니다. 이러한 경우 12V 전원 공급 배선의 케이블 터미널이 정확히 고정되지 않아 전기 저항이 증가할 수 있습니다. 1 파워 일렉트로닉스: 파워 일렉트로닉 컨트롤 유닛과 DC/DC 컨버터로 구성되고, 전동식 장치(전기 모터)를 제어합니다.",SUV
메르세데스 벤츠,GLE 350 e 4MATIC Coupe,2020-03-25,2021-10-04,2022-07-01,401,"차량 생산 공정 상의 오류로 인해 파워일렉트로닉스1에 연결되는 12V 전원 공급 배선의 고정 볼트가 제대로 조여지지 않았을 수 있습니다. 이러한 경우 12V 전원 공급 배선의 케이블 터미널이 정확히 고정되지 않아 전기 저항이 증가할 수 있습니다. 1 파워 일렉트로닉스: 파워 일렉트로닉 컨트롤 유닛과 DC/DC 컨버터로 구성되고, 전동식 장치(전기 모터)를 제어합니다.",SUV
현대자동차,투싼(TL),2018-07-10,2020-09-28,2022-07-11,13685,디젤1.6 엔진 장착 일부 차량에서 연료필터 설계오류(유리섬유 성분 사용)로 인해 여과지의 유리섬유 성분이 탈락되어 고압펌프로 유입되면 고압펌프의 내부부품(구동부)이 손상되어 연료 분사가 정상적으로 작동되지 않아 시동이 꺼질 가능성,SUV
현대자동차,코나(OS),2018-03-29,2020-08-27,2022-07-11,2504,디젤1.6 엔진 장착 일부 차량에서 연료필터 설계오류(유리섬유 성분 사용)로 인해 여과지의 유리섬유 성분이 탈락되어 고압펌프로 유입되면 고압펌프의 내부부품(구동부)이 손상되어 연료 분사가 정상적으로 작동되지 않아 시동이 꺼질 가능성,SUV
현대자동차,투싼(TL),2018-12-15,2020-06-23,2022-07-11,8494,"브레이크 진공펌프 내 메쉬필터의 설계오류로 오일 공급이 제대로 되지 않아 진공펌프가 고착되고, 이로 인해 진공압이 형성되지 않아 제동 시 브레이크 페달을 평상시대로 밟을 경우 제동거리가 길어질 가능성",SUV
현대자동차,코나(OS),2019-01-08,2020-06-29,2022-07-11,2192,"브레이크 진공펌프 내 메쉬필터의 설계오류로 오일 공급이 제대로 되지 않아 진공펌프가 고착되고, 이로 인해 진공압이 형성되지 않아 제동 시 브레이크 페달을 평상시대로 밟을 경우 제동거리가 길어질 가능성",SUV
기아,스포티지(QL),2019-06-28,2020-12-24,2022-07-11,2275,"브레이크 진공펌프 내 메쉬필터의 설계오류로 오일 공급이 제대로 되지 않아 진공펌프가 고착되고, 이로 인해 진공압이 형성되지 않아 제동 시 브레이크 페달을 평상시대로 밟을 경우 제동거리가 길어질 가능성",SUV
기아,스포티지(QL),2018-06-29,2021-07-09,2022-07-11,11562,디젤1.6 엔진 장착 일부 차량에서 연료필터 설계오류(유리섬유 성분 사용)로 인해 여과지의 유리섬유 성분이 탈락되어 고압펌프로 유입되면 고압펌프의 내부부품(구동부)이 손상되어 연료 분사가 정상적으로 작동되지 않아 시동이 꺼질 가능성,SUV
포드,2020-2021년식 Explorer PHEV,2019-12-02,2021-10-12,2022-07-13,390,"일부 2020-2022년식 Explorer PHEV, FHEV 차량은 후륜 차동기어 고정 볼트 조립 불량으로 주행 중 볼트가 손상되어 후륜 차동기어 하우징(케이스)에 고정되어 있는 구동축이 주행 중 분리되거나 경사로에 주차시 차량이 움직여 사고가 발생할 가능성이 있습니다.",SUV
포드,2022년식 Explorer FHEV,2021-10-06,2022-04-11,2022-07-13,61,"일부 2020-2022년식 Explorer PHEV, FHEV 차량은 후륜 차동기어 고정 볼트 조립 불량으로 주행 중 볼트가 손상되어 후륜 차동기어 하우징(케이스)에 고정되어 있는 구동축이 주행 중 분리되거나 경사로에 주차시 차량이 움직여 사고가 발생할 가능성이 있습니다.",SUV
메르세데스 벤츠,GLE 300 d 4MATIC,2018-10-02,2018-10-02,2022-07-15,1,후방 카메라의 소프트웨어 오류로 인하여 차량의 후진 기어 작동 시 후방 영상이 중앙 디스플레이에 표시되지 않을 수 있습니다. 후방 디스플레이에는 현재의 화면이 계속 표시되거나 후방 카메라 시스템의 작동 불가 메시지와 함께 검은색 화면이 표시될 수 있습니다.,SUV
메르세데스 벤츠,GLE 450 4MATIC,2018-09-10,2018-09-18,2022-07-15,2,후방 카메라의 소프트웨어 오류로 인하여 차량의 후진 기어 작동 시 후방 영상이 중앙 디스플레이에 표시되지 않을 수 있습니다. 후방 디스플레이에는 현재의 화면이 계속 표시되거나 후방 카메라 시스템의 작동 불가 메시지와 함께 검은색 화면이 표시될 수 있습니다.,SUV
현대자동차,더 뉴 팰리세이드,2022-05-04,2022-07-12,2022-07-21,4072,8속 자동 변속기 사양 변경 에 따른 ECU 소프트웨어 반영 오류로 저속 타력주행 구간에서 엔진 RPM 떨어짐,SUV
토요타,토요타 RAV4 하이브리드 AWD,2022-01-07,2022-03-29,2022-08-25,190,조수석 시트의 조립과정이 부적절하여 조수석 승객 감지장치*의 센서와 시트 프레임이 간섭되어 조수석 승객 하중을 올바르게 감지하지 못할 가능성이 있음. *조수석 승객의 조건을 감지하여 조수석 에어백의 전개를 제어를 하는 장치,SUV
BMW,X5 3.0si,2007-03-23,2010-02-23,2022-08-26,815,"블로우바이히터 조립 공정 중, 블로우바이히터 PTC(Positive temperature coefficient) 발열체*와 구리관 사이가 벌어진 상태로 조립되었을 가능성이 발견되었습니다.",SUV
BMW,X5 3.0si,2007-02-10,2009-07-22,2022-08-26,10,"블로우바이히터 조립 공정 중, 블로우바이히터 PTC(Positive temperature coefficient) 발열체*와 구리관 사이가 벌어진 상태로 조립되었을 가능성이 발견되었습니다.",SUV
BMW,X5 3.0si,2009-12-03,2010-01-21,2022-08-26,2,"블로우바이히터 조립 공정 중, 블로우바이히터 PTC(Positive temperature coefficient) 발열체*와 구리관 사이가 벌어진 상태로 조립되었을 가능성이 발견되었습니다.",SUV
BMW,X5 xDrive30i,2007-02-02,2008-08-04,2022-08-26,8,"블로우바이히터 조립 공정 중, 블로우바이히터 PTC(Positive temperature coefficient) 발열체*와 구리관 사이가 벌어진 상태로 조립되었을 가능성이 발견되었습니다.",SUV
BMW,X5 xDrive 30i,2009-10-12,2009-10-12,2022-08-26,1,"블로우바이히터 조립 공정 중, 블로우바이히터 PTC(Positive temperature coefficient) 발열체*와 구리관 사이가 벌어진 상태로 조립되었을 가능성이 발견되었습니다.",SUV
현대자동차,싼타페 DM),2015-01-05,2018-01-30,2022-08-31,173199,HECU 모듈 내 회로 기판의 전기적 합선,SUV
기아,올뉴카니발(YP),2015-04-27,2015-06-22,2022-09-01,11754,"올뉴카니발(YP), 올뉴쏘렌토(UM) 일부 차량에서 변속레버의 잠금장치 제조 불량으로 인해 정차 중 브레이크 페달을 밟지 않고 기어 변경 조작이 될 수 있어 안전에 지장을 줄 가능성",MPV/미니밴
기아,올뉴쏘렌토(UM),2015-04-27,2015-07-09,2022-09-01,13236,"올뉴카니발(YP), 올뉴쏘렌토(UM) 일부 차량에서 변속레버의 잠금장치 제조 불량으로 인해 정차 중 브레이크 페달을 밟지 않고 기어 변경 조작이 될 수 있어 안전에 지장을 줄 가능성",SUV
BMW,BMW X5 xDrive 30d,2022-06-22,2022-06-22,2022-09-02,1,자동변속기 내부 주차 기어를 고정하는 이탈 방지 링의 제작 과정 상 오류로 주차 기어가 이탈될 수 있습니다.,SUV
메르세데스 벤츠,GLC 300 e 4MATIC Coupe,2019-05-17,2021-06-04,2022-09-02,2152,"변속기 배선의 길이 및 조립 공정의 오류로 인하여, 변속기 배선이 전방 프로펠러 샤프트와 간섭될 수 있습니다.",SUV
메르세데스 벤츠,GLC 300 e 4MATIC,2019-05-15,2021-06-04,2022-09-02,1878,"변속기 배선의 길이 및 조립 공정의 오류로 인하여, 변속기 배선이 전방 프로펠러 샤프트와 간섭될 수 있습니다.",SUV
메르세데스 벤츠,GLC 220 d 4MATIC,2021-02-11,2021-02-12,2022-09-02,2,냉각수 펌프를 제어하는 엔진 컨트롤 유닛의 소프트웨어 오류로 인해 냉각수 펌프내 진공 시스템과 냉각수 라인 사이의 실링(sealing)에 응력이 증가되어 냉각수 누수가 발생될 수 있습니다. 이러한 경우 냉각수 펌프 또는 배기 재순환 밸브의 전기 스위치 밸브에 냉각수가 유입될 수 있습니다.,SUV
볼보,XC90,2015-12-04,2022-08-21,2022-09-16,9072,국내 수입된 차량에서 계기판 소프트웨어의 속도계 설정값 오류로 인해 계기판에 표시되는 속도가 실제 차량 속도보다 낮게 표시되는 것으로 확인되었습니다.,SUV
재규어랜드로버,재규어 F-PACE D200,2021-03-26,2022-03-10,2022-09-16,44,"당사에서 수입한 ‘재규어 F-PACE’ 일부 차량의 제조 과정에서 방향지시등 등광색이 테일게이트 램프 어셈블리 안쪽은 빨간색, 바깥쪽은 호박색으로 혼재되어 작동될 가능성이 있음. 이는 UN ECE R48 - Installation of lighting and light-signalling devices 및『자동차 및 자동차부품의 성능과 기준에 관한 규칙』 제44조(방향지시등)에서 정한 규정위반임. 『자동차 및 자동차부품의 성능과 기준에 관한 규칙』에서 정한 기준 부적합 사항이며, UN ECE R48과『자동차 및 자동차부품의 성능과 기준에 관한 규칙』제44조(방향지시등)는 안전기준 국제조화 대상임.",SUV
재규어랜드로버,재규어 F-PACE P250,2022-02-08,2022-03-30,2022-09-16,21,"당사에서 수입한 ‘재규어 F-PACE’ 일부 차량의 제조 과정에서 방향지시등 등광색이 테일게이트 램프 어셈블리 안쪽은 빨간색, 바깥쪽은 호박색으로 혼재되어 작동될 가능성이 있음. 이는 UN ECE R48 - Installation of lighting and light-signalling devices 및『자동차 및 자동차부품의 성능과 기준에 관한 규칙』 제44조(방향지시등)에서 정한 규정위반임. 『자동차 및 자동차부품의 성능과 기준에 관한 규칙』에서 정한 기준 부적합 사항이며, UN ECE R48과『자동차 및 자동차부품의 성능과 기준에 관한 규칙』제44조(방향지시등)는 안전기준 국제조화 대상임.",SUV
메르세데스 벤츠,GLB 220,2019-05-21,2020-06-23,2022-09-16,28,연료 공급 호스의 조립 공정 오류로 인하여 차량 운행 중 진동으로 연료 공급 호스가 흡기 파이프와 간섭될 수 있습니다.,SUV
메르세데스 벤츠,GLB 250 4MATIC,2019-05-16,2020-07-06,2022-09-16,95,연료 공급 호스의 조립 공정 오류로 인하여 차량 운행 중 진동으로 연료 공급 호스가 흡기 파이프와 간섭될 수 있습니다.,SUV
메르세데스 벤츠,GLA 250 4MATIC,2019-11-06,2019-11-11,2022-09-16,2,연료 공급 호스의 조립 공정 오류로 인하여 차량 운행 중 진동으로 연료 공급 호스가 흡기 파이프와 간섭될 수 있습니다.,SUV
메르세데스 벤츠,EQB 300 4MATIC,2021-10-02,2022-05-03,2022-09-26,126,자기 인증 시 제원 통보된 전장 및 축간 거리(휠베이스) 수치가 실차 제원과 상이합니다.,SUV
BMW,BMW X7 M50d,2019-02-17,2019-02-17,2022-09-30,1,"BMW 자체 품질 조사 결과 2018년 12월 21일부터 2021년 10월 06일까지 제작된 BMW X7 M50d, X7 M50i, X7 xDrive30d, X7 xDrive40d, X7 xDrive40i 차량의 3열 시트 등받이에서 제작결함이 발견되었습니다. 3열 시트 등받이의 전동식 접이 기능에 필요한 압축 스프링이 정확하게 설치되지 않았거나 누락 되어있을 가능성을 발견했습니다",SUV
BMW,BMW X7 xDrive40i,2019-05-31,2021-10-06,2022-09-30,10,"BMW 자체 품질 조사 결과 2018년 12월 21일부터 2021년 10월 06일까지 제작된 BMW X7 M50d, X7 M50i, X7 xDrive30d, X7 xDrive40d, X7 xDrive40i 차량의 3열 시트 등받이에서 제작결함이 발견되었습니다. 3열 시트 등받이의 전동식 접이 기능에 필요한 압축 스프링이 정확하게 설치되지 않았거나 누락 되어있을 가능성을 발견했습니다",SUV
BMW,BMW X7 xDrive30d,2018-12-21,2020-06-15,2022-09-30,5,"BMW 자체 품질 조사 결과 2018년 12월 21일부터 2021년 10월 06일까지 제작된 BMW X7 M50d, X7 M50i, X7 xDrive30d, X7 xDrive40d, X7 xDrive40i 차량의 3열 시트 등받이에서 제작결함이 발견되었습니다. 3열 시트 등받이의 전동식 접이 기능에 필요한 압축 스프링이 정확하게 설치되지 않았거나 누락 되어있을 가능성을 발견했습니다",SUV
BMW,BMW X7 M50i,2020-07-27,2021-06-30,2022-09-30,2,"BMW 자체 품질 조사 결과 2018년 12월 21일부터 2021년 10월 06일까지 제작된 BMW X7 M50d, X7 M50i, X7 xDrive30d, X7 xDrive40d, X7 xDrive40i 차량의 3열 시트 등받이에서 제작결함이 발견되었습니다. 3열 시트 등받이의 전동식 접이 기능에 필요한 압축 스프링이 정확하게 설치되지 않았거나 누락 되어있을 가능성을 발견했습니다",SUV
BMW,BMW X7 xDrive40d,2021-03-29,2021-10-04,2022-09-30,4,"BMW 자체 품질 조사 결과 2018년 12월 21일부터 2021년 10월 06일까지 제작된 BMW X7 M50d, X7 M50i, X7 xDrive30d, X7 xDrive40d, X7 xDrive40i 차량의 3열 시트 등받이에서 제작결함이 발견되었습니다. 3열 시트 등받이의 전동식 접이 기능에 필요한 압축 스프링이 정확하게 설치되지 않았거나 누락 되어있을 가능성을 발견했습니다",SUV
재규어랜드로버,재규어 F-PACE D200,2022-02-28,2022-03-10,2022-10-04,28,"당사에서 수입한 ‘재규어 F-PACE, 재규어 F-Type Convertible, 디스커버리 스포츠, 디스커버리, 레인지로버 스포츠, 디펜더 90 및 디펜더 110’ 일부 차량에서 1열 좌석안전띠 리트랙터 내 손상된 프리텐셔너 튜브가 장착되었을 가능성이 있음. * 리트랙터 : 좌석안전띠 중 띠의 일부 또는 전체를 수납하는 장치 * 프리텐셔너 : 충돌 순간 안전띠의 느슨함을 방지하기 위한 목적으로 안전띠를 감아주기 위해 추가적으로 설치하는 외부 또는 내부 장치",SUV
기아,스포티지(NQ5),2021-07-05,2022-05-25,2022-10-06,29687,2열 좌석 하부 전기배선의 경로가 정상 경로에서 벗어나 폴드&다이브 기능 사용 시 좌석 하부 프레임과 전기배선 간섭으로 배선이 손상되어 발열 및 좌석 화재 가능성,SUV
기아,쏘렌토R(XM페이스리프트),2012-06-29,2014-08-21,2022-10-06,59828,쏘렌토R (XM 페이스리프트) 디젤 엔진 장착 차량에서 전기식 보조 히터(PTC) 커넥터 전기배선 고정위치 불량으로 일부 차량 운행시 커넥터 단자 손상으로 인해 차량 화재 발생 가능성이 있는 결함이 확인,SUV
기아,니로 플러스(DE PBV),2022-05-10,2022-09-05,2022-10-06,3071,에어백 제어장치(ACU) 설계로직 미흡으로 인해 충돌 사고 시 모든 에어백(정면/측면/커튼/무릎) 및 안전띠 프리텐셔너가 전개되지 않아 탑승자 상해 발생 가능성 - 에어백 제어장치(ACU) 설계로직 미흡으로 차량 시동시 에어백시스템이 간헐적으로 정상 동작되지 않음,SUV
메르세데스 벤츠,GLE 300 d 4MATIC,2019-02-04,2019-02-04,2022-10-07,1,공급업체의 생산 오류로 인하여 후방 도어 트림 바 고정 클립이 사양에 맞지 않아 고정 클립의 잡아주는 힘이 너무 작아 트림 바가 분리될 수 있습니다.,SUV
메르세데스 벤츠,GLE 400 d 4MATIC,2018-09-18,2018-09-18,2022-10-07,1,공급업체의 생산 오류로 인하여 후방 도어 트림 바 고정 클립이 사양에 맞지 않아 고정 클립의 잡아주는 힘이 너무 작아 트림 바가 분리될 수 있습니다.,SUV
메르세데스 벤츠,GLE 450 4MATIC,2019-08-19,2019-08-19,2022-10-07,1,공급업체의 생산 오류로 인하여 후방 도어 트림 바 고정 클립이 사양에 맞지 않아 고정 클립의 잡아주는 힘이 너무 작아 트림 바가 분리될 수 있습니다.,SUV
메르세데스 벤츠,GLC 220 d 4MATIC,2022-09-13,2022-09-13,2022-10-14,1,조립 공정 오류로 B-필러 내의 와이어링 하니스가 펠트 스트립(felt strip)으로 고정되지 않았을 수 있습니다. 이러한 경우 차량 운행시의 진동으로 와이어링 하니스가 손상될 수 있습니다.,SUV
포드,2022년식 Explorer,2022-04-06,2022-05-01,2022-10-18,17,"일부 2022년식 Aviator 및 Explorer 차량은 프론트 사이드 멤버*의 강성 부족으로 충돌 시 탑승자가 상해를 입거나 엔진룸에 연료가 누출되는 안전 기준(FMVSS, 연방 자동차 안전 표준) 부적합 사항이 확인되었습니다.",SUV
포드,2022년식 Explorer FHEV,2022-04-11,2022-04-12,2022-10-18,13,"일부 2022년식 Aviator 및 Explorer 차량은 프론트 사이드 멤버*의 강성 부족으로 충돌 시 탑승자가 상해를 입거나 엔진룸에 연료가 누출되는 안전 기준(FMVSS, 연방 자동차 안전 표준) 부적합 사항이 확인되었습니다.",SUV
현대자동차,코나N (OSN),2020-11-16,2022-03-24,2022-10-27,411,"싼타페(TM PE) 등 5개 차종의 일부 차량에서 습식 8단변속기 변속기 제어장치 (TCU) 소프트웨어 설계 오류로, 제어용 전동식 오일 펌프(HP EOP) 불량 발생시 변속이 되지 않아 사고 발생 가능성",SUV
현대자동차,싼타페 (TM PE),2020-01-14,2022-05-31,2022-10-27,64703,"싼타페(TM PE) 등 5개 차종의 일부 차량에서 습식 8단변속기 변속기 제어장치 (TCU) 소프트웨어 설계 오류로, 제어용 전동식 오일 펌프(HP EOP) 불량 발생시 변속이 되지 않아 사고 발생 가능성",SUV
기아,쏘렌토(MQ4),2020-02-26,2022-06-02,2022-10-27,93945,"습식 8단변속기 변속기 제어장치 (TCU) 안전운행 모드 관련 소프트웨어 설계 오류로, 변속기 오일 펌프(HP EOP) 불량 발생시 변속이 되지 않아 사고 발생 가능성",SUV
현대자동차,싼타페(TM PE),2020-06-17,2022-07-26,2022-10-27,66133,"싼타페(TM PE), 싼타페 하이브리드(TM HEV), G80 전기차(RG3 EV) 일부 차량에서 충돌 사고시 앞좌석 안전띠 조절장치 내부부품(프리텐셔너 가스발생기)의 작동반발력이 증가하여 장치내 일부부품(가스발생기)이 튀어나와 뒷좌석 탑승자에게 상해를 입힐 가능성이 있는 결함",SUV
현대자동차,싼타페 하이브리드(TM HEV),2021-06-01,2022-07-21,2022-10-27,14431,"싼타페(TM PE), 싼타페 하이브리드(TM HEV), G80 전기차(RG3 EV) 일부 차량에서 충돌 사고시 앞좌석 안전띠 조절장치 내부부품(프리텐셔너 가스발생기)의 작동반발력이 증가하여 장치내 일부부품(가스발생기)이 튀어나와 뒷좌석 탑승자에게 상해를 입힐 가능성이 있는 결함",SUV
메르세데스 벤츠,GLB 250 4MATIC,2020-10-19,2020-10-23,2022-10-28,35,물류 운송 과정 오류에 의한 외부 손상이 발생된 ESP1 컨트롤 유닛이 차량에 장착되었을 수 있습니다. 이로 인해 ESP 컨트롤 유닛 내부에 수분이 유입될 수 있습니다. 1ESP (전자 제어 주행 안정 장치): 운전자가 요구하는 자동차 진행 방향과 실제 자동차의 진행방향을 비교하여 차량의 미끄러짐을 예방하기 위한 제동 토크를 개별적으로 자동조절하여 자동차의 방향안정성을 향상시키는 장치,SUV
메르세데스 벤츠,GLE 300 d 4MATIC,2021-01-27,2022-02-26,2022-10-28,307,조립 공정 오류로 인하여 뒤 도어 윈도우의 트림 바가 제대로 장착되지 않았을 수 있어 차량 주행 중에 트림 바가 뒤 도어 윈도우에서 분리될 수 있습니다.,SUV
메르세데스 벤츠,GLE 300 d 4MATIC,2019-06-04,2021-10-13,2022-10-28,1899,조립 공정 오류로 인하여 뒤 도어 윈도우의 트림 바가 제대로 장착되지 않았을 수 있어 차량 주행 중에 트림 바가 뒤 도어 윈도우에서 분리될 수 있습니다.,SUV
메르세데스 벤츠,GLE 350 4MATIC,2019-11-30,2019-11-30,2022-10-28,1,조립 공정 오류로 인하여 뒤 도어 윈도우의 트림 바가 제대로 장착되지 않았을 수 있어 차량 주행 중에 트림 바가 뒤 도어 윈도우에서 분리될 수 있습니다.,SUV
메르세데스 벤츠,GLE 350 e 4MATIC,2020-03-27,2022-03-02,2022-10-28,538,조립 공정 오류로 인하여 뒤 도어 윈도우의 트림 바가 제대로 장착되지 않았을 수 있어 차량 주행 중에 트림 바가 뒤 도어 윈도우에서 분리될 수 있습니다.,SUV
메르세데스 벤츠,GLE 450 4MATIC,2019-05-20,2022-03-09,2022-10-28,4116,조립 공정 오류로 인하여 뒤 도어 윈도우의 트림 바가 제대로 장착되지 않았을 수 있어 차량 주행 중에 트림 바가 뒤 도어 윈도우에서 분리될 수 있습니다.,SUV
메르세데스 벤츠,Mercedes-AMG GLE 53 4MATIC+,2019-10-15,2022-01-28,2022-10-28,528,조립 공정 오류로 인하여 뒤 도어 윈도우의 트림 바가 제대로 장착되지 않았을 수 있어 차량 주행 중에 트림 바가 뒤 도어 윈도우에서 분리될 수 있습니다.,SUV
메르세데스 벤츠,GLS 400 d 4MATIC,2019-11-19,2021-04-19,2022-10-28,1082,조립 공정 오류로 인하여 뒤 도어 윈도우의 트림 바가 제대로 장착되지 않았을 수 있어 차량 주행 중에 트림 바가 뒤 도어 윈도우에서 분리될 수 있습니다.,SUV
메르세데스 벤츠,GLS 450 4MATIC,2019-11-14,2021-04-19,2022-10-28,2,조립 공정 오류로 인하여 뒤 도어 윈도우의 트림 바가 제대로 장착되지 않았을 수 있어 차량 주행 중에 트림 바가 뒤 도어 윈도우에서 분리될 수 있습니다.,SUV
메르세데스 벤츠,GLS 580 4MATIC,2019-11-15,2021-10-27,2022-10-28,851,조립 공정 오류로 인하여 뒤 도어 윈도우의 트림 바가 제대로 장착되지 않았을 수 있어 차량 주행 중에 트림 바가 뒤 도어 윈도우에서 분리될 수 있습니다.,SUV
메르세데스 벤츠,Maybach GLS 600 4MATIC,2020-05-08,2021-09-18,2022-10-28,115,조립 공정 오류로 인하여 뒤 도어 윈도우의 트림 바가 제대로 장착되지 않았을 수 있어 차량 주행 중에 트림 바가 뒤 도어 윈도우에서 분리될 수 있습니다.,SUV
기아,스포티지(SL),2013-07-11,2015-09-01,2022-10-31,97022,HECU 모듈 내 회로 기판의 전기적 합선,SUV
현대자동차,투싼(LM),2013-05-08,2015-03-17,2022-10-31,80659,HECU 모듈 내 회로 기판의 전기적 합선,SUV
기아,니로(SG2),2021-12-16,2022-09-21,2022-11-01,12680,충돌 사고 시 앞좌석(운전석) 안전띠 조절장치 내부부품(프리텐셔너 가스발생기)의 작동반발력이 증가하여 해당부품(프리텐셔너 가스발생기)이 튀어나와 뒷좌석 탑승자에게 상해를 입힐 가능성,SUV
기아,니로 EV(SG2 EV),2022-05-26,2022-07-06,2022-11-01,226,충돌 사고 시 앞좌석(운전석) 안전띠 조절장치 내부부품(프리텐셔너 가스발생기)의 작동반발력이 증가하여 해당부품(프리텐셔너 가스발생기)이 튀어나와 뒷좌석 탑승자에게 상해를 입힐 가능성,SUV
포드,2020-2022 Explorer,2019-05-09,2022-09-16,2022-11-10,15342,"2020-2022년식 Explorer 및 Aviator 차량에서 최초 점화 On 또는 엔진시동시 작동해야 하는 안전벨트 미착용 경고음이 작동되지 않는 안전 기준(FMVSS, 연방 자동차 안전 표준) 부적합 사항이 확인되었습니다. *FMVSS 208; 탑승자 충돌 방지 S7.3.(a).(1) (1) 4초 이상 8초 이하의 구간 동안 연속 또는 간헐적 가청 신호를 활성화하고 표에 표시된 안전 벨트 지시에 대한 식별 기호를 운전자가 볼 수 있는 연속 또는 깜박이는 경고등이나 경고표시로 활성화합니다. FMVSS 101의 2 또는 FMVSS 101이 허용하는 경우 제조업체의 선택에 따라 ""안전 벨트 고정"" 또는 ""벨트 고정""이라는 단어를 60초 이상 표시합니다(차량 점화 스위치가 "" on” 또는 “start” 위치) 조건 (b)가 조건 (c)와 동시에 존재할 때, 또는…",SUV
포드,"2020-2022 Explorer PHEV, FHEV",2019-12-02,2022-09-21,2022-11-10,635,"2020-2022년식 Explorer 및 Aviator 차량에서 최초 점화 On 또는 엔진시동시 작동해야 하는 안전벨트 미착용 경고음이 작동되지 않는 안전 기준(FMVSS, 연방 자동차 안전 표준) 부적합 사항이 확인되었습니다. *FMVSS 208; 탑승자 충돌 방지 S7.3.(a).(1) (1) 4초 이상 8초 이하의 구간 동안 연속 또는 간헐적 가청 신호를 활성화하고 표에 표시된 안전 벨트 지시에 대한 식별 기호를 운전자가 볼 수 있는 연속 또는 깜박이는 경고등이나 경고표시로 활성화합니다. FMVSS 101의 2 또는 FMVSS 101이 허용하는 경우 제조업체의 선택에 따라 ""안전 벨트 고정"" 또는 ""벨트 고정""이라는 단어를 60초 이상 표시합니다(차량 점화 스위치가 "" on” 또는 “start” 위치) 조건 (b)가 조건 (c)와 동시에 존재할 때, 또는…",SUV
기아,쏘렌토R (XM 페이스리프트),2012-06-28,2014-05-19,2022-11-10,833,쏘렌토R (XM 페이스리프트) 디젤 엔진 장착 차량에서 전기식 보조 히터(PTC) 커넥터 전기배선 고정위치 불량으로 일부 차량 운행시 커넥터 단자 손상으로 인해 차량 화재 발생 가능성이 있는 결함이 확인,SUV
볼보,XC90,2021-12-09,2022-10-06,2022-11-14,621,S90·XC60·XC90 Recharge PHEV(플러그인하이브리드) 차량에서 엔진제어장치(ECM) 소프트웨어의 설정값 오류로 인해 차량이 엔진 구동으로 전환되어야 할 상황에서 엔진 구동으로 전환되지 않을 가능성이 확인되었습니다.,SUV
기아,카니발,2021-08-13,2022-10-20,2022-11-24,1144,가솔린 3.5L GDI 엔진 일부차량에서 엔진제어장치(ECU) 소프트웨어 반영 오류로 타력 주행 구간에서 엔진 구동력 부족 발생,MPV/미니밴
기아,카니발,2021-07-05,2022-10-27,2022-11-24,23347,가솔린 3.5L GDI 엔진 일부차량에서 엔진제어장치(ECU) 소프트웨어 반영 오류로 타력 주행 구간에서 엔진 구동력 부족 발생,MPV/미니밴
메르세데스 벤츠,GLS 400 d 4MATIC,2019-10-20,2022-06-25,2022-11-25,1620,공급업체의 생산 공정 오류로 인해 3열 시트 등받이의 잠금장치에 스프링이 장착되지 않았을 수 있습니다. 차량 충돌 시 시트 등받이의 잠금장치가 정상적으로 작동되지 않을 수 있습니다.,SUV
메르세데스 벤츠,GLS 580 4MATIC,2019-06-24,2022-03-25,2022-11-25,854,공급업체의 생산 공정 오류로 인해 3열 시트 등받이의 잠금장치에 스프링이 장착되지 않았을 수 있습니다. 차량 충돌 시 시트 등받이의 잠금장치가 정상적으로 작동되지 않을 수 있습니다.,SUV
메르세데스 벤츠,EQA 250,2020-08-10,2021-05-25,2022-11-25,16,조립 공정 오류로 인해 12V 전원 배선이 전기 파워 트레인의 지지 프레임(support frame)과 간섭되어 손상될 수 있습니다.,SUV
메르세데스 벤츠,GLE 350 e 4MATIC,2020-03-27,2020-11-12,2022-11-25,3,개발 과정 오류로 인하여 고전압 커넥터에 정상적인 분리 방지 장치(pull-off protection)가 장착되지 않았을 수 있습니다. 고전압 커넥터가 별도의 공구를 사용하지 않더라도 손으로 분리될 수 있습니다.,SUV
메르세데스 벤츠,GLE 350 e 4MATIC Coupe,2020-03-25,2020-12-11,2022-11-25,3,개발 과정 오류로 인하여 고전압 커넥터에 정상적인 분리 방지 장치(pull-off protection)가 장착되지 않았을 수 있습니다. 고전압 커넥터가 별도의 공구를 사용하지 않더라도 손으로 분리될 수 있습니다.,SUV
현대자동차,싼타페(TM PE),2020-06-24,2022-08-31,2022-12-13,642,"싼타페(TM PE), 싼타페 하이브리드(TM HEV), G80 전기차(RG3 EV) 일부 차량에서 충돌 사고시 앞좌석 안전띠 조절장치 내부부품(프리텐셔너 가스발생기)의 작동반발력이 증가하여 장치내 일부부품(가스발생기)이 튀어나와 뒷좌석 탑승자에게 상해를 입힐 가능성이 있는 결함",SUV
현대자동차,싼타페 하이브리드(TM HEV),2020-07-29,2022-09-29,2022-12-13,113,"싼타페(TM PE), 싼타페 하이브리드(TM HEV), G80 전기차(RG3 EV) 일부 차량에서 충돌 사고시 앞좌석 안전띠 조절장치 내부부품(프리텐셔너 가스발생기)의 작동반발력이 증가하여 장치내 일부부품(가스발생기)이 튀어나와 뒷좌석 탑승자에게 상해를 입힐 가능성이 있는 결함",SUV
현대자동차,GV70(JK),2022-08-30,2022-10-28,2023-01-03,1522,GV70 (JK) 가솔린 2.5 T 일부 차량에서 알터네이터 B+ 단자 너트 체결 작업 불량 (체결공정 내 작업자가 인터락 임의 해제 하여 체결 불량 발생 미인지),SUV
기아,스포티지(KM),2007-10-13,2009-05-21,2023-01-04,2686,"'16. 12. 9 리콜 시행 했으나, 일부 차량에서 HECU 점검 방법 미흡으로 미세한 불량을 검출하지 못하고 리콜 조치 이후에도 모듈 내부 회로 기판내 수분 및 이물 잔존되어 전기적 합선 가능성",SUV
메르세데스 벤츠,GLE 300 d 4MATIC,2021-12-02,2022-01-02,2023-01-13,2,생산 공정 오류로 인하여 스티어링 커플링의 잠금 볼트가 제대로 조임 되지 않았을 수 있습니다. 이러한 경우 차량 운행 시의 진동 등으로 인해 잠금 볼트가 느슨해지다가 최종적으로 스티어링 커플링이 스티어링 샤프트에서 분리될 수 있습니다.,SUV
메르세데스 벤츠,GLE 450 4MATIC,2021-11-02,2021-12-30,2023-01-13,2,생산 공정 오류로 인하여 스티어링 커플링의 잠금 볼트가 제대로 조임 되지 않았을 수 있습니다. 이러한 경우 차량 운행 시의 진동 등으로 인해 잠금 볼트가 느슨해지다가 최종적으로 스티어링 커플링이 스티어링 샤프트에서 분리될 수 있습니다.,SUV
현대자동차,스타리아(US4) 어린이 통학차,2021-10-15,2022-12-06,2023-01-13,2961,현대자동차(주)에서는 스타리아(US4) 어린이통학차 차량에서 고객 편의를 위한 어린이 하차 확인장치 ON/OFF 기능 적용으로 인해 시동 OFF시 어린이 하차 확인장치 미작동으로 안전기준을 만족하지 못할 가능성이 있는 결함,MPV/미니밴
현대자동차,코나 Electric (OS EV),2020-06-25,2020-08-31,2023-01-18,871,"현대자동차㈜에서는 코나Electric(OS EV), 포터Ⅱ Electric(HR EV) 일부 차량에서 통합전력제어장치(EPCU) 내부 냉각수 라인의 기밀 불량으로 냉각수가 누수 되어 통합전력제어장치(EPCU)가 정상적으로 작동하지 않아 전력 공급 차단되고 경고등 점등 및 주행 중 시동꺼짐 가능성이 있는 결함이 확인되어 제작결함시정을 하고자 함",SUV
볼보,XC90,2019-01-04,2022-01-20,2023-01-30,3,국내 수입된 2019~2022년식 XC90·V60CC·V90CC 일부 차량에 장착된 스티어링 기어의 조립 과정 중 의도치 않게 여분의 나사가 삽입되어 스티어링 기어를 손상시킬 가능성이 확인되었습니다.,SUV
기아,니로 EV(DE EV),2020-06-17,2020-07-27,2023-01-30,139,통합전력제어장치(EPCU) 내부 냉각수 라인의 기밀 불량으로 냉각수가 누수 되어 통합전력제어장치(EPCU)가 정상적으로 작동하지 않아 전력 공급 차단되고 경고등 점등 및 주행 중 시동꺼짐 가능성,SUV
메르세데스 벤츠,GLE 250 d 4MATIC,2015-03-25,2017-06-16,2023-02-17,1170,"개발 및 생산 공정 오류로 인하여 차량 후방 차체 플랜지(flange, 가장자리) 영역의 기밀성이 부족할 수 있습니다. 이러한 경우 물이 차량 내부로 유입되어 스페어 휠 웰에 축적될 수 있습니다.",SUV
메르세데스 벤츠,GLE 350,2016-01-24,2017-10-16,2023-02-17,3,"개발 및 생산 공정 오류로 인하여 차량 후방 차체 플랜지(flange, 가장자리) 영역의 기밀성이 부족할 수 있습니다. 이러한 경우 물이 차량 내부로 유입되어 스페어 휠 웰에 축적될 수 있습니다.",SUV
메르세데스 벤츠,GLE 350 4MATIC,2015-08-05,2018-06-20,2023-02-17,17,"개발 및 생산 공정 오류로 인하여 차량 후방 차체 플랜지(flange, 가장자리) 영역의 기밀성이 부족할 수 있습니다. 이러한 경우 물이 차량 내부로 유입되어 스페어 휠 웰에 축적될 수 있습니다.",SUV
메르세데스 벤츠,GLE 350 d 4MATIC,2015-03-20,2018-03-12,2023-02-17,4362,"개발 및 생산 공정 오류로 인하여 차량 후방 차체 플랜지(flange, 가장자리) 영역의 기밀성이 부족할 수 있습니다. 이러한 경우 물이 차량 내부로 유입되어 스페어 휠 웰에 축적될 수 있습니다.",SUV
메르세데스 벤츠,GLE 350 d 4MATIC Coupe,2016-01-29,2018-04-24,2023-02-17,3884,"개발 및 생산 공정 오류로 인하여 차량 후방 차체 플랜지(flange, 가장자리) 영역의 기밀성이 부족할 수 있습니다. 이러한 경우 물이 차량 내부로 유입되어 스페어 휠 웰에 축적될 수 있습니다.",SUV
메르세데스 벤츠,GLE 400 4MATIC,2015-11-20,2016-01-06,2023-02-17,2,"개발 및 생산 공정 오류로 인하여 차량 후방 차체 플랜지(flange, 가장자리) 영역의 기밀성이 부족할 수 있습니다. 이러한 경우 물이 차량 내부로 유입되어 스페어 휠 웰에 축적될 수 있습니다.",SUV
메르세데스 벤츠,Mercedes-AMG GLE 43 4MATIC,2017-07-12,2017-07-12,2023-02-17,1,"개발 및 생산 공정 오류로 인하여 차량 후방 차체 플랜지(flange, 가장자리) 영역의 기밀성이 부족할 수 있습니다. 이러한 경우 물이 차량 내부로 유입되어 스페어 휠 웰에 축적될 수 있습니다.",SUV
메르세데스 벤츠,Mercedes-AMG GLE 43 4MATIC Coupe,2017-08-20,2017-08-30,2023-02-17,2,"개발 및 생산 공정 오류로 인하여 차량 후방 차체 플랜지(flange, 가장자리) 영역의 기밀성이 부족할 수 있습니다. 이러한 경우 물이 차량 내부로 유입되어 스페어 휠 웰에 축적될 수 있습니다.",SUV
메르세데스 벤츠,Mercedes-AMG GLE 63 4MATIC,2015-03-21,2017-06-23,2023-02-17,217,"개발 및 생산 공정 오류로 인하여 차량 후방 차체 플랜지(flange, 가장자리) 영역의 기밀성이 부족할 수 있습니다. 이러한 경우 물이 차량 내부로 유입되어 스페어 휠 웰에 축적될 수 있습니다.",SUV
메르세데스 벤츠,Mercedes-AMG GLE 63 S 4MATIC,2015-10-17,2019-10-16,2023-02-17,412,"개발 및 생산 공정 오류로 인하여 차량 후방 차체 플랜지(flange, 가장자리) 영역의 기밀성이 부족할 수 있습니다. 이러한 경우 물이 차량 내부로 유입되어 스페어 휠 웰에 축적될 수 있습니다.",SUV
메르세데스 벤츠,ML 250 BLUETEC 4MATIC,2011-10-06,2015-05-05,2023-02-17,823,"개발 및 생산 공정 오류로 인하여 차량 후방 차체 플랜지(flange, 가장자리) 영역의 기밀성이 부족할 수 있습니다. 이러한 경우 물이 차량 내부로 유입되어 스페어 휠 웰에 축적될 수 있습니다.",SUV
메르세데스 벤츠,ML 350,2012-10-18,2015-05-07,2023-02-17,4,"개발 및 생산 공정 오류로 인하여 차량 후방 차체 플랜지(flange, 가장자리) 영역의 기밀성이 부족할 수 있습니다. 이러한 경우 물이 차량 내부로 유입되어 스페어 휠 웰에 축적될 수 있습니다.",SUV
메르세데스 벤츠,ML 350 4MATIC,2011-09-20,2015-01-26,2023-02-17,17,"개발 및 생산 공정 오류로 인하여 차량 후방 차체 플랜지(flange, 가장자리) 영역의 기밀성이 부족할 수 있습니다. 이러한 경우 물이 차량 내부로 유입되어 스페어 휠 웰에 축적될 수 있습니다.",SUV
메르세데스 벤츠,ML 350 BLUETEC 4MATIC,2011-09-14,2015-06-23,2023-02-17,2493,"개발 및 생산 공정 오류로 인하여 차량 후방 차체 플랜지(flange, 가장자리) 영역의 기밀성이 부족할 수 있습니다. 이러한 경우 물이 차량 내부로 유입되어 스페어 휠 웰에 축적될 수 있습니다.",SUV
볼보,XC90,2022-10-11,2023-01-13,2023-02-17,436,"전자식 브레이크 제어 장치(BCM2 - Brake Control Module2)소프트웨어의 호환성 문제로, 전자식 브레이크 보조 기능(ABS, ESC, 트렉션컨트롤, 어댑티브 크루즈컨트롤 등)이 제대로 작동되지 않을 가능성이 있습니다.",SUV
토요타,토요타 시에나 하이브리드 2WD,2020-03-09,2022-08-18,2023-02-23,1720,"좌석안전띠 경고장치를 제어하는 콤비네이션 미터 소프트웨어 오류로, 운전석 좌석안전띠 미착용 상태에서 시동 시 경고음이 발생하지 않을 가능성이 있으며, 이 경우 미국 연방 자동차안전기준「FMVSS208(승객보호요건)*」의 규정을 만족하지 않을 수 있음. *FMVSS208(승객보호요건): 운전석 좌석안전띠 미착용 상태에서 시동 시, 경고음(4~8초간) 및 경고등(60초 이상)이 점등되어야 함.",MPV/미니밴
토요타,토요타 시에나 하이브리드 AWD,2020-03-04,2022-08-16,2023-02-23,677,"좌석안전띠 경고장치를 제어하는 콤비네이션 미터 소프트웨어 오류로, 운전석 좌석안전띠 미착용 상태에서 시동 시 경고음이 발생하지 않을 가능성이 있으며, 이 경우 미국 연방 자동차안전기준「FMVSS208(승객보호요건)*」의 규정을 만족하지 않을 수 있음. *FMVSS208(승객보호요건): 운전석 좌석안전띠 미착용 상태에서 시동 시, 경고음(4~8초간) 및 경고등(60초 이상)이 점등되어야 함.",MPV/미니밴
포드,2020-2023 Explorer Gas,2019-05-09,2022-11-02,2023-02-28,15725,"일부 2020-2023년식 Aviator, Explorer, 및 2020-2022년식 Corsair 차량에서 360° 카메라 시스템 작동 시 간헐적으로 후방 카메라 정보가 디스플레이 화면에 공급되지 않아 블루 스크린이 발생할 수 있는 가능성이 있으며 이로 인해 후진 시 충돌이 발생할 우려가 있어 제작결함을 시정하고자 합니다. *360° 카메라 시스템: 차량의 외부에 장착된 전, 후, 좌, 우 4개의 카메라의 영상을 조합하여 마치 차량 위에서 내려보는 듯한 이미지를 보여주어 차량주변 상황파악에 도움을 주는 시스템입니다. *위의 내용과 관련하여 우선적으로 카메라 시스템에서 비디오 영상 손실이 감지되면 비디오 회로를 다시 초기화하는 로직을 적용하였습니다. 그리고 해당 조치 이후의 추세를 지속적으로 모니터링할 예정이며 포드와 공급업체는 비디오 영상의 손실이 발생하는 근본적인 원인을 파악하기 위해 문제를 계속 조사하고 있습니다.",SUV
포드,2020-2021 Explorer PHEV,2019-12-02,2021-09-23,2023-02-28,390,"일부 2020-2023년식 Aviator, Explorer, 및 2020-2022년식 Corsair 차량에서 360° 카메라 시스템 작동 시 간헐적으로 후방 카메라 정보가 디스플레이 화면에 공급되지 않아 블루 스크린이 발생할 수 있는 가능성이 있으며 이로 인해 후진 시 충돌이 발생할 우려가 있어 제작결함을 시정하고자 합니다. *360° 카메라 시스템: 차량의 외부에 장착된 전, 후, 좌, 우 4개의 카메라의 영상을 조합하여 마치 차량 위에서 내려보는 듯한 이미지를 보여주어 차량주변 상황파악에 도움을 주는 시스템입니다. *위의 내용과 관련하여 우선적으로 카메라 시스템에서 비디오 영상 손실이 감지되면 비디오 회로를 다시 초기화하는 로직을 적용하였습니다. 그리고 해당 조치 이후의 추세를 지속적으로 모니터링할 예정이며 포드와 공급업체는 비디오 영상의 손실이 발생하는 근본적인 원인을 파악하기 위해 문제를 계속 조사하고 있습니다.",SUV
포드,2022 Explorer FHEV,2021-10-06,2022-11-17,2023-02-28,269,"일부 2020-2023년식 Aviator, Explorer, 및 2020-2022년식 Corsair 차량에서 360° 카메라 시스템 작동 시 간헐적으로 후방 카메라 정보가 디스플레이 화면에 공급되지 않아 블루 스크린이 발생할 수 있는 가능성이 있으며 이로 인해 후진 시 충돌이 발생할 우려가 있어 제작결함을 시정하고자 합니다. *360° 카메라 시스템: 차량의 외부에 장착된 전, 후, 좌, 우 4개의 카메라의 영상을 조합하여 마치 차량 위에서 내려보는 듯한 이미지를 보여주어 차량주변 상황파악에 도움을 주는 시스템입니다. *위의 내용과 관련하여 우선적으로 카메라 시스템에서 비디오 영상 손실이 감지되면 비디오 회로를 다시 초기화하는 로직을 적용하였습니다. 그리고 해당 조치 이후의 추세를 지속적으로 모니터링할 예정이며 포드와 공급업체는 비디오 영상의 손실이 발생하는 근본적인 원인을 파악하기 위해 문제를 계속 조사하고 있습니다.",SUV
현대자동차,코나(OS),2022-12-21,2023-01-06,2023-03-14,101,코나(OS) 일부 차량에 2열 좌석안전띠 버클 작업 불량으로 인해 신형 코나(SX2) 버클 부품으로 오장착되어 불완전한 체결로 차량 충돌시 승객을 정상적으로 보호하지 못할 가능성이 있는 결함,SUV
현대자동차,코나(SX2),2022-12-29,2023-02-23,2023-03-16,2222,코나(SX2) 일부 차량에 2열 좌석안전띠 버클 부품 생산과정에서 제조산포로 조립 유격 발생으로 인해 버클 체결 시 체결음('딸깍'음)이 미발생되어 불완전한 체결로 차량 충돌시 승객을 정상적으로 보호하지 못할 가능성이 있는 결함,SUV
현대자동차,코나(SX2),2022-12-30,2023-03-02,2023-03-30,4191,바디제어장치(BDC)와 주차(초음파) 센서간 간헐적 통신 불량으로 인해 주차 거리 경고(PDW) 기능이 간헐적으로 미작동하여 운전자가 후진 시 차량 후방에 있는 물체와 부딪혀 사고가 발생할 가능성이 있는 결함 사항이 확인,SUV
메르세데스 벤츠,GLB 200 d,2019-05-22,2020-04-01,2023-03-31,6,"생산 공정 상 오류로 인해 전방 액슬 서브프레임의 내식성이 부족하여 특정한 환경의 영향을 받을 경우 전방 액슬 서브프레임이 부식될 수 있고, 부식의 정도 및 위치에 따라 내구성 저하 및 다른 부품과의 연결부 손상 가능성을 배제할 수 없습니다.",SUV
메르세데스 벤츠,GLB 220,2019-05-21,2020-06-23,2023-03-31,28,"생산 공정 상 오류로 인해 전방 액슬 서브프레임의 내식성이 부족하여 특정한 환경의 영향을 받을 경우 전방 액슬 서브프레임이 부식될 수 있고, 부식의 정도 및 위치에 따라 내구성 저하 및 다른 부품과의 연결부 손상 가능성을 배제할 수 없습니다.",SUV
메르세데스 벤츠,GLB 250 4MATIC,2019-05-16,2020-07-17,2023-03-31,203,"생산 공정 상 오류로 인해 전방 액슬 서브프레임의 내식성이 부족하여 특정한 환경의 영향을 받을 경우 전방 액슬 서브프레임이 부식될 수 있고, 부식의 정도 및 위치에 따라 내구성 저하 및 다른 부품과의 연결부 손상 가능성을 배제할 수 없습니다.",SUV
메르세데스 벤츠,AMG GLB 35 4MATIC,2020-03-30,2020-06-17,2023-03-31,6,"생산 공정 상 오류로 인해 전방 액슬 서브프레임의 내식성이 부족하여 특정한 환경의 영향을 받을 경우 전방 액슬 서브프레임이 부식될 수 있고, 부식의 정도 및 위치에 따라 내구성 저하 및 다른 부품과의 연결부 손상 가능성을 배제할 수 없습니다.",SUV
혼다코리아,ODYSSEY,2018-04-24,2018-09-14,2023-04-10,774,좌석 안전띠의 버클 체결부 폭이 넓게 제작 장착되어 잠금해제 버튼 작동 시 부품간 간섭이 발생하고 이로 인해 잠금해제 버튼이 원활하게 작동되지 않아 좌석 안전띠 체결이 제대로 되지 않을 가능성이 있음.,MPV/미니밴
메르세데스 벤츠,GLE 300 d 4MATIC,2018-11-05,2020-09-14,2023-04-21,1147,조립 공정 오류로 에어컨 응축수 배수 호스가 정확히 체결되지 않았을 수 있어 에어컨 응축수가 차량의 운전석 및 조수석 바닥에 실내 유입될 수 있습니다.,SUV
메르세데스 벤츠,GLE 350 4MATIC,2019-11-15,2019-11-15,2023-04-21,1,조립 공정 오류로 에어컨 응축수 배수 호스가 정확히 체결되지 않았을 수 있어 에어컨 응축수가 차량의 운전석 및 조수석 바닥에 실내 유입될 수 있습니다.,SUV
메르세데스 벤츠,GLE 350 e 4MATIC,2020-03-27,2020-03-27,2023-04-21,1,조립 공정 오류로 에어컨 응축수 배수 호스가 정확히 체결되지 않았을 수 있어 에어컨 응축수가 차량의 운전석 및 조수석 바닥에 실내 유입될 수 있습니다.,SUV
메르세데스 벤츠,GLE 450 4MATIC,2019-03-01,2021-02-02,2023-04-21,2032,조립 공정 오류로 에어컨 응축수 배수 호스가 정확히 체결되지 않았을 수 있어 에어컨 응축수가 차량의 운전석 및 조수석 바닥에 실내 유입될 수 있습니다.,SUV
메르세데스 벤츠,Mercedes-AMG GLE 53 4MATIC+,2019-10-15,2020-05-27,2023-04-21,45,조립 공정 오류로 에어컨 응축수 배수 호스가 정확히 체결되지 않았을 수 있어 에어컨 응축수가 차량의 운전석 및 조수석 바닥에 실내 유입될 수 있습니다.,SUV
메르세데스 벤츠,GLE 400 d 4MATIC,2019-07-23,2020-02-20,2023-04-21,5,조립 공정 오류로 에어컨 응축수 배수 호스가 정확히 체결되지 않았을 수 있어 에어컨 응축수가 차량의 운전석 및 조수석 바닥에 실내 유입될 수 있습니다.,SUV
메르세데스 벤츠,GLE 350 e 4MATIC Coupe,2020-03-25,2020-03-25,2023-04-21,1,조립 공정 오류로 에어컨 응축수 배수 호스가 정확히 체결되지 않았을 수 있어 에어컨 응축수가 차량의 운전석 및 조수석 바닥에 실내 유입될 수 있습니다.,SUV
메르세데스 벤츠,Mercedes-AMG GLE 53 4MATIC+ Coupe,2019-11-01,2020-02-20,2023-04-21,5,조립 공정 오류로 에어컨 응축수 배수 호스가 정확히 체결되지 않았을 수 있어 에어컨 응축수가 차량의 운전석 및 조수석 바닥에 실내 유입될 수 있습니다.,SUV
메르세데스 벤츠,Mercedes-AMG GLE 63 S 4MATIC+,2019-11-04,2020-02-19,2023-04-21,3,조립 공정 오류로 에어컨 응축수 배수 호스가 정확히 체결되지 않았을 수 있어 에어컨 응축수가 차량의 운전석 및 조수석 바닥에 실내 유입될 수 있습니다.,SUV
메르세데스 벤츠,GLS 400 d 4MATIC,2019-10-20,2020-08-28,2023-04-21,70,조립 공정 오류로 에어컨 응축수 배수 호스가 정확히 체결되지 않았을 수 있어 에어컨 응축수가 차량의 운전석 및 조수석 바닥에 실내 유입될 수 있습니다.,SUV
메르세데스 벤츠,GLS 580 4MATIC,2019-10-16,2020-06-17,2023-04-21,29,조립 공정 오류로 에어컨 응축수 배수 호스가 정확히 체결되지 않았을 수 있어 에어컨 응축수가 차량의 운전석 및 조수석 바닥에 실내 유입될 수 있습니다.,SUV
메르세데스 벤츠,Maybach GLS 600 4MATIC,2020-05-08,2020-05-08,2023-04-21,1,조립 공정 오류로 에어컨 응축수 배수 호스가 정확히 체결되지 않았을 수 있어 에어컨 응축수가 차량의 운전석 및 조수석 바닥에 실내 유입될 수 있습니다.,SUV
메르세데스 벤츠,GLE 300 d 4MATIC,2022-01-26,2022-11-01,2023-04-21,1171,조립 공정 오류로 인하여 뒤 도어 윈도우의 트림 바가 제대로 장착되지 않았을 수 있어 차량 주행 중에 트림 바가 뒤 도어 윈도우에서 분리될 수 있습니다.,SUV
메르세데스 벤츠,GLE 300 d 4MATIC,2019-05-31,2021-01-22,2023-04-21,2,조립 공정 오류로 인하여 뒤 도어 윈도우의 트림 바가 제대로 장착되지 않았을 수 있어 차량 주행 중에 트림 바가 뒤 도어 윈도우에서 분리될 수 있습니다.,SUV
메르세데스 벤츠,GLE 350 e 4MATIC,2021-10-04,2022-11-02,2023-04-21,327,조립 공정 오류로 인하여 뒤 도어 윈도우의 트림 바가 제대로 장착되지 않았을 수 있어 차량 주행 중에 트림 바가 뒤 도어 윈도우에서 분리될 수 있습니다.,SUV
메르세데스 벤츠,GLE 450 4MATIC,2020-03-02,2022-09-26,2023-04-21,620,조립 공정 오류로 인하여 뒤 도어 윈도우의 트림 바가 제대로 장착되지 않았을 수 있어 차량 주행 중에 트림 바가 뒤 도어 윈도우에서 분리될 수 있습니다.,SUV
메르세데스 벤츠,Mercedes-AMG GLE 53 4MATIC+,2021-08-20,2022-10-07,2023-04-21,454,조립 공정 오류로 인하여 뒤 도어 윈도우의 트림 바가 제대로 장착되지 않았을 수 있어 차량 주행 중에 트림 바가 뒤 도어 윈도우에서 분리될 수 있습니다.,SUV
메르세데스 벤츠,GLE 400 d 4MATIC Coupe,2022-02-04,2023-01-14,2023-04-21,2073,조립 공정 오류로 인하여 뒤 도어 윈도우의 트림 바가 제대로 장착되지 않았을 수 있어 차량 주행 중에 트림 바가 뒤 도어 윈도우에서 분리될 수 있습니다.,SUV
메르세데스 벤츠,GLE 450 d 4MATIC Coupe,2022-10-05,2022-10-07,2023-04-21,2,조립 공정 오류로 인하여 뒤 도어 윈도우의 트림 바가 제대로 장착되지 않았을 수 있어 차량 주행 중에 트림 바가 뒤 도어 윈도우에서 분리될 수 있습니다.,SUV
메르세데스 벤츠,GLE 400 e 4MATIC Coupe,2022-09-19,2022-09-23,2023-04-21,2,조립 공정 오류로 인하여 뒤 도어 윈도우의 트림 바가 제대로 장착되지 않았을 수 있어 차량 주행 중에 트림 바가 뒤 도어 윈도우에서 분리될 수 있습니다.,SUV
메르세데스 벤츠,GLE 350 e 4MATIC Coupe,2022-02-03,2022-11-15,2023-04-21,345,조립 공정 오류로 인하여 뒤 도어 윈도우의 트림 바가 제대로 장착되지 않았을 수 있어 차량 주행 중에 트림 바가 뒤 도어 윈도우에서 분리될 수 있습니다.,SUV
메르세데스 벤츠,Mercedes-AMG GLE 53 4MATIC+ Coupe,2022-02-03,2023-01-20,2023-04-21,205,조립 공정 오류로 인하여 뒤 도어 윈도우의 트림 바가 제대로 장착되지 않았을 수 있어 차량 주행 중에 트림 바가 뒤 도어 윈도우에서 분리될 수 있습니다.,SUV
메르세데스 벤츠,Mercedes-AMG GLE 63 S 4MATIC+ Coupe,2022-04-01,2023-01-11,2023-04-21,4,조립 공정 오류로 인하여 뒤 도어 윈도우의 트림 바가 제대로 장착되지 않았을 수 있어 차량 주행 중에 트림 바가 뒤 도어 윈도우에서 분리될 수 있습니다.,SUV
메르세데스 벤츠,GLS 400 d 4MATIC,2021-10-29,2022-11-07,2023-04-21,1125,조립 공정 오류로 인하여 뒤 도어 윈도우의 트림 바가 제대로 장착되지 않았을 수 있어 차량 주행 중에 트림 바가 뒤 도어 윈도우에서 분리될 수 있습니다.,SUV
메르세데스 벤츠,GLS 580 4MATIC,2022-03-25,2023-01-06,2023-04-21,361,조립 공정 오류로 인하여 뒤 도어 윈도우의 트림 바가 제대로 장착되지 않았을 수 있어 차량 주행 중에 트림 바가 뒤 도어 윈도우에서 분리될 수 있습니다.,SUV
메르세데스 벤츠,Maybach GLS 600 4MATIC,2022-04-13,2023-01-14,2023-04-21,378,조립 공정 오류로 인하여 뒤 도어 윈도우의 트림 바가 제대로 장착되지 않았을 수 있어 차량 주행 중에 트림 바가 뒤 도어 윈도우에서 분리될 수 있습니다.,SUV
BMW,X5 xDrive30d,2023-01-09,2023-01-09,2023-04-26,1,뒷 좌석(왼쪽 및 오른쪽) 머리 받침대 높이조절 잠금 장치가 누락되어 머리 받침대 높이가 고정되지 않을 가능성이 있습니다.,SUV
메르세데스 벤츠,GLC 220 d 4MATIC,2019-02-04,2019-02-05,2023-05-12,2,"공급 업체의 생산 공정 변경에 따른 고압연료펌프 롤러의 강건성 부족으로 마모에 의해 이물질(쇳가루)이 발생하고, 발생된 이물질(쇳가루)은 유량 제어 밸브 또는 인젝터를 막아 연료 공급이 원활하지 않을 수 있습니다.",SUV
기아,카니발 (KA4),2020-07-22,2023-04-27,2023-05-17,185804,파워 슬라이딩 도어가 닫히기 직전 신체 일부를 도어 사이에 넣는 등의 특정상황에서 신체 일부가 도어 사이에 끼여 상해를 입을 가능성,MPV/미니밴
기아,카니발 (KA4),2020-07-23,2023-04-21,2023-05-17,5037,파워 슬라이딩 도어가 닫히기 직전 신체 일부를 도어 사이에 넣는 등의 특정상황에서 신체 일부가 도어 사이에 끼여 상해를 입을 가능성,MPV/미니밴
포드,2022년식 Explorer,2022-08-22,2022-08-22,2023-05-23,1,조립 불량으로 고압 연료 펌프 및 연료 레일의 고압 연료 튜브가 기준 토크로 조여지지 않아 연료가 누출될 수 있는 가능성이 확인되었습니다.,SUV
기아,카니발 (KA4),2020-07-22,2023-04-14,2023-06-05,1678,파워 슬라이딩 도어가 닫히기 직전 신체 일부를 도어 사이에 넣는 등의 특정상황에서 신체 일부가 도어 사이에 끼여 상해를 입을 가능성,MPV/미니밴
기아,카니발 (KA4),2020-09-26,2023-04-11,2023-06-05,38,파워 슬라이딩 도어가 닫히기 직전 신체 일부를 도어 사이에 넣는 등의 특정상황에서 신체 일부가 도어 사이에 끼여 상해를 입을 가능성,MPV/미니밴
BMW,X5 3.0d,2007-09-07,2007-09-07,2023-06-09,1,운전석 및 조수석 에어백 인플레이터의 제작결함,SUV
BMW,X5 3.0si,2007-08-03,2007-08-03,2023-06-09,1,운전석 및 조수석 에어백 인플레이터의 제작결함,SUV
BMW,X5 4.8i,2008-11-05,2008-11-05,2023-06-09,1,운전석 및 조수석 에어백 인플레이터의 제작결함,SUV
BMW,X5 xDrive30d,2010-05-01,2010-05-01,2023-06-09,1,운전석 및 조수석 에어백 인플레이터의 제작결함,SUV
BMW,X5 xDrive35i,2010-11-06,2012-02-15,2023-06-09,2,운전석 및 조수석 에어백 인플레이터의 제작결함,SUV
BMW,X5 xDrive40d,2010-07-21,2010-07-21,2023-06-09,1,운전석 및 조수석 에어백 인플레이터의 제작결함,SUV
기아,스포티지 (NQ5),2022-08-08,2023-02-14,2023-06-13,8220,"레이(TAM PE2), 셀토스(SP2 PE), 스포티지(NQ5), 스포티지 하이브리드(NQ5 HEV), 니로(SG2 HEV), K8(GL3) 일부 차량에서 계기판 부팅 소프트웨어 설정 오류로 인해 초기 시동 시 간헐적으로 계기판 이미지가 미표출될 수 있고 그 상태로 주행할 경우 안전운행에 지장을 줄 가능성이 있는 결함 확인",SUV
기아,스포티지 하이브리드 (NQ5 HEV),2022-08-08,2023-02-10,2023-06-13,4352,"레이(TAM PE2), 셀토스(SP2 PE), 스포티지(NQ5), 스포티지 하이브리드(NQ5 HEV), 니로(SG2 HEV), K8(GL3) 일부 차량에서 계기판 부팅 소프트웨어 설정 오류로 인해 초기 시동 시 간헐적으로 계기판 이미지가 미표출될 수 있고 그 상태로 주행할 경우 안전운행에 지장을 줄 가능성이 있는 결함 확인",SUV
기아,니로 (SG2 HEV),2022-09-15,2023-03-03,2023-06-13,3027,"레이(TAM PE2), 셀토스(SP2 PE), 스포티지(NQ5), 스포티지 하이브리드(NQ5 HEV), 니로(SG2 HEV), K8(GL3) 일부 차량에서 계기판 부팅 소프트웨어 설정 오류로 인해 초기 시동 시 간헐적으로 계기판 이미지가 미표출될 수 있고 그 상태로 주행할 경우 안전운행에 지장을 줄 가능성이 있는 결함 확인",SUV
현대자동차,GV70(JK1),2020-04-28,2023-02-07,2023-06-30,53265,"G80(RG3), GV80(JX1), GV70(JK1), GV60(JW1), GV70 전기차(JK1 EV), 일부 차량에서 충돌 사고시 앞좌석 안전띠 조절장치 내부부품(프리텐셔너 가스발생기)의 작동반발력이 증가하여 장치내 일부부품(가스발생기)이 튀어나와 뒷좌석 탑승자에게 상해를 입힐 가능성이 있는 결함",SUV
현대자동차,GV70 전기차(JK1 EV),2021-06-18,2023-02-13,2023-06-30,1545,"G80(RG3), GV80(JX1), GV70(JK1), GV60(JW1), GV70 전기차(JK1 EV), 일부 차량에서 충돌 사고시 앞좌석 안전띠 조절장치 내부부품(프리텐셔너 가스발생기)의 작동반발력이 증가하여 장치내 일부부품(가스발생기)이 튀어나와 뒷좌석 탑승자에게 상해를 입힐 가능성이 있는 결함",SUV
현대자동차,GV80(JX1),2019-06-08,2023-02-23,2023-06-30,74163,"G80(RG3), GV80(JX1), GV70(JK1), GV60(JW1), GV70 전기차(JK1 EV), 일부 차량에서 충돌 사고시 앞좌석 안전띠 조절장치 내부부품(프리텐셔너 가스발생기)의 작동반발력이 증가하여 장치내 일부부품(가스발생기)이 튀어나와 뒷좌석 탑승자에게 상해를 입힐 가능성이 있는 결함",SUV
현대자동차,팰리세이드 (LX2 PE),2023-04-28,2023-05-16,2023-07-06,1025,"팰리세이드(LX2 PE) 일부 차량에서 브레이크 부스터 제조 공정 중 브레이크 부스터 하우징의 성형 불량으로 인해 하우징 내부 고무패킹이 쉽게 이탈되어 브레이크 부스터내 진공 상태가 유지되지 않아 브레이크가 딱딱해지고, 제동거리 증가로 충돌사고가 발생할 가능성이 있는 결함",SUV
BMW,BMW X5 M,2019-12-19,2020-11-20,2023-07-07,88,"소프트웨어의 오류로 인하여 계기판이 1~2초 동안 꺼지거나, 완전히 꺼짐이 발생될 수 있으며 차량을 재시동해야만 다시 활성화될 수 있습니다.",SUV
BMW,BMW X5 M50d,2017-11-03,2020-07-10,2023-07-07,274,"소프트웨어의 오류로 인하여 계기판이 1~2초 동안 꺼지거나, 완전히 꺼짐이 발생될 수 있으며 차량을 재시동해야만 다시 활성화될 수 있습니다.",SUV
BMW,BMW X5 M50i,2019-01-29,2020-11-21,2023-07-07,169,"소프트웨어의 오류로 인하여 계기판이 1~2초 동안 꺼지거나, 완전히 꺼짐이 발생될 수 있으며 차량을 재시동해야만 다시 활성화될 수 있습니다.",SUV
BMW,BMW X5 xDrive30d,2020-07-13,2020-11-21,2023-07-07,506,"소프트웨어의 오류로 인하여 계기판이 1~2초 동안 꺼지거나, 완전히 꺼짐이 발생될 수 있으며 차량을 재시동해야만 다시 활성화될 수 있습니다.",SUV
BMW,BMW X5 xDrive30d xLine,2018-08-20,2020-07-29,2023-07-07,3773,"소프트웨어의 오류로 인하여 계기판이 1~2초 동안 꺼지거나, 완전히 꺼짐이 발생될 수 있으며 차량을 재시동해야만 다시 활성화될 수 있습니다.",SUV
BMW,BMW X5 xDrive40d,2020-06-02,2020-10-26,2023-07-07,141,"소프트웨어의 오류로 인하여 계기판이 1~2초 동안 꺼지거나, 완전히 꺼짐이 발생될 수 있으며 차량을 재시동해야만 다시 활성화될 수 있습니다.",SUV
BMW,BMW X5 xDrive40i,2019-02-06,2020-11-23,2023-07-07,900,"소프트웨어의 오류로 인하여 계기판이 1~2초 동안 꺼지거나, 완전히 꺼짐이 발생될 수 있으며 차량을 재시동해야만 다시 활성화될 수 있습니다.",SUV
BMW,BMW X5 xDrive45e iPerformance,2020-06-02,2020-11-15,2023-07-07,396,"소프트웨어의 오류로 인하여 계기판이 1~2초 동안 꺼지거나, 완전히 꺼짐이 발생될 수 있으며 차량을 재시동해야만 다시 활성화될 수 있습니다.",SUV
BMW,BMW X7 M50d,2018-12-15,2020-07-10,2023-07-07,162,"소프트웨어의 오류로 인하여 계기판이 1~2초 동안 꺼지거나, 완전히 꺼짐이 발생될 수 있으며 차량을 재시동해야만 다시 활성화될 수 있습니다.",SUV
BMW,BMW X7 M50i,2019-02-02,2020-11-23,2023-07-07,200,"소프트웨어의 오류로 인하여 계기판이 1~2초 동안 꺼지거나, 완전히 꺼짐이 발생될 수 있으며 차량을 재시동해야만 다시 활성화될 수 있습니다.",SUV
BMW,BMW X7 xDrive30d,2018-07-19,2020-07-28,2023-07-07,1683,"소프트웨어의 오류로 인하여 계기판이 1~2초 동안 꺼지거나, 완전히 꺼짐이 발생될 수 있으며 차량을 재시동해야만 다시 활성화될 수 있습니다.",SUV
BMW,BMW X7 xDrive40d,2020-07-13,2020-11-21,2023-07-07,231,"소프트웨어의 오류로 인하여 계기판이 1~2초 동안 꺼지거나, 완전히 꺼짐이 발생될 수 있으며 차량을 재시동해야만 다시 활성화될 수 있습니다.",SUV
BMW,BMW X7 xDrive40i,2019-03-15,2020-11-21,2023-07-07,1044,"소프트웨어의 오류로 인하여 계기판이 1~2초 동안 꺼지거나, 완전히 꺼짐이 발생될 수 있으며 차량을 재시동해야만 다시 활성화될 수 있습니다.",SUV
혼다코리아,ODYSSEY,2017-06-19,2023-05-03,2023-07-21,3820,오디오 통신 케이블 커넥터의 제조 불량(암수 커넥터 크기가 상이)으로 간헐적 접촉 불량이 발생하고 이로 인해 후방 카메라가 작동되지 않을 가능성이 있음.,MPV/미니밴
BMW,BMW X5 xDrive30d,2013-09-25,2013-09-25,2023-08-04,1,배기가스재순환장치 쿨러 내부 냉각수 누설 가능성,SUV
기아,쏘렌토 하이브리드(MQ4 HEV),2020-02-21,2022-07-04,2023-08-16,81608,충돌 사고시 앞좌석 안전띠 조절장치 내부 부품(프리텐셔너 가스발생기)의 작동반발력이 증가하여 장치내 일부 부품(가스발생기)이 튀어나와 뒷좌석 탑승자에게 상해를 입힐 가능성,SUV
기아,쏘렌토(MQ4),2022-04-01,2022-08-31,2023-08-16,7971,멀티펑션스위치 방향지시등 레버 제조불량으로 인해 회로기판 내 방향지시등 작동부 접점 불량 발생으로 방향지시등 작동 시 간헐적으로 미점등 되어 안전에 지장을 줄 가능성,SUV
기아,쏘렌토 하이브리드(MQ4 HEV),2022-04-01,2022-08-31,2023-08-16,20887,멀티펑션스위치 방향지시등 레버 제조불량으로 인해 회로기판 내 방향지시등 작동부 접점 불량 발생으로 방향지시등 작동 시 간헐적으로 미점등 되어 안전에 지장을 줄 가능성,SUV
메르세데스 벤츠,GLE 350 e 4MATIC Coupe,2022-06-22,2022-09-24,2023-08-25,100,연료 펌프 내부 임펠러(impeller)의 내구성이 부족하여 작동 중 변형될 수 있습니다. 이러한 경우 연료 펌프 하우징 내부 벽면에 닿아 연료 펌프가 정상적으로 작동되지 않을 수 있습니다.,SUV
메르세데스 벤츠,Mercedes-AMG GLE 53 4MATIC+ Coupe,2021-08-20,2022-02-28,2023-08-25,215,연료 펌프 내부 임펠러(impeller)의 내구성이 부족하여 작동 중 변형될 수 있습니다. 이러한 경우 연료 펌프 하우징 내부 벽면에 닿아 연료 펌프가 정상적으로 작동되지 않을 수 있습니다.,SUV
메르세데스 벤츠,GLS 580 4MATIC,2021-07-01,2021-10-27,2023-08-25,135,연료 펌프 내부 임펠러(impeller)의 내구성이 부족하여 작동 중 변형될 수 있습니다. 이러한 경우 연료 펌프 하우징 내부 벽면에 닿아 연료 펌프가 정상적으로 작동되지 않을 수 있습니다.,SUV
메르세데스 벤츠,Maybach GLS 600 4MATIC,2022-09-16,2022-09-30,2023-08-25,10,연료 펌프 내부 임펠러(impeller)의 내구성이 부족하여 작동 중 변형될 수 있습니다. 이러한 경우 연료 펌프 하우징 내부 벽면에 닿아 연료 펌프가 정상적으로 작동되지 않을 수 있습니다.,SUV
메르세데스 벤츠,Mercedes-AMG GLC 43 4MATIC Coupe,2021-08-16,2022-03-19,2023-08-25,166,연료 펌프 내부 임펠러(impeller)의 내구성이 부족하여 작동 중 변형될 수 있습니다. 이러한 경우 연료 펌프 하우징 내부 벽면에 닿아 연료 펌프가 정상적으로 작동되지 않을 수 있습니다.,SUV
메르세데스 벤츠,GLC 300 4MATIC Coupe,2021-09-07,2022-03-21,2023-08-25,192,연료 펌프 내부 임펠러(impeller)의 내구성이 부족하여 작동 중 변형될 수 있습니다. 이러한 경우 연료 펌프 하우징 내부 벽면에 닿아 연료 펌프가 정상적으로 작동되지 않을 수 있습니다.,SUV
메르세데스 벤츠,Mercedes-AMG GLC 63 S 4MATIC,2021-10-06,2022-02-18,2023-08-25,3,연료 펌프 내부 임펠러(impeller)의 내구성이 부족하여 작동 중 변형될 수 있습니다. 이러한 경우 연료 펌프 하우징 내부 벽면에 닿아 연료 펌프가 정상적으로 작동되지 않을 수 있습니다.,SUV
메르세데스 벤츠,Mercedes-AMG GLC 43 4MATIC,2021-10-06,2022-03-21,2023-08-25,223,연료 펌프 내부 임펠러(impeller)의 내구성이 부족하여 작동 중 변형될 수 있습니다. 이러한 경우 연료 펌프 하우징 내부 벽면에 닿아 연료 펌프가 정상적으로 작동되지 않을 수 있습니다.,SUV
메르세데스 벤츠,GLC 300 4MATIC,2021-08-10,2022-03-21,2023-08-25,308,연료 펌프 내부 임펠러(impeller)의 내구성이 부족하여 작동 중 변형될 수 있습니다. 이러한 경우 연료 펌프 하우징 내부 벽면에 닿아 연료 펌프가 정상적으로 작동되지 않을 수 있습니다.,SUV
현대자동차,투싼(TL),2015-03-06,2018-04-03,2023-08-31,159212,"일부 차량에서 스마트 정션박스의 소프트웨어 오류로 인해 좌측 방향지시등 작동 시 일시적으로 우측 방향지시등이 점멸되어 후행 차량에 혼란을 야기하여 추돌로 인한 사고 발생 가능성이 있는 결함 ※ 스마트정션박스 : 차량의 전원 분배 기능, 조명 제어 및 각종 전자 제어 기능을 탑재한 부품",SUV
현대자동차,팰리세이드(LX2),2022-10-18,2023-07-08,2023-09-08,18103,"팰리세이드(LX2), 쏘나타(DN8), 코나(OS PE), 코나(SX2) 일부 차량에서 자동변속기의 ISG(Idle Stop & Go)용 전동식오일펌프(EOP) 제어기 제조 공정 불량으로 인해 내부 소자 미세 크랙으로 인한 전기 단락으로 화재 발생 가능성이 있는 결함",SUV
현대자동차,코나(OS PE),2022-11-10,2022-12-09,2023-09-08,92,"팰리세이드(LX2), 쏘나타(DN8), 코나(OS PE), 코나(SX2) 일부 차량에서 자동변속기의 ISG(Idle Stop & Go)용 전동식오일펌프(EOP) 제어기 제조 공정 불량으로 인해 내부 소자 미세 크랙으로 인한 전기 단락으로 화재 발생 가능성이 있는 결함",SUV
현대자동차,코나(SX2),2022-10-04,2023-07-27,2023-09-08,738,"팰리세이드(LX2), 쏘나타(DN8), 코나(OS PE), 코나(SX2) 일부 차량에서 자동변속기의 ISG(Idle Stop & Go)용 전동식오일펌프(EOP) 제어기 제조 공정 불량으로 인해 내부 소자 미세 크랙으로 인한 전기 단락으로 화재 발생 가능성이 있는 결함",SUV
메르세데스 벤츠,GLE 350 e 4MATIC,2021-08-20,2022-09-13,2023-09-08,465,연료 펌프 내부 임펠러(impeller)의 내구성이 부족하여 작동 중 변형될 수 있습니다. 이러한 경우 연료 펌프 하우징 내부 벽면에 닿아 연료 펌프가 정상적으로 작동되지 않을 수 있습니다.,SUV
메르세데스 벤츠,GLE 450 4MATIC,2021-07-01,2022-02-28,2023-09-08,1000,연료 펌프 내부 임펠러(impeller)의 내구성이 부족하여 작동 중 변형될 수 있습니다. 이러한 경우 연료 펌프 하우징 내부 벽면에 닿아 연료 펌프가 정상적으로 작동되지 않을 수 있습니다.,SUV
메르세데스 벤츠,GLE 400 e 4MATIC,2022-09-19,2022-09-23,2023-09-08,2,연료 펌프 내부 임펠러(impeller)의 내구성이 부족하여 작동 중 변형될 수 있습니다. 이러한 경우 연료 펌프 하우징 내부 벽면에 닿아 연료 펌프가 정상적으로 작동되지 않을 수 있습니다.,SUV
메르세데스 벤츠,GLE 350 e 4MATIC,2021-08-02,2022-08-22,2023-09-08,465,연료 펌프 내부 임펠러(impeller)의 내구성이 부족하여 작동 중 변형될 수 있습니다. 이러한 경우 연료 펌프 하우징 내부 벽면에 닿아 연료 펌프가 정상적으로 작동되지 않을 수 있습니다.,SUV
현대자동차,팰리세이드(LX2),2023-06-22,2023-08-08,2023-09-21,835,일부 차량에서 스웨이드 사양 좌석이 적용된 조수석 승객감지센서의 설정 소프트웨어 오류로 탑승여부를 정확하게 감지하지 못하여 충돌 사고시 에어백이 전개되지 않아 승객을 정상적으로 보호하지 못할 가능성이 있는 결함,SUV
메르세데스 벤츠,Maybach GLS 600 4MATIC,2022-07-31,2022-09-30,2023-09-22,158,연료 펌프 내부 임펠러(impeller)의 내구성이 부족하여 작동 중 변형될 수 있습니다. 이러한 경우 연료 펌프 하우징 내부 벽면에 닿아 연료 펌프가 정상적으로 작동되지 않을 수 있습니다.,SUV
포드,2020-2023년식 Explorer Gas,2019-05-09,2023-03-10,2023-11-17,16635,"일부 2020-2023년식 Aviator, Explorer 및 2020-2022년식 Corsair 차량에서 360° 카메라 시스템*의 소프트웨어 오류, 후방 카메라 부품의 내구성 및/또는 영상 관련 배선의 손상, 및/또는 신호 방해 문제로 인하여 후진 시 전체 화면에 블루/블랙 스크린 및 후방 카메라 화면에만 블루 스크린 증상이 발생될 가능성이 있습니다. 이로 인해 후진 시 후방 시야가 방해되어 사고가 발생할 수 있습니다. *360° 카메라 시스템: 차량의 외부에 장착된 전, 후, 좌, 우 4개의 카메라의 영상을 조합하여 마치 차량 위에서 내려보는 듯한 이미지를 보여주어 차량주변 상황파악에 도움을 주는 시스템입니다.",SUV
포드,2020-2022년식 Explorer PHEV/FHEV,2019-12-02,2022-11-17,2023-11-17,659,"일부 2020-2023년식 Aviator, Explorer 및 2020-2022년식 Corsair 차량에서 360° 카메라 시스템*의 소프트웨어 오류, 후방 카메라 부품의 내구성 및/또는 영상 관련 배선의 손상, 및/또는 신호 방해 문제로 인하여 후진 시 전체 화면에 블루/블랙 스크린 및 후방 카메라 화면에만 블루 스크린 증상이 발생될 가능성이 있습니다. 이로 인해 후진 시 후방 시야가 방해되어 사고가 발생할 수 있습니다. *360° 카메라 시스템: 차량의 외부에 장착된 전, 후, 좌, 우 4개의 카메라의 영상을 조합하여 마치 차량 위에서 내려보는 듯한 이미지를 보여주어 차량주변 상황파악에 도움을 주는 시스템입니다.",SUV
메르세데스 벤츠,GLC 300 4MATIC Coupe,2023-03-28,2023-04-27,2023-10-27,2,생산 공정 오류로 인하여 앞 범퍼 견인고리 홀 내부 소켓이 허용 오차를 벗어나 규격에 맞지 않을 수 있습니다. 이로 인하여 홀의 직경이 다소 축소되어 견인고리가 정상 연결 깊이까지 체결되지 않을 수 있습니다.,SUV
메르세데스 벤츠,GLC 220 d 4MATIC,2022-09-13,2023-05-08,2023-10-27,188,생산 공정 오류로 인하여 앞 범퍼 견인고리 홀 내부 소켓이 허용 오차를 벗어나 규격에 맞지 않을 수 있습니다. 이로 인하여 홀의 직경이 다소 축소되어 견인고리가 정상 연결 깊이까지 체결되지 않을 수 있습니다.,SUV
메르세데스 벤츠,GLC 300 4MATIC,2022-09-29,2022-11-11,2023-10-27,4,생산 공정 오류로 인하여 앞 범퍼 견인고리 홀 내부 소켓이 허용 오차를 벗어나 규격에 맞지 않을 수 있습니다. 이로 인하여 홀의 직경이 다소 축소되어 견인고리가 정상 연결 깊이까지 체결되지 않을 수 있습니다.,SUV
기아,모하비(HM),2007-11-16,2013-05-24,2023-11-01,26408,헤드라이닝 고정 브래킷 접착제 도포 불균일로 인해 커튼 에어백 전개시 브래킷이 이탈되어 탑승자에게 상해를 입힐 가능성,SUV
메르세데스 벤츠,AMG GLE 53 4MATIC+,2021-11-29,2022-02-28,2023-11-14,126,연료 펌프 내부 임펠러(impeller)의 내구성이 부족하여 작동 중 변형될 수 있습니다. 이러한 경우 연료 펌프 하우징 내부 벽면에 닿아 연료 펌프가 정상적으로 작동되지 않을 수 있습니다.,SUV
메르세데스 벤츠,AMG GLE 53 4MATIC+ Coupe,2021-07-22,2021-10-27,2023-11-14,74,연료 펌프 내부 임펠러(impeller)의 내구성이 부족하여 작동 중 변형될 수 있습니다. 이러한 경우 연료 펌프 하우징 내부 벽면에 닿아 연료 펌프가 정상적으로 작동되지 않을 수 있습니다.,SUV
메르세데스 벤츠,GLC 300 4MATIC,2023-09-12,2023-09-22,2023-11-24,10,"생산 공정 오류로 인하여 전면, 후면 및 고정식 측면 유리에 사양에 맞지 않은 접착제가 도포되어 접합부의 내구성이 떨어져 유리가 차량의 차체에서 분리될 수 있습니다.",SUV
현대자동차,싼타페 하이브리드(MX5 HEV),2023-11-01,2023-11-18,2023-12-08,396,"일부 차량에서 전방카메라 소프트웨어 설정 오류로 인해 첨단 운전자 보조 시스템(ADAS) 중 전방충돌방지보조(FCA) 기능이 작동되지 않는 상황에서 고장 경고등이 점등되지 않아 ‘자동차 및 자동차 부품의 성능과 기준에 관한 규칙 제 90조 3(비상자동제동장치) 제 2호, 별표 7의 9’ 안전기준에 적합하지 않는 사항이 확인 * 첨단 운전자 보조 시스템(ADAS: Advanced Driver Assistance System) : 차량 외부 환경 및 운전자 상태를 분석하여 주행 및 주차에 대한 시야확보/화면표시/가이드/경고/제어를 해주는 시스템 * 자동차 및 자동차 부품의 성능과 기준에 관한 규칙 제 90조 3(비상자동제동장치) 제 2호, 별표7의9 : 비상제동장치의 제어신호 또는 센서 등의 전기적 고장이 발생한 경우에는 최소한 자동차의 속도가 10km/h 초과한 후부터 10초 이내에는 카목에 따른 기준에 적합한 “기능고장 자동표시기“ 가 점등될것. 또한 고장상태가 지속되는 동안에 원동기를 정지시키고 다시 원동기를 구동시키는 경우에는 카목에 따른 기준에 적합한 “기능고장 자동표시기＂가 즉시 점등될 것.",SUV
기아,카니발(KA4),2023-10-16,2023-11-17,2023-12-20,805,크랭크축 위치 센서로 연결되는 전기배선 커넥터 제조 불량으로 인해 커넥터 접촉불량 발생하여 엔진 경고등이 점등되고 주행 중 시동꺼짐 발생 가능성,MPV/미니밴
기아,카니발(KA4),2023-10-19,2023-11-17,2023-12-20,70,크랭크축 위치 센서로 연결되는 전기배선 커넥터 제조 불량으로 인해 커넥터 접촉불량 발생하여 엔진 경고등이 점등되고 주행 중 시동꺼짐 발생 가능성,MPV/미니밴
메르세데스 벤츠,GLE 350 e 4MATIC,2020-03-27,2023-03-10,2023-12-22,905,자동차 안정성 제어장치(ESP)1소프트웨어 오류로 인하여 특정 조건(예: 우천 시 전기차 모드 주행)에서 브레이크가 정상 작동되지 않을 수 있어 제동거리가 길어질 수 있습니다. 1자동차 안정성 제어장치(ESP): 운전자가 요구하는 자동차 진행 방향과 실제 자동차의 진행 방향을 비교하여 차량의 미끄러짐을 예방하기 위한 제동 토크를 개별적으로 자동조절하여 자동차의 방향 안정성을 향상시키는 장치,SUV
메르세데스 벤츠,GLE 400 e 4MATIC,2022-09-19,2023-10-16,2023-12-22,174,자동차 안정성 제어장치(ESP)1소프트웨어 오류로 인하여 특정 조건(예: 우천 시 전기차 모드 주행)에서 브레이크가 정상 작동되지 않을 수 있어 제동거리가 길어질 수 있습니다. 1자동차 안정성 제어장치(ESP): 운전자가 요구하는 자동차 진행 방향과 실제 자동차의 진행 방향을 비교하여 차량의 미끄러짐을 예방하기 위한 제동 토크를 개별적으로 자동조절하여 자동차의 방향 안정성을 향상시키는 장치,SUV
메르세데스 벤츠,GLE 350 e 4MATIC Coupe,2020-03-25,2023-02-11,2023-12-22,981,자동차 안정성 제어장치(ESP)1소프트웨어 오류로 인하여 특정 조건(예: 우천 시 전기차 모드 주행)에서 브레이크가 정상 작동되지 않을 수 있어 제동거리가 길어질 수 있습니다. 1자동차 안정성 제어장치(ESP): 운전자가 요구하는 자동차 진행 방향과 실제 자동차의 진행 방향을 비교하여 차량의 미끄러짐을 예방하기 위한 제동 토크를 개별적으로 자동조절하여 자동차의 방향 안정성을 향상시키는 장치,SUV
KG 모빌리티,토레스,2022-07-05,2023-12-03,2023-12-28,58103,"전방카메라모듈(FCM) 소프트웨어 설계 미흡으로 운전자가 계기판의 차선이탈경고 메뉴 선택 후 중앙차선유지보조 기능 작동시 운전자가 일정시간 핸들을 잡고 있지 않아 기능이 해제될 경우, 경고음이 5초 이상 발생되어야하나 1초 미만으로 짧게 발생",SUV
메르세데스 벤츠,GLE 450 4MATIC,2022-02-22,2022-02-28,2023-12-29,32,연료 펌프 내부 임펠러(impeller)의 내구성이 부족하여 작동 중 변형될 수 있습니다. 이러한 경우 연료 펌프 하우징 내부 벽면에 닿아 연료 펌프가 정상적으로 작동되지 않을 수 있습니다.,SUV
메르세데스 벤츠,AMG GLE 53 4MATIC+,2021-07-01,2021-12-31,2023-12-29,164,연료 펌프 내부 임펠러(impeller)의 내구성이 부족하여 작동 중 변형될 수 있습니다. 이러한 경우 연료 펌프 하우징 내부 벽면에 닿아 연료 펌프가 정상적으로 작동되지 않을 수 있습니다.,SUV
메르세데스 벤츠,AMG GLE 63 S 4MATIC+,2021-07-16,2022-06-27,2023-12-29,15,연료 펌프 내부 임펠러(impeller)의 내구성이 부족하여 작동 중 변형될 수 있습니다. 이러한 경우 연료 펌프 하우징 내부 벽면에 닿아 연료 펌프가 정상적으로 작동되지 않을 수 있습니다.,SUV
메르세데스 벤츠,Maybach GLS 600 4MATIC,2021-06-03,2022-09-21,2023-12-29,185,연료 펌프 내부 임펠러(impeller)의 내구성이 부족하여 작동 중 변형될 수 있습니다. 이러한 경우 연료 펌프 하우징 내부 벽면에 닿아 연료 펌프가 정상적으로 작동되지 않을 수 있습니다.,SUV
현대자동차,GV70(JK1) EV,2022-02-14,2022-07-04,2024-01-04,909,"G80(RG3) EV, GV70(JK1) EV 일부 차량에서 리어 드라이브샤프트 제조 공정상의 용접불량으로 인해 샤프트 표면 미세균열이 발생하여 주행 중 드라이브샤프트 파손 및 구동력 저하로 사고가 발생할 가능성이 있는 결함",SUV
볼보,XC90,2016-04-21,2023-08-29,2024-01-05,113,국내 수입된 2017~2024년식 XC90 일부 차량에서 2열 좌석 벨트의 버클 및 브라켓이 공급 업체의 부품 조립 공정상 오류로 인해 올바른 토크로 조여지지 않았을 가능성이 확인되었습니다.,SUV
메르세데스 벤츠,GLE 300 d 4MATIC,2021-10-19,2021-11-24,2024-01-05,3,생산 공정 오류로 인하여 운전석 아래의 12V 접지선 연결 볼트가 제대로 조여지지 않았을 수 있습니다. 이러한 경우 접지선의 케이블 터미널이 느슨해져서 전기 저항이 증가할 수 있습니다.,SUV
메르세데스 벤츠,GLE 300 d 4MATIC,2021-02-19,2021-03-10,2024-01-05,3,생산 공정 오류로 인하여 운전석 아래의 12V 접지선 연결 볼트가 제대로 조여지지 않았을 수 있습니다. 이러한 경우 접지선의 케이블 터미널이 느슨해져서 전기 저항이 증가할 수 있습니다.,SUV
메르세데스 벤츠,GLE 450 4MATIC,2021-02-10,2021-10-27,2024-01-05,7,생산 공정 오류로 인하여 운전석 아래의 12V 접지선 연결 볼트가 제대로 조여지지 않았을 수 있습니다. 이러한 경우 접지선의 케이블 터미널이 느슨해져서 전기 저항이 증가할 수 있습니다.,SUV
메르세데스 벤츠,GLE 300 d 4MATIC,2022-01-26,2022-01-26,2024-01-05,1,비상 통신 모듈(eCall)내 가입자 식별 모듈 카드(SIM)의 네트워크 연결이 정상적으로 이루어지지 않을 수 있어 가입자 식별 모듈 카드(SIM)의 인식 오류로 인하여 통신 모듈이 제대로 작동되지 않을 수 있습니다.,SUV
메르세데스 벤츠,GLC 300 4MATIC,2023-01-12,2023-01-12,2024-01-05,1,비상 통신 모듈(eCall)내 가입자 식별 모듈 카드(SIM)의 네트워크 연결이 정상적으로 이루어지지 않을 수 있어 가입자 식별 모듈 카드(SIM)의 인식 오류로 인하여 통신 모듈이 제대로 작동되지 않을 수 있습니다.,SUV
메르세데스 벤츠,GLC 220 d 4MATIC,2022-03-14,2022-03-14,2024-01-05,1,비상 통신 모듈(eCall)내 가입자 식별 모듈 카드(SIM)의 네트워크 연결이 정상적으로 이루어지지 않을 수 있어 가입자 식별 모듈 카드(SIM)의 인식 오류로 인하여 통신 모듈이 제대로 작동되지 않을 수 있습니다.,SUV
메르세데스 벤츠,Mercedes-AMG GLC 43 4MATIC,2022-03-29,2022-03-29,2024-01-05,1,비상 통신 모듈(eCall)내 가입자 식별 모듈 카드(SIM)의 네트워크 연결이 정상적으로 이루어지지 않을 수 있어 가입자 식별 모듈 카드(SIM)의 인식 오류로 인하여 통신 모듈이 제대로 작동되지 않을 수 있습니다.,SUV
혼다코리아,ODYSSEY,2018-07-12,2018-07-19,2024-01-12,49,"엔진 내부 부품인 크랭크샤프트의 제작 결함으로 인해 엔진 작동 중 크랭크샤프트와 연결되어 있는 커넥팅 로드 베어링에 이상 마모가 발생하여 커넥팅 로드 베어링이 손상되거나 고착될 수 있고, 이로 인해 엔진에서 비정상적인 소음이 발생하거나 출력이 감소할 수 있음.",MPV/미니밴
기아,카니발(KA4),2023-11-01,2023-11-01,2024-01-16,1,크랭크축 위치 센서로 연결되는 전기배선 커넥터 제조 불량으로 인해 커넥터 접촉불량 발생하여 엔진 경고등이 점등되고 주행 중 시동꺼짐 발생 가능성,MPV/미니밴
기아,카렌스(RP),2013-03-08,2018-07-23,2024-01-17,18944,LPG 연료펌프 내부 연료공급 차단밸브 제조불량으로 인해 연료공급이 차단되어 주행 중 시동꺼짐 발생 가능성이 있는 결함이 확인되어 제작결함시정을 시행하였으나 (’21. 12. 30 시행) 연료공급 차단밸브 점검 방법 미흡으로 불량을 검출하지 못하여 리콜 조치 이후 주행 중 시동꺼짐 발생 가능성,MPV/미니밴
재규어랜드로버,재규어 I-PACE EV400,2018-01-10,2019-08-22,2024-01-19,139,당사에서 수입한‘재규어 I-PACE EV400’일부 차량에 대하여 고전압배터리에서 열과부하가 발생할 가능성이 확인되어 다음과 같이 시정조치 계획을 본보고하고 시정조치를 하고자 합니다.,SUV
BMW,BMW X5 3.0si,2009-10-30,2010-02-10,2024-02-02,69,"가변밸브타이밍시스템 고정볼트의 품질 불량으로 인해, 시간이 지남에 따라 고정볼트가 느슨해지거나 머리부위가 파손되어 해당 부위에서 오일이 누유될 가능성이 발견되었습니다.",SUV
BMW,BMW X5 xDrive35i,2011-04-02,2011-04-02,2024-02-02,1,"가변밸브타이밍시스템 고정볼트의 품질 불량으로 인해, 시간이 지남에 따라 고정볼트가 느슨해지거나 머리부위가 파손되어 해당 부위에서 오일이 누유될 가능성이 발견되었습니다.",SUV
혼다코리아,CR-V HYBRID,2020-11-09,2022-06-07,2024-02-08,2080,"퓨즈가 장착되지 않은 배터리 케이블이 전방 좌측 프레임 부근의 서브 퓨즈 박스에 연결되어 있어 전방 좌측에 충돌이 발생할 경우, 배터리 케이블이 휀더 사이에 끼어 손상되거나 단락이 발생할 가능성이 있다.",SUV
메르세데스 벤츠,GLE 350 e 4MATIC,2021-08-03,2022-11-23,2024-02-08,14,연료 펌프 내부 임펠러(impeller)의 내구성이 부족하여 작동 중 변형될 수 있습니다. 이러한 경우 연료 펌프 하우징 내부 벽면에 닿아 연료 펌프가 정상적으로 작동되지 않을 수 있습니다.,SUV
메르세데스 벤츠,AMG GLE 53 4MATIC+,2022-03-28,2022-12-22,2024-02-08,421,연료 펌프 내부 임펠러(impeller)의 내구성이 부족하여 작동 중 변형될 수 있습니다. 이러한 경우 연료 펌프 하우징 내부 벽면에 닿아 연료 펌프가 정상적으로 작동되지 않을 수 있습니다.,SUV
메르세데스 벤츠,GLE 350 e 4MATIC Coupe,2021-08-03,2022-11-30,2024-02-08,46,연료 펌프 내부 임펠러(impeller)의 내구성이 부족하여 작동 중 변형될 수 있습니다. 이러한 경우 연료 펌프 하우징 내부 벽면에 닿아 연료 펌프가 정상적으로 작동되지 않을 수 있습니다.,SUV
메르세데스 벤츠,AMG GLE 53 4MATIC+ Coupe,2022-03-06,2022-12-20,2024-02-08,185,연료 펌프 내부 임펠러(impeller)의 내구성이 부족하여 작동 중 변형될 수 있습니다. 이러한 경우 연료 펌프 하우징 내부 벽면에 닿아 연료 펌프가 정상적으로 작동되지 않을 수 있습니다.,SUV
메르세데스 벤츠,AMG GLE 63 S 4MATIC+,2022-10-03,2022-11-28,2024-02-08,46,연료 펌프 내부 임펠러(impeller)의 내구성이 부족하여 작동 중 변형될 수 있습니다. 이러한 경우 연료 펌프 하우징 내부 벽면에 닿아 연료 펌프가 정상적으로 작동되지 않을 수 있습니다.,SUV
메르세데스 벤츠,GLS 580 4MATIC,2021-08-26,2022-12-23,2024-02-08,302,연료 펌프 내부 임펠러(impeller)의 내구성이 부족하여 작동 중 변형될 수 있습니다. 이러한 경우 연료 펌프 하우징 내부 벽면에 닿아 연료 펌프가 정상적으로 작동되지 않을 수 있습니다.,SUV
메르세데스 벤츠,Maybach GLS 600 4MATIC,2022-10-01,2022-11-30,2024-02-08,319,연료 펌프 내부 임펠러(impeller)의 내구성이 부족하여 작동 중 변형될 수 있습니다. 이러한 경우 연료 펌프 하우징 내부 벽면에 닿아 연료 펌프가 정상적으로 작동되지 않을 수 있습니다.,SUV
메르세데스 벤츠,GLC 300 e 4MATIC,2022-09-05,2022-12-17,2024-02-08,55,연료 펌프 내부 임펠러(impeller)의 내구성이 부족하여 작동 중 변형될 수 있습니다. 이러한 경우 연료 펌프 하우징 내부 벽면에 닿아 연료 펌프가 정상적으로 작동되지 않을 수 있습니다.,SUV
메르세데스 벤츠,AMG GLC 43 4MATIC,2022-09-16,2022-12-16,2024-02-08,137,연료 펌프 내부 임펠러(impeller)의 내구성이 부족하여 작동 중 변형될 수 있습니다. 이러한 경우 연료 펌프 하우징 내부 벽면에 닿아 연료 펌프가 정상적으로 작동되지 않을 수 있습니다.,SUV
메르세데스 벤츠,GLC 300 4MATIC,2022-09-02,2022-12-22,2024-02-08,1062,연료 펌프 내부 임펠러(impeller)의 내구성이 부족하여 작동 중 변형될 수 있습니다. 이러한 경우 연료 펌프 하우징 내부 벽면에 닿아 연료 펌프가 정상적으로 작동되지 않을 수 있습니다.,SUV
현대자동차,코나(SX2),2022-12-23,2023-12-22,2024-02-15,18664,코나(SX2) 가솔린 1.6T 엔진 사양 일부 수출 차량에서 차량 전면 충돌 시 와이어링 보호재 설계 미흡으로 엔진룸 정션박스 배터리 와이어링이 차체 브라켓에 의해 손상되어 단락으로 인한 화재가 발생할 가능성이 있는 결함,SUV
기아,니로 EV (SG2 EV),2023-07-04,2023-07-10,2024-02-21,92,니로 EV (SG2 EV) 일부 차량에서 프론트 드라이브 샤프트 열처리 제조 불량으로 인해 내구성 부족으로 주행중 드라이브 샤프트가 손상되어 구동력 저하로 차량이 멈춰 안전에 지장을 줄 가능성,SUV
메르세데스 벤츠,GLC 300 4MATIC Coupe,2018-06-14,2019-07-15,2024-02-23,4076,자동차 안전기준 제115조 위반 (자기 인증 시 제원 통보를 잘못하여 길이 및 너비 수치가 실차 제원과 상이),SUV
BMW,BMW X5 xDrive40i,2023-06-09,2023-06-09,2024-03-05,1,제조 과정에서 통합제동장치에 장착된 서보모터 위치센서에 이물질이 유입되었을 가능성이 확인되었습니다.,SUV
BMW,BMW X5 xDrive50e,2023-03-29,2023-07-28,2024-03-05,286,제조 과정에서 통합제동장치에 장착된 서보모터 위치센서에 이물질이 유입되었을 가능성이 확인되었습니다.,SUV
BMW,BMW X7 M60i xDrive,2022-07-15,2023-07-21,2024-03-05,213,제조 과정에서 통합제동장치에 장착된 서보모터 위치센서에 이물질이 유입되었을 가능성이 확인되었습니다.,SUV
BMW,BMW X7 M60i xDrive,2022-08-22,2023-04-28,2024-03-05,2,제조 과정에서 통합제동장치에 장착된 서보모터 위치센서에 이물질이 유입되었을 가능성이 확인되었습니다.,SUV
BMW,BMW X7 xDrive40d,2022-07-20,2023-07-26,2024-03-05,794,제조 과정에서 통합제동장치에 장착된 서보모터 위치센서에 이물질이 유입되었을 가능성이 확인되었습니다.,SUV
BMW,BMW X7 xDrive40i,2022-07-15,2023-08-02,2024-03-05,2333,제조 과정에서 통합제동장치에 장착된 서보모터 위치센서에 이물질이 유입되었을 가능성이 확인되었습니다.,SUV
BMW,BMW X7 xDrive40i,2022-10-04,2023-06-29,2024-03-05,2,제조 과정에서 통합제동장치에 장착된 서보모터 위치센서에 이물질이 유입되었을 가능성이 확인되었습니다.,SUV
BMW,BMW X5 M Competition,2023-03-22,2023-07-19,2024-03-05,19,제조 과정에서 통합제동장치에 장착된 서보모터 위치센서에 이물질이 유입되었을 가능성이 확인되었습니다.,SUV
BMW,BMW X5 M60i xDrive,2023-03-29,2023-07-18,2024-03-05,70,제조 과정에서 통합제동장치에 장착된 서보모터 위치센서에 이물질이 유입되었을 가능성이 확인되었습니다.,SUV
BMW,BMW X5 xDrive30d,2023-02-28,2023-07-26,2024-03-05,240,제조 과정에서 통합제동장치에 장착된 서보모터 위치센서에 이물질이 유입되었을 가능성이 확인되었습니다.,SUV
BMW,BMW X5 xDrive40i,2023-02-23,2023-07-31,2024-03-05,824,제조 과정에서 통합제동장치에 장착된 서보모터 위치센서에 이물질이 유입되었을 가능성이 확인되었습니다.,SUV
BMW,BMW X5 xDrive40i,2023-03-09,2023-03-09,2024-03-14,2,"변속기 하우징에 부착된 변속기 모듈과, 모듈 내 변속기 컨트롤 유닛 사이의 용접이 부정확하게 되어 변속기 오일이 변속기 컨트롤 유닛으로 유입될 가능성이 발견되었습니다.",SUV
현대자동차,제네시스 GV70(JK) EV,2022-02-11,2024-03-04,2024-03-18,5296,"현대자동차㈜에서는 아이오닉5(NE), 아이오닉6(CE), 제네시스 GV60(JW), GV70(JK) EV, G80(RG3) EV 일부 차량에서 통합충전제어장치(ICCU) 소프트웨어 설계 미흡으로 인해 전압 변환기능 고장으로 저전압 배터리가 충전 불가한 상황이 발생하여 주행중 단계적 속도제한 및 지속 주행시 차량이 멈출 가능성이 있는 결함이 확인되어 제작결함시정을 하고자 함 ※ 통합충전제어장치(ICCU) : 고전압/저전압 배터리의 전원 공급을 관리하는 장치",SUV
KG 모빌리티,토레스EVX,2023-10-05,2024-03-16,2024-03-26,4805,"차량 조립과정에서 전자식 조향제어시스템 내 토크센서 설정값이 변화되어 전방카메라 모듈이 핸즈 오프(hands-off)를 판단하는 신호를 늦게 감지하여 운전자가 중앙차선유지보조 기능 작동 중 조향핸들에서 손을 떼고 나서 지속적으로 조향핸들을 잡고 있지 않는 경우, 조향핸들을 잡도록 유도하는 시각경고신호가 15초를 초과하여 표시되어 안전기준 부적합",SUV
포드,"2020-2022년식 Explorer PHEV, FHEV",2019-12-02,2022-05-18,2024-03-29,469,"일부 2020-2022년식 Explorer PHEV, FHEV 차량의 후륜 차동기어* 후방 고정 볼트 부싱*의 내구성 (충격 흡수 용량) 부족으로 높은 부하가 발생되는 급가속 및 급감속 시에 볼트가 손상되어 후륜 차동기어 본체가 심하게 움직이며 고정되어 있는 구동축들이 분리될 가능성이 있습니다. 이런 경우 주차 시 차량이 의도치 않게 움직이거나 주행 중 동력이 차단되며 사고가 발생할 가능성이 있습니다. *후륜 차동기어: 트랜스미션으로 부터 전달 받은 동력을 양쪽 후륜으로 분배하는 장치. 흔히 후륜 액슬이라 불려집니다. *부싱: 주로 차량의 서스펜션 장치에 노면 충격 흡수, 핸들링 반응 정확성 등 다양한 효과를 목적으로 장착되는 고무, 우레탄 등의 재질로 된 부품입니다. *해당 결함 시정 조치의 배경: 2022년 7월 13일 시행된 리콜번호 2022RIV191과 2023년 3월 기술 정보로 제출한 무상수리 22N06과 관련하여 추가적인 조치 결정으로 발행된 시정 조치 입니다.",SUV
메르세데스 벤츠,GLE 300 d 4MATIC,2023-05-09,2023-05-09,2024-03-29,2,생산 공정 오류로 인해 가속 페달 브라켓의 용접이 정상적으로 작업되지 않았을 수 있습니다. 주행 중 가속 페달 브라켓이 시간이 지남에 따라 변형될 수 있어 가속 페달 모듈이 브라켓으로부터 분리될 수 있습니다.,SUV
메르세데스 벤츠,GLE 450 4MATIC,2023-05-04,2023-05-12,2024-03-29,12,생산 공정 오류로 인해 가속 페달 브라켓의 용접이 정상적으로 작업되지 않았을 수 있습니다. 주행 중 가속 페달 브라켓이 시간이 지남에 따라 변형될 수 있어 가속 페달 모듈이 브라켓으로부터 분리될 수 있습니다.,SUV
메르세데스 벤츠,GLE 450 d 4MATIC Coupe,2023-05-03,2023-05-10,2024-03-29,143,생산 공정 오류로 인해 가속 페달 브라켓의 용접이 정상적으로 작업되지 않았을 수 있습니다. 주행 중 가속 페달 브라켓이 시간이 지남에 따라 변형될 수 있어 가속 페달 모듈이 브라켓으로부터 분리될 수 있습니다.,SUV
메르세데스 벤츠,GLE 450 4MATIC,2018-08-01,2023-05-01,2024-03-29,8056,"변속기 컨트롤 유닛 소프트웨어 오류로 인하여 차량 감속을 위한 제동 중에 변속기가 7단에서 6단으로 변속이 완전히 완료되지 않은 상황에서 여러가지 조건(변속 중단, 낮은 변속기 오일 온도, 48V 스타터-알터네이터에 의한 회생 제동)이 동시 발생할 경우, 엔진이 정지될 수 있습니다.",SUV
메르세데스 벤츠,GLS 450 4MATIC,2021-02-18,2022-10-25,2024-03-29,2,"변속기 컨트롤 유닛 소프트웨어 오류로 인하여 차량 감속을 위한 제동 중에 변속기가 7단에서 6단으로 변속이 완전히 완료되지 않은 상황에서 여러가지 조건(변속 중단, 낮은 변속기 오일 온도, 48V 스타터-알터네이터에 의한 회생 제동)이 동시 발생할 경우, 엔진이 정지될 수 있습니다.",SUV
메르세데스 벤츠,GLC 220 d 4MATIC,2023-03-30,2023-08-31,2024-04-05,822,"공급 업체의 생산 공정 오류로 인하여 제작 과정에서 80 A 퓨즈가 손상되었을 수 있습니다. 이로 인해 작동 중 퓨즈 연결이 끊어질 수 있고, 손상된 부위로 인해 저항이 증가할 수 있습니다.",SUV
메르세데스 벤츠,GLC 300 4MATIC,2023-05-11,2023-10-06,2024-04-05,1896,"공급 업체의 생산 공정 오류로 인하여 제작 과정에서 80 A 퓨즈가 손상되었을 수 있습니다. 이로 인해 작동 중 퓨즈 연결이 끊어질 수 있고, 손상된 부위로 인해 저항이 증가할 수 있습니다.",SUV
메르세데스 벤츠,Mercedes-AMG GLC 43 4MATIC+,2023-06-06,2023-06-06,2024-04-05,1,"공급 업체의 생산 공정 오류로 인하여 제작 과정에서 80 A 퓨즈가 손상되었을 수 있습니다. 이로 인해 작동 중 퓨즈 연결이 끊어질 수 있고, 손상된 부위로 인해 저항이 증가할 수 있습니다.",SUV
혼다코리아,CR-V 2WD,2020-07-09,2021-06-06,2024-04-05,291,조수석 좌석 중량 센서 회로 기판에 품질이 좋지 않은 재료가 사용되어 제작 과정에서 균열이 발생할 수 있고 차량 사용 중 습도 등의 환경요인으로 인해 수분이 균열 부분에 침투되면 단락 또는 고장이 발생될 수 있다.,SUV
혼다코리아,CR-V 4WD,2020-07-13,2020-07-30,2024-04-05,130,조수석 좌석 중량 센서 회로 기판에 품질이 좋지 않은 재료가 사용되어 제작 과정에서 균열이 발생할 수 있고 차량 사용 중 습도 등의 환경요인으로 인해 수분이 균열 부분에 침투되면 단락 또는 고장이 발생될 수 있다.,SUV
혼다코리아,CR-V HYBRID,2020-11-09,2020-12-11,2024-04-05,169,조수석 좌석 중량 센서 회로 기판에 품질이 좋지 않은 재료가 사용되어 제작 과정에서 균열이 발생할 수 있고 차량 사용 중 습도 등의 환경요인으로 인해 수분이 균열 부분에 침투되면 단락 또는 고장이 발생될 수 있다.,SUV
혼다코리아,ODYSSEY,2020-11-30,2021-05-20,2024-04-05,153,조수석 좌석 중량 센서 회로 기판에 품질이 좋지 않은 재료가 사용되어 제작 과정에서 균열이 발생할 수 있고 차량 사용 중 습도 등의 환경요인으로 인해 수분이 균열 부분에 침투되면 단락 또는 고장이 발생될 수 있다.,MPV/미니밴
메르세데스 벤츠,EQB 300 4MATIC,2021-10-02,2021-10-28,2024-04-12,3,에어백 컨트롤 유닛 소프트웨어 오류로 인하여 사고 발생 시 파워트레인 컨트롤 유닛에서 전송되는 가속 페달 변위량 데이터가 에어백 컨트롤 유닛 내 사고기록장치(EDR)에 저장되지 않을 수 있습니다.,SUV
현대자동차,싼타페(MX5),2023-10-28,2024-01-11,2024-04-19,1247,일부 차량에서 2열 시트 용접 제조불량으로 시트가 완전 고정되지 않아 차량 충돌 발생 시 시트가 비정상 거동되어 안전에 지장을 줄 가능성이 있는 결함,SUV
현대자동차,싼타페 하이브리드(MX5 HEV),2023-10-28,2024-01-05,2024-04-19,5221,일부 차량에서 2열 시트 용접 제조불량으로 시트가 완전 고정되지 않아 차량 충돌 발생 시 시트가 비정상 거동되어 안전에 지장을 줄 가능성이 있는 결함,SUV
현대자동차,GV80(JX1),2024-02-29,2024-03-18,2024-04-19,185,일부 차량에서 전륜 어퍼암 조립 볼트의 열처리 제조 불량으로 인해 주행 중 어퍼암 조립 볼트 파손되어 조향 안전성에 지장을 줄 가능성이 있는 결함,SUV
메르세데스 벤츠,GLE 450 4MATIC,2022-09-02,2022-12-23,2024-04-19,631,연료 펌프 내부 임펠러(impeller)의 내구성이 부족하여 작동 중 변형될 수 있습니다. 이러한 경우 연료 펌프 하우징 내부 벽면에 닿아 연료 펌프가 정상적으로 작동되지 않을 수 있습니다.,SUV
메르세데스 벤츠,Mercedes-AMG GLE 53 4MATIC+,2022-03-01,2022-09-08,2024-04-19,45,연료 펌프 내부 임펠러(impeller)의 내구성이 부족하여 작동 중 변형될 수 있습니다. 이러한 경우 연료 펌프 하우징 내부 벽면에 닿아 연료 펌프가 정상적으로 작동되지 않을 수 있습니다.,SUV
메르세데스 벤츠,GLS 580 4MATIC,2022-05-12,2022-05-30,2024-04-19,4,연료 펌프 내부 임펠러(impeller)의 내구성이 부족하여 작동 중 변형될 수 있습니다. 이러한 경우 연료 펌프 하우징 내부 벽면에 닿아 연료 펌프가 정상적으로 작동되지 않을 수 있습니다.,SUV
메르세데스 벤츠,Maybach GLS 600 4MATIC,2022-06-25,2022-09-30,2024-04-19,151,연료 펌프 내부 임펠러(impeller)의 내구성이 부족하여 작동 중 변형될 수 있습니다. 이러한 경우 연료 펌프 하우징 내부 벽면에 닿아 연료 펌프가 정상적으로 작동되지 않을 수 있습니다.,SUV
기아,니로EV(SG2 EV),2023-05-12,2023-05-20,2024-04-25,3,모터 감속기 차동기어의 고정볼트 불완전 체결 제조 불량으로 인해 주행 중 고정볼트가 풀릴 경우 감속기 소음 발생 및 차량 주행 불가 가능성,SUV
현대자동차,코나 EV (SX2 EV),2023-06-09,2023-06-09,2024-04-25,2,모터 감속기 내 차동기어의 고정볼트 불완전 체결 제조불량으로 인해 주행 중 고정볼트가 풀릴 경우 감속기 소음 발생 및 차량 주행 불가 가능성,SUV
기아,니로 하이브리드 (DE HEV),2019-03-08,2019-11-28,2024-05-02,7262,니로 하이브리드 (DE HEV) 및 니로 플러그인 하이브리드 (DE PHEV) 일부 차량에서 바이펑션 전조등(할로겐 타입) 내구성 부족으로 주행빔(상향등) 상태가 고정되어 야간 주행 시 맞은편 주행차량 운전자의 눈부심을 유발하여 안전운행에 지장을 줄 가능성,SUV
기아,니로 플러그인하이브리드 (DE PHEV),2019-03-25,2019-10-21,2024-05-02,25,니로 하이브리드 (DE HEV) 및 니로 플러그인 하이브리드 (DE PHEV) 일부 차량에서 바이펑션 전조등(할로겐 타입) 내구성 부족으로 주행빔(상향등) 상태가 고정되어 야간 주행 시 맞은편 주행차량 운전자의 눈부심을 유발하여 안전운행에 지장을 줄 가능성,SUV
메르세데스 벤츠,GLC 300 4MATIC,2023-03-28,2023-03-28,2024-05-03,1,"공급 업체의 생산 공정 오류로 인하여 제작 과정에서 80 A 퓨즈가 손상되었을 수 있습니다. 이로 인해 작동 중 퓨즈 연결이 끊어질 수 있고, 손상된 부위로 인해 저항이 증가할 수 있습니다.",SUV
메르세데스 벤츠,GLE 300 d 4MATIC,2021-10-11,2022-12-22,2024-05-03,1816,생산 공정 오류로 인하여 조수석 시트 아래의 48V 접지 연결 볼트가 정확히 고정되지 않았을 수 있습니다. 이러한 경우 연결 단자와 볼트의 닿는 면적이 줄어들어 전기 저항이 증가할 수 있습니다.,SUV
메르세데스 벤츠,GLE 450 4MATIC,2018-08-01,2022-12-23,2024-05-03,6724,생산 공정 오류로 인하여 조수석 시트 아래의 48V 접지 연결 볼트가 정확히 고정되지 않았을 수 있습니다. 이러한 경우 연결 단자와 볼트의 닿는 면적이 줄어들어 전기 저항이 증가할 수 있습니다.,SUV
메르세데스 벤츠,Mercedes-AMG GLE 53 4MATIC+,2019-10-15,2022-12-22,2024-05-03,1174,생산 공정 오류로 인하여 조수석 시트 아래의 48V 접지 연결 볼트가 정확히 고정되지 않았을 수 있습니다. 이러한 경우 연결 단자와 볼트의 닿는 면적이 줄어들어 전기 저항이 증가할 수 있습니다.,SUV
메르세데스 벤츠,GLE 350 d 4MATIC,2019-10-04,2019-10-04,2024-05-03,1,생산 공정 오류로 인하여 조수석 시트 아래의 48V 접지 연결 볼트가 정확히 고정되지 않았을 수 있습니다. 이러한 경우 연결 단자와 볼트의 닿는 면적이 줄어들어 전기 저항이 증가할 수 있습니다.,SUV
메르세데스 벤츠,GLE 400 d 4MATIC Coupe,2019-10-24,2023-01-04,2024-05-03,7,생산 공정 오류로 인하여 조수석 시트 아래의 48V 접지 연결 볼트가 정확히 고정되지 않았을 수 있습니다. 이러한 경우 연결 단자와 볼트의 닿는 면적이 줄어들어 전기 저항이 증가할 수 있습니다.,SUV
메르세데스 벤츠,GLE 450 d 4MATIC Coupe,2022-10-05,2022-12-20,2024-05-03,4,생산 공정 오류로 인하여 조수석 시트 아래의 48V 접지 연결 볼트가 정확히 고정되지 않았을 수 있습니다. 이러한 경우 연결 단자와 볼트의 닿는 면적이 줄어들어 전기 저항이 증가할 수 있습니다.,SUV
메르세데스 벤츠,Mercedes-AMG GLE 53 4MATIC+ Coupe,2019-11-03,2022-12-20,2024-05-03,779,생산 공정 오류로 인하여 조수석 시트 아래의 48V 접지 연결 볼트가 정확히 고정되지 않았을 수 있습니다. 이러한 경우 연결 단자와 볼트의 닿는 면적이 줄어들어 전기 저항이 증가할 수 있습니다.,SUV
메르세데스 벤츠,Mercedes-AMG GLE 63 S 4MATIC+,2019-12-18,2022-12-21,2024-05-03,122,생산 공정 오류로 인하여 조수석 시트 아래의 48V 접지 연결 볼트가 정확히 고정되지 않았을 수 있습니다. 이러한 경우 연결 단자와 볼트의 닿는 면적이 줄어들어 전기 저항이 증가할 수 있습니다.,SUV
메르세데스 벤츠,GLS 400 d 4MATIC,2019-01-14,2021-10-16,2024-05-03,5,생산 공정 오류로 인하여 조수석 시트 아래의 48V 접지 연결 볼트가 정확히 고정되지 않았을 수 있습니다. 이러한 경우 연결 단자와 볼트의 닿는 면적이 줄어들어 전기 저항이 증가할 수 있습니다.,SUV
메르세데스 벤츠,GLS 450 4MATIC,2021-02-18,2022-10-25,2024-05-03,2,생산 공정 오류로 인하여 조수석 시트 아래의 48V 접지 연결 볼트가 정확히 고정되지 않았을 수 있습니다. 이러한 경우 연결 단자와 볼트의 닿는 면적이 줄어들어 전기 저항이 증가할 수 있습니다.,SUV
메르세데스 벤츠,GLS 580 4MATIC,2020-03-07,2022-12-23,2024-05-03,1023,생산 공정 오류로 인하여 조수석 시트 아래의 48V 접지 연결 볼트가 정확히 고정되지 않았을 수 있습니다. 이러한 경우 연결 단자와 볼트의 닿는 면적이 줄어들어 전기 저항이 증가할 수 있습니다.,SUV
메르세데스 벤츠,Mercedes-Maybach GLS 600 4MATIC,2020-05-08,2022-12-27,2024-05-03,972,생산 공정 오류로 인하여 조수석 시트 아래의 48V 접지 연결 볼트가 정확히 고정되지 않았을 수 있습니다. 이러한 경우 연결 단자와 볼트의 닿는 면적이 줄어들어 전기 저항이 증가할 수 있습니다.,SUV
메르세데스 벤츠,GLE 300 d 4MATIC,2019-01-25,2020-09-24,2024-05-03,1761,계기반의 소프트웨어 오류로 인하여 계기반의 뒷면 안개등 식별표시가 법적 요구 사항을 만족하지 못할 수 있습니다.,SUV
메르세데스 벤츠,GLE 350 4MATIC,2019-04-11,2019-11-15,2024-05-03,3,계기반의 소프트웨어 오류로 인하여 계기반의 뒷면 안개등 식별표시가 법적 요구 사항을 만족하지 못할 수 있습니다.,SUV
메르세데스 벤츠,GLE 450 4MATIC,2019-02-20,2020-09-24,2024-05-03,3327,계기반의 소프트웨어 오류로 인하여 계기반의 뒷면 안개등 식별표시가 법적 요구 사항을 만족하지 못할 수 있습니다.,SUV
메르세데스 벤츠,Mercedes-AMG GLE 53 4MATIC+,2019-10-17,2020-06-19,2024-05-03,2,계기반의 소프트웨어 오류로 인하여 계기반의 뒷면 안개등 식별표시가 법적 요구 사항을 만족하지 못할 수 있습니다.,SUV
메르세데스 벤츠,GLE 400 d 4MATIC Coupe,2019-07-23,2020-10-24,2024-05-03,255,계기반의 소프트웨어 오류로 인하여 계기반의 뒷면 안개등 식별표시가 법적 요구 사항을 만족하지 못할 수 있습니다.,SUV
메르세데스 벤츠,Mercedes-AMG GLE 53 4MATIC+ Coupe,2019-11-03,2020-02-20,2024-05-03,3,계기반의 소프트웨어 오류로 인하여 계기반의 뒷면 안개등 식별표시가 법적 요구 사항을 만족하지 못할 수 있습니다.,SUV
메르세데스 벤츠,Mercedes-AMG GLE 63 S 4MATIC+,2019-11-04,2019-12-18,2024-05-03,2,계기반의 소프트웨어 오류로 인하여 계기반의 뒷면 안개등 식별표시가 법적 요구 사항을 만족하지 못할 수 있습니다.,SUV
메르세데스 벤츠,GLS 400 d 4MATIC,2019-10-20,2020-09-14,2024-05-03,305,계기반의 소프트웨어 오류로 인하여 계기반의 뒷면 안개등 식별표시가 법적 요구 사항을 만족하지 못할 수 있습니다.,SUV
메르세데스 벤츠,GLS 580 4MATIC,2019-07-15,2020-09-26,2024-05-03,160,계기반의 소프트웨어 오류로 인하여 계기반의 뒷면 안개등 식별표시가 법적 요구 사항을 만족하지 못할 수 있습니다.,SUV
메르세데스 벤츠,Maybach GLS 600 4MATIC,2020-05-08,2020-05-08,2024-05-03,1,계기반의 소프트웨어 오류로 인하여 계기반의 뒷면 안개등 식별표시가 법적 요구 사항을 만족하지 못할 수 있습니다.,SUV
메르세데스 벤츠,GLB 220,2019-07-10,2020-09-28,2024-05-03,604,계기반의 소프트웨어 오류로 인하여 계기반의 뒷면 안개등 식별표시가 법적 요구 사항을 만족하지 못할 수 있습니다.,SUV
메르세데스 벤츠,GLB 250 4MATIC,2019-05-16,2020-10-13,2024-05-03,1131,계기반의 소프트웨어 오류로 인하여 계기반의 뒷면 안개등 식별표시가 법적 요구 사항을 만족하지 못할 수 있습니다.,SUV
메르세데스 벤츠,Mercedes-AMG GLB 35 4MATIC,2020-03-30,2020-06-09,2024-05-03,2,계기반의 소프트웨어 오류로 인하여 계기반의 뒷면 안개등 식별표시가 법적 요구 사항을 만족하지 못할 수 있습니다.,SUV
기아,니로 하이브리드 (DE HEV),2016-03-21,2021-12-22,2024-05-07,110185,"니로 하이브리드(DE HEV), 니로 플러그인하이브리드(DE PHEV) 일부 차량의 제조 과정에서 유압식 엔진 클러치 액츄에이터(HCA)의 내부 이물 유입으로 인해 회로기판이 단락되어 화재 발생 가능성",SUV
기아,니로 플러그인하이브리드 (DE PHEV),2017-04-25,2020-06-29,2024-05-07,1122,"니로 하이브리드(DE HEV), 니로 플러그인하이브리드(DE PHEV) 일부 차량의 제조 과정에서 유압식 엔진 클러치 액츄에이터(HCA)의 내부 이물 유입으로 인해 회로기판이 단락되어 화재 발생 가능성",SUV
BMW,X5 xDrive50e,2023-03-29,2023-05-15,2024-05-09,53,생산 과정의 오류로 인해 변속기 및 모터 제어 유닛의 전원 공급 배선이 부정확하게 고정되었을 가능성이 확인되었습니다.,SUV
현대자동차,코나(SX2),2024-01-16,2024-02-05,2024-05-13,48,"아반떼(CN7), 캐스퍼(AX1), 베뉴(QX), 쏘나타(DN8), 코나(SX2) 가솔린 1.0/1.6/2.0L MPI엔진이 장착된 일부 차량에서 배기가스 재순환장치 밸브(EGR 밸브) 제조 불량",SUV
르노코리아,XM3,2019-12-17,2023-12-07,2024-05-17,37808,"XM3 일부 차량에서 연료공급호스와 호스를 엔진에 고정하는 클립이 엔진 진동에 의한 간섭(설계불량)으로 마모될 수 있고, 심할 경우 연료공급호스가 손상될 가능성이 있음",SUV
현대자동차,더 뉴 팰리세이드(LX2 PE),2023-08-23,2023-09-19,2024-05-24,200,더 뉴 팰리세이드(LX2 PE) 가솔린 3.8L GDI 엔진 장착 일부 차량에서 밸브 스프링 제조 과정에서의 금형 손상에 의한 밸브 스프링의 표면 결함 발생,SUV
현대자동차,싼타페 하이브리드(MX5 HEV),2023-09-21,2024-02-26,2024-05-24,27516,현대자동차㈜에서는 싼타페 하이브리드(MX5 HEV) 일부 차량에서 배터리제어시스템(BMS) 소프트웨어 설계 미흡으로 인해 충돌 직후 일시적으로 고전압 전력을 차단하지 못해 고전압전력차단장치(PRA) 단락에 의한 전류 노출로 화재 가능성이 있는 결함이 확인되어 제작결함시정을 하고자 함.,SUV
기아,카렌스(UN),2009-10-19,2012-12-06,2024-05-29,179,전자제어유압장치(HECU) 내부 회로 기판의 전기적 합선에 의한 엔진룸 소손 발생 가능성,MPV/미니밴
기아,카렌스(UN),2009-09-19,2012-12-14,2024-05-29,6831,전자제어유압장치(HECU) 내부 회로 기판의 전기적 합선에 의한 엔진룸 소손 발생 가능성,MPV/미니밴
현대자동차,그랜드스타렉스(TQ),2015-07-31,2020-12-30,2024-05-30,116745,일부 차량에서 냉각수호스 설계 오류로 디젤입자정화기(DPF) 발열에 의해 냉각수 호스가 손상되고 이로 인해 누출된 냉각수가 디젤입자정화기(DPF)에 닿는 경우 화재 발생 가능성이 있는 결함,MPV/미니밴
현대자동차,투싼 수소연료전지(LMFC),2013-11-29,2014-06-11,2024-05-30,6,일부 차량에 전자제어유압장치(HECU) 내부 밀폐성능 저하 등으로 내부 회로 기판의 전기적 합선에 의한 엔진룸 소손이 발생할 가능성이 있는 결함,SUV
기아,카니발 (YP),2019-01-03,2020-07-17,2024-06-03,64057,디젤 엔진이 장착된 일부 차량에서 오일 필터 제조 불량으로 인해 오일 온도 센서가 오일 필터에서 이탈되어 엔진오일이 누유되는 경우 시동꺼짐 발생 가능성,MPV/미니밴
기아,카니발 (YP),2019-01-04,2020-07-08,2024-06-03,7214,디젤 엔진이 장착된 일부 차량에서 오일 필터 제조 불량으로 인해 오일 온도 센서가 오일 필터에서 이탈되어 엔진오일이 누유되는 경우 시동꺼짐 발생 가능성,MPV/미니밴
메르세데스 벤츠,GLE 450 4MATIC,2019-05-31,2019-06-14,2024-06-05,4,계기반의 소프트웨어 오류로 인하여 계기반의 뒷면 안개등 식별표시가 법적 요구 사항을 만족하지 못할 수 있습니다.,SUV
BMW,BMW X5 M Competition,2024-04-16,2024-04-16,2024-06-05,2,생산 공정 오류로 앞 좌석(운전석 및 조수석)안전띠 버클에 ‘좌석안전띠 경고장치 센서’의 회로기판이 구부러진 상태로 조립되었을 가능성이 확인되었습니다.,SUV
BMW,BMW X5 M60i xDrive,2024-04-08,2024-04-19,2024-06-05,12,생산 공정 오류로 앞 좌석(운전석 및 조수석)안전띠 버클에 ‘좌석안전띠 경고장치 센서’의 회로기판이 구부러진 상태로 조립되었을 가능성이 확인되었습니다.,SUV
BMW,BMW X5 xDrive30d,2024-04-08,2024-04-13,2024-06-05,13,생산 공정 오류로 앞 좌석(운전석 및 조수석)안전띠 버클에 ‘좌석안전띠 경고장치 센서’의 회로기판이 구부러진 상태로 조립되었을 가능성이 확인되었습니다.,SUV
BMW,BMW X5 xDrive40d,2024-04-19,2024-04-19,2024-06-05,2,생산 공정 오류로 앞 좌석(운전석 및 조수석)안전띠 버클에 ‘좌석안전띠 경고장치 센서’의 회로기판이 구부러진 상태로 조립되었을 가능성이 확인되었습니다.,SUV
BMW,BMW X5 xDrive40i,2024-04-08,2024-04-20,2024-06-05,91,생산 공정 오류로 앞 좌석(운전석 및 조수석)안전띠 버클에 ‘좌석안전띠 경고장치 센서’의 회로기판이 구부러진 상태로 조립되었을 가능성이 확인되었습니다.,SUV
BMW,BMW X5 xDrive40i,2024-04-05,2024-04-12,2024-06-05,2,생산 공정 오류로 앞 좌석(운전석 및 조수석)안전띠 버클에 ‘좌석안전띠 경고장치 센서’의 회로기판이 구부러진 상태로 조립되었을 가능성이 확인되었습니다.,SUV
BMW,BMW X5 xDrive50e,2024-04-19,2024-04-19,2024-06-05,1,생산 공정 오류로 앞 좌석(운전석 및 조수석)안전띠 버클에 ‘좌석안전띠 경고장치 센서’의 회로기판이 구부러진 상태로 조립되었을 가능성이 확인되었습니다.,SUV
BMW,BMW X7 M60i xDrive,2024-04-09,2024-04-19,2024-06-05,14,생산 공정 오류로 앞 좌석(운전석 및 조수석)안전띠 버클에 ‘좌석안전띠 경고장치 센서’의 회로기판이 구부러진 상태로 조립되었을 가능성이 확인되었습니다.,SUV
BMW,BMW X7 xDrive40d,2024-04-09,2024-04-17,2024-06-05,26,생산 공정 오류로 앞 좌석(운전석 및 조수석)안전띠 버클에 ‘좌석안전띠 경고장치 센서’의 회로기판이 구부러진 상태로 조립되었을 가능성이 확인되었습니다.,SUV
BMW,BMW X7 xDrive40i,2024-04-08,2024-04-19,2024-06-05,59,생산 공정 오류로 앞 좌석(운전석 및 조수석)안전띠 버클에 ‘좌석안전띠 경고장치 센서’의 회로기판이 구부러진 상태로 조립되었을 가능성이 확인되었습니다.,SUV
토요타,토요타 시에나 하이브리드 2WD,2020-12-09,2021-02-26,2024-06-13,167,"조수석 승객감지 센서의 내부 회로기판 제조 불량으로 회로에 균열이 발생하여 수분이 유입되어 단락이 발생할 가능성이 있으며, 이 경우 미국 연방 자동차안전기준「FMVSS208(승객보호요건)*」의 규정을 만족하지 않을 수 있음. *FMVSS208(승객보호요건): 조수석 승객감지 센서가 장착되어 조수석 승객 하중에 따른 에어백 전개제어가 되어야 함.",MPV/미니밴
토요타,토요타 시에나 하이브리드 AWD,2020-12-09,2021-03-01,2024-06-13,160,"조수석 승객감지 센서의 내부 회로기판 제조 불량으로 회로에 균열이 발생하여 수분이 유입되어 단락이 발생할 가능성이 있으며, 이 경우 미국 연방 자동차안전기준「FMVSS208(승객보호요건)*」의 규정을 만족하지 않을 수 있음. *FMVSS208(승객보호요건): 조수석 승객감지 센서가 장착되어 조수석 승객 하중에 따른 에어백 전개제어가 되어야 함.",MPV/미니밴
메르세데스 벤츠,GLS 580 4MATIC,2023-02-01,2024-04-28,2024-06-21,875,자기 인증 시 제원 통보된 원동기 최대 출력 값이 잘못 제출되었습니다.,SUV
메르세데스 벤츠,GLE 450 4MATIC,2022-01-04,2022-01-04,2024-06-21,1,연료 펌프 내부 임펠러(impeller)의 내구성이 부족하여 작동 중 변형될 수 있습니다. 이러한 경우 연료 펌프 하우징 내부 벽면에 닿아 연료 펌프가 정상적으로 작동되지 않을 수 있습니다.,SUV
메르세데스 벤츠,AMG GLE 53 4MATIC+ Coupe,2021-08-31,2022-01-07,2024-06-21,3,연료 펌프 내부 임펠러(impeller)의 내구성이 부족하여 작동 중 변형될 수 있습니다. 이러한 경우 연료 펌프 하우징 내부 벽면에 닿아 연료 펌프가 정상적으로 작동되지 않을 수 있습니다.,SUV
현대자동차,투싼(LM),2009-06-26,2013-06-30,2024-07-30,138468,일부 차량에 전자제어유압장치(HECU) 내부 밀폐성능 저하 등으로 내부 회로 기판의 전기적 합선에 의한 엔진룸 소손이 발생할 가능성이 있는 결함,SUV
현대자동차,싼타페 하이브리드(MX5 HEV),2023-10-04,2024-03-20,2024-06-28,18397,"싼타페 하이브리드(MX5 HEV) 일부 차량에서 통합형 전자식 브레이크(IEB) 제어기 소프트웨어 설계 오류로 인해 원격 스마트 주차 보조(RSPA) 기능 작동 후 해제시 간헐적으로 즉시 정지되지 않아 안전에 지장을 줄 가능성 및 ‘자동차 및 자동차 부품의 성능과 기준에 관한 규칙 제89조 제2항, 별표 6의 2’ 안전기준에 적합하지 않은 사항이 확인되어 제작결함시정",SUV
기아,스포티지(SL),2010-03-26,2013-06-27,2024-07-03,10583,전자제어유압장치(HECU) 내부 회로 기판의 전기적 합선에 의한 엔진룸 소손 발생 가능성,SUV
기아,스포티지(SL),2010-03-16,2013-07-19,2024-07-03,146605,전자제어유압장치(HECU) 내부 회로 기판의 전기적 합선에 의한 엔진룸 소손 발생 가능성,SUV
기아,쏘렌토(XM),2010-07-05,2014-08-21,2024-07-15,139291,전자제어유압장치(HECU) 내부 회로 기판의 전기적 합선에 의한 엔진룸 소손 발생 가능성,SUV
기아,쏘렌토(XM),2010-07-07,2010-10-28,2024-07-15,47,전자제어유압장치(HECU) 내부 회로 기판의 전기적 합선에 의한 엔진룸 소손 발생 가능성,SUV
기아,쏘렌토(XM),2010-07-07,2010-12-30,2024-07-15,140,전자제어유압장치(HECU) 내부 회로 기판의 전기적 합선에 의한 엔진룸 소손 발생 가능성,SUV
현대자동차,GV70(JK1),2024-03-11,2024-07-01,2024-07-18,2782,GV70(JK1) 일부 차량에서 엔진 점화코일 접지용(GND) 볼트가 다른 사양으로 잘못 조립되어 지속 운행 시 접촉 불량에 의한 시동 불량 및 시동 꺼짐 가능성이 있는 결함 사항이 확인,SUV
기아,니로EV(DE EV),2021-07-22,2022-02-08,2024-07-24,1986,세이프티 플러그 제조 불량으로 인해 비정상적인 과열이 발생하여 세이프티 플러그의 소손 및 차량 주행 불가 발생 가능성,SUV
토요타,렉서스 RX500h,2023-03-03,2023-07-27,2024-07-25,46,전방 및 후방 카메라 케이스 용접이 부적절하여 카메라 케이스 접합면의 방수 성능이 부족할 가능성이 있음.,SUV
재규어랜드로버,재규어 F-PACE D200,2021-03-26,2022-03-10,2024-07-25,157,당사에서 수입한 모델년도 2021 및 2022‘디스커버리 스포츠 D200 및 재규어 F-PACE D200’ 차량에서 터보차저 오일 공급 파이프 클램프의 설계불량으로 연결부위가 시간이 지날수록 느슨해져 터보차저 오일 공급 파이프와 터보차저가 분리되어 오일 누출로 이어질 가능성이 확인되어 다음과 같이 시정조치 계획을 보고하고 시정조치를 하고자 합니다.,SUV
현대자동차,GV80(JX1),2021-11-23,2024-05-18,2024-07-31,2869,일부 차량에서 설계 미흡으로 전동 사이드스텝의 차체 고정부와 연료탱크 간격이 협소하여 측면 기둥 충돌 시 사이드스텝이 연료탱크를 타격하여 연료탱크 손상 및 연료 누유로 화재가 발생할 가능성이 있는 결함,SUV
현대자동차,GV80쿠페(JX1),2023-11-24,2024-05-03,2024-07-31,273,일부 차량에서 설계 미흡으로 전동 사이드스텝의 차체 고정부와 연료탱크 간격이 협소하여 측면 기둥 충돌 시 사이드스텝이 연료탱크를 타격하여 연료탱크 손상 및 연료 누유로 화재가 발생할 가능성이 있는 결함,SUV
BMW,BMW X5 xDrive25d,2017-08-11,2017-08-11,2024-08-08,1,"최초 차량판매 당시에는 TAKATA 에어백이 적용되지 않은 스티어링 휠로 출고되었으나, 출고 이후 BMW에서 승인한 교체 부품 중 TAKATA 에어백이 적용된 스포츠 또는 M 스포츠 스티어링 휠을 고객이 장착했을 가능성이 확인되었습니다. 해당 스티어링 휠은 질산암모늄을 사용한 에어백 인플레이터가 장착되어 있으며 차량이 고온 다습한 지역에 장기간 노출되었을 때 인플레이터 내부 압축 가스 추진제가 변형되었을 수 있습니다.",SUV
BMW,BMW X5 xDrive28i,2015-12-12,2016-03-04,2024-08-08,2,"최초 차량판매 당시에는 TAKATA 에어백이 적용되지 않은 스티어링 휠로 출고되었으나, 출고 이후 BMW에서 승인한 교체 부품 중 TAKATA 에어백이 적용된 스포츠 또는 M 스포츠 스티어링 휠을 고객이 장착했을 가능성이 확인되었습니다. 해당 스티어링 휠은 질산암모늄을 사용한 에어백 인플레이터가 장착되어 있으며 차량이 고온 다습한 지역에 장기간 노출되었을 때 인플레이터 내부 압축 가스 추진제가 변형되었을 수 있습니다.",SUV
BMW,BMW X5 xDrive30d,2013-07-20,2017-11-08,2024-08-08,6995,"최초 차량판매 당시에는 TAKATA 에어백이 적용되지 않은 스티어링 휠로 출고되었으나, 출고 이후 BMW에서 승인한 교체 부품 중 TAKATA 에어백이 적용된 스포츠 또는 M 스포츠 스티어링 휠을 고객이 장착했을 가능성이 확인되었습니다. 해당 스티어링 휠은 질산암모늄을 사용한 에어백 인플레이터가 장착되어 있으며 차량이 고온 다습한 지역에 장기간 노출되었을 때 인플레이터 내부 압축 가스 추진제가 변형되었을 수 있습니다.",SUV
BMW,BMW X5 xDrive35i,2015-08-01,2017-06-09,2024-08-08,6,"최초 차량판매 당시에는 TAKATA 에어백이 적용되지 않은 스티어링 휠로 출고되었으나, 출고 이후 BMW에서 승인한 교체 부품 중 TAKATA 에어백이 적용된 스포츠 또는 M 스포츠 스티어링 휠을 고객이 장착했을 가능성이 확인되었습니다. 해당 스티어링 휠은 질산암모늄을 사용한 에어백 인플레이터가 장착되어 있으며 차량이 고온 다습한 지역에 장기간 노출되었을 때 인플레이터 내부 압축 가스 추진제가 변형되었을 수 있습니다.",SUV
BMW,BMW X5 xDrive35i,2015-12-30,2015-12-30,2024-08-08,1,"최초 차량판매 당시에는 TAKATA 에어백이 적용되지 않은 스티어링 휠로 출고되었으나, 출고 이후 BMW에서 승인한 교체 부품 중 TAKATA 에어백이 적용된 스포츠 또는 M 스포츠 스티어링 휠을 고객이 장착했을 가능성이 확인되었습니다. 해당 스티어링 휠은 질산암모늄을 사용한 에어백 인플레이터가 장착되어 있으며 차량이 고온 다습한 지역에 장기간 노출되었을 때 인플레이터 내부 압축 가스 추진제가 변형되었을 수 있습니다.",SUV
BMW,BMW X5 xDrive40e iPerformance,2015-07-28,2017-02-04,2024-08-08,56,"최초 차량판매 당시에는 TAKATA 에어백이 적용되지 않은 스티어링 휠로 출고되었으나, 출고 이후 BMW에서 승인한 교체 부품 중 TAKATA 에어백이 적용된 스포츠 또는 M 스포츠 스티어링 휠을 고객이 장착했을 가능성이 확인되었습니다. 해당 스티어링 휠은 질산암모늄을 사용한 에어백 인플레이터가 장착되어 있으며 차량이 고온 다습한 지역에 장기간 노출되었을 때 인플레이터 내부 압축 가스 추진제가 변형되었을 수 있습니다.",SUV
BMW,BMW X5 xDrive35d,2014-02-11,2014-02-11,2024-08-08,1,"운전석 전방 에어백 모듈 내 인플레이터 하우징 용접 불량으로 극히 드문 경우, 인플레이터 하우징이 파열될 수 있습니다.",SUV
현대자동차,팰리세이드(LX2),2024-06-21,2024-07-05,2024-08-12,48,팰리세이드(LX2) 일부 차량에서 엔진룸 배선 접지용(GND) 볼트가 불완전하게 잘못 조립되어 지속 운행 시 접촉 불량에 의한 시동 불량 및 시동 꺼짐 가능성이 있는 결함 사항이 확인,SUV
메르세데스 벤츠,GLE 450 4MATIC,2022-03-01,2022-11-22,2024-08-16,689,연료 펌프 내부 임펠러(impeller)의 내구성이 부족하여 작동 중 변형될 수 있습니다. 이러한 경우 연료 펌프 하우징 내부 벽면에 닿아 연료 펌프가 정상적으로 작동되지 않을 수 있습니다.,SUV
현대자동차,싼타페(MX5),2023-03-09,2024-07-09,2024-08-16,18329,"싼타페(MX5), 싼타페 하이브리드(MX5 HEV) 일부 차량에서 차체 하단 와이어링(배선) 경로 설계 불량으로 인해 2열 시트를 접을 시 와이어링(배선)과 시트 회전 장치가 간섭되어 2열 사이드 에어백 오전개 및 미전개 가능성이 있는 결함 사항이 확인",SUV
현대자동차,싼타페 하이브리드(MX5 HEV),2023-03-20,2024-07-18,2024-08-16,25597,"싼타페(MX5), 싼타페 하이브리드(MX5 HEV) 일부 차량에서 차체 하단 와이어링(배선) 경로 설계 불량으로 인해 2열 시트를 접을 시 와이어링(배선)과 시트 회전 장치가 간섭되어 2열 사이드 에어백 오전개 및 미전개 가능성이 있는 결함 사항이 확인",SUV
메르세데스 벤츠,GLB 250 4MATIC,2023-11-16,2024-02-20,2024-08-16,262,문서화 작업 오류로 인하여 자기 인증 시 제원 통보된 구동전동기 회전수 값이 잘못 제출되었습니다.,SUV
메르세데스 벤츠,AMG GLB 35 4MATIC,2023-11-22,2024-02-28,2024-08-16,79,문서화 작업 오류로 인하여 자기 인증 시 제원 통보된 구동전동기 회전수 값이 잘못 제출되었습니다.,SUV
기아,니로EV(DE EV),2019-10-08,2022-02-08,2024-08-28,57,세이프티 플러그 제조 불량으로 인해 비정상적인 과열이 발생하여 세이프티 플러그의 소손 및 차량 주행 불가 발생 가능성,SUV
BMW,BMW X5 M Competition,2023-05-06,2024-07-28,2024-08-28,101,"통합제동장치에 장착된 서보모터 위치센서의 품질 결함으로 신호 장애가 발생하면 안전모드로 전환되나, 현행 소프트웨어로는 이상을 사전에 발견하지 못할 가능성이 확인되었습니다",SUV
BMW,BMW X5 M Competition,2024-07-30,2024-07-30,2024-08-28,1,"통합제동장치에 장착된 서보모터 위치센서의 품질 결함으로 신호 장애가 발생하면 안전모드로 전환되나, 현행 소프트웨어로는 이상을 사전에 발견하지 못할 가능성이 확인되었습니다",SUV
BMW,BMW X5 M60i xDrive,2023-03-29,2024-07-27,2024-08-28,309,"통합제동장치에 장착된 서보모터 위치센서의 품질 결함으로 신호 장애가 발생하면 안전모드로 전환되나, 현행 소프트웨어로는 이상을 사전에 발견하지 못할 가능성이 확인되었습니다",SUV
BMW,BMW X5 sDrive40i,2024-08-07,2024-08-07,2024-08-28,1,"통합제동장치에 장착된 서보모터 위치센서의 품질 결함으로 신호 장애가 발생하면 안전모드로 전환되나, 현행 소프트웨어로는 이상을 사전에 발견하지 못할 가능성이 확인되었습니다",SUV
BMW,BMW X5 xDrive30d,2023-02-28,2024-07-31,2024-08-28,1094,"통합제동장치에 장착된 서보모터 위치센서의 품질 결함으로 신호 장애가 발생하면 안전모드로 전환되나, 현행 소프트웨어로는 이상을 사전에 발견하지 못할 가능성이 확인되었습니다",SUV
BMW,BMW X5 xDrive40d,2023-08-08,2024-08-08,2024-08-28,116,"통합제동장치에 장착된 서보모터 위치센서의 품질 결함으로 신호 장애가 발생하면 안전모드로 전환되나, 현행 소프트웨어로는 이상을 사전에 발견하지 못할 가능성이 확인되었습니다",SUV
BMW,BMW X5 xDrive40i,2023-02-23,2024-08-10,2024-08-28,4114,"통합제동장치에 장착된 서보모터 위치센서의 품질 결함으로 신호 장애가 발생하면 안전모드로 전환되나, 현행 소프트웨어로는 이상을 사전에 발견하지 못할 가능성이 확인되었습니다",SUV
BMW,BMW X5 xDrive40i,2022-11-17,2024-08-03,2024-08-28,13,"통합제동장치에 장착된 서보모터 위치센서의 품질 결함으로 신호 장애가 발생하면 안전모드로 전환되나, 현행 소프트웨어로는 이상을 사전에 발견하지 못할 가능성이 확인되었습니다",SUV
BMW,BMW X5 xDrive50e,2023-03-29,2024-08-09,2024-08-28,1576,"통합제동장치에 장착된 서보모터 위치센서의 품질 결함으로 신호 장애가 발생하면 안전모드로 전환되나, 현행 소프트웨어로는 이상을 사전에 발견하지 못할 가능성이 확인되었습니다",SUV
BMW,BMW X5 xDrive50e,2023-06-12,2023-11-11,2024-08-28,2,"통합제동장치에 장착된 서보모터 위치센서의 품질 결함으로 신호 장애가 발생하면 안전모드로 전환되나, 현행 소프트웨어로는 이상을 사전에 발견하지 못할 가능성이 확인되었습니다",SUV
BMW,BMW X5 xDrive50e RHD,2023-08-09,2023-08-09,2024-08-28,1,"통합제동장치에 장착된 서보모터 위치센서의 품질 결함으로 신호 장애가 발생하면 안전모드로 전환되나, 현행 소프트웨어로는 이상을 사전에 발견하지 못할 가능성이 확인되었습니다",SUV
BMW,BMW X7 M60i xDrive,2021-08-22,2024-08-02,2024-08-28,605,"통합제동장치에 장착된 서보모터 위치센서의 품질 결함으로 신호 장애가 발생하면 안전모드로 전환되나, 현행 소프트웨어로는 이상을 사전에 발견하지 못할 가능성이 확인되었습니다",SUV
BMW,BMW X7 M60i xDrive,2022-08-22,2023-04-28,2024-08-28,2,"통합제동장치에 장착된 서보모터 위치센서의 품질 결함으로 신호 장애가 발생하면 안전모드로 전환되나, 현행 소프트웨어로는 이상을 사전에 발견하지 못할 가능성이 확인되었습니다",SUV
BMW,BMW X7 xDrive40d,2022-07-20,2024-08-07,2024-08-28,1677,"통합제동장치에 장착된 서보모터 위치센서의 품질 결함으로 신호 장애가 발생하면 안전모드로 전환되나, 현행 소프트웨어로는 이상을 사전에 발견하지 못할 가능성이 확인되었습니다",SUV
BMW,BMW X7 xDrive40i,2022-07-15,2024-08-10,2024-08-28,6097,"통합제동장치에 장착된 서보모터 위치센서의 품질 결함으로 신호 장애가 발생하면 안전모드로 전환되나, 현행 소프트웨어로는 이상을 사전에 발견하지 못할 가능성이 확인되었습니다",SUV
BMW,BMW X7 xDrive40i,2022-10-04,2024-06-14,2024-08-28,7,"통합제동장치에 장착된 서보모터 위치센서의 품질 결함으로 신호 장애가 발생하면 안전모드로 전환되나, 현행 소프트웨어로는 이상을 사전에 발견하지 못할 가능성이 확인되었습니다",SUV
BMW,BMW X5 M Competition,2024-08-23,2024-08-29,2024-09-20,4,"통합제동장치에 장착된 서보모터 위치센서의 품질 결함으로 신호 장애가 발생하면 안전모드로 전환되나, 현행 소프트웨어로는 이상을 사전에 발견하지 못할 가능성이 확인되었습니다",SUV
BMW,BMW X5 M60i xDrive,2024-08-10,2024-08-24,2024-09-20,9,"통합제동장치에 장착된 서보모터 위치센서의 품질 결함으로 신호 장애가 발생하면 안전모드로 전환되나, 현행 소프트웨어로는 이상을 사전에 발견하지 못할 가능성이 확인되었습니다",SUV
BMW,BMW X5 xDrive30d,2024-08-21,2024-08-30,2024-09-20,14,"통합제동장치에 장착된 서보모터 위치센서의 품질 결함으로 신호 장애가 발생하면 안전모드로 전환되나, 현행 소프트웨어로는 이상을 사전에 발견하지 못할 가능성이 확인되었습니다",SUV
BMW,BMW X5 xDrive40d,2024-08-22,2024-08-29,2024-09-20,6,"통합제동장치에 장착된 서보모터 위치센서의 품질 결함으로 신호 장애가 발생하면 안전모드로 전환되나, 현행 소프트웨어로는 이상을 사전에 발견하지 못할 가능성이 확인되었습니다",SUV
BMW,BMW X5 xDrive40i,2024-08-11,2024-08-31,2024-09-20,37,"통합제동장치에 장착된 서보모터 위치센서의 품질 결함으로 신호 장애가 발생하면 안전모드로 전환되나, 현행 소프트웨어로는 이상을 사전에 발견하지 못할 가능성이 확인되었습니다",SUV
BMW,BMW X5 xDrive50e,2024-08-08,2024-08-30,2024-09-20,157,"통합제동장치에 장착된 서보모터 위치센서의 품질 결함으로 신호 장애가 발생하면 안전모드로 전환되나, 현행 소프트웨어로는 이상을 사전에 발견하지 못할 가능성이 확인되었습니다",SUV
BMW,BMW X7 M60i xDrive,2024-08-03,2024-08-24,2024-09-20,20,"통합제동장치에 장착된 서보모터 위치센서의 품질 결함으로 신호 장애가 발생하면 안전모드로 전환되나, 현행 소프트웨어로는 이상을 사전에 발견하지 못할 가능성이 확인되었습니다",SUV
BMW,BMW X7 xDrive40d,2024-08-06,2024-08-31,2024-09-20,55,"통합제동장치에 장착된 서보모터 위치센서의 품질 결함으로 신호 장애가 발생하면 안전모드로 전환되나, 현행 소프트웨어로는 이상을 사전에 발견하지 못할 가능성이 확인되었습니다",SUV
BMW,BMW X7 xDrive40i,2022-09-16,2024-08-30,2024-09-20,199,"통합제동장치에 장착된 서보모터 위치센서의 품질 결함으로 신호 장애가 발생하면 안전모드로 전환되나, 현행 소프트웨어로는 이상을 사전에 발견하지 못할 가능성이 확인되었습니다",SUV
기아,스포티지(KM),2009-05-26,2010-01-28,2024-09-23,2463,전자제어유압장치(HECU) 내부 회로 기판의 전기적 합선에 의한 엔진룸 소손 발생 가능성,SUV
기아,스포티지(KM),2009-05-27,2010-02-01,2024-09-23,770,전자제어유압장치(HECU) 내부 회로 기판의 전기적 합선에 의한 엔진룸 소손 발생 가능성,SUV
현대자동차,그랜드스타렉스(TQ),2010-08-24,2016-08-31,2024-09-26,201393,그랜드스타렉스(TQ) 일부 차량에서 엔진룸 정션박스 내 단자체결부의 설계 미흡으로 온도가 과도하게 상승되는 경우 와이어링 손상으로 인한 단락이 발생되어 화재가 발생할 가능성이 있는 결함,MPV/미니밴
현대자동차,투싼(LM),2009-03-13,2009-12-31,2024-09-27,26008,일부 차량에 전자제어유압장치(HECU) 내부 밀폐성능 저하 등으로 내부 회로 기판의 전기적 합선에 의한 엔진룸 소손이 발생할 가능성이 있는 결함,SUV
메르세데스 벤츠,EQB 300 4MATIC,2024-06-25,2024-07-01,2024-09-27,38,"공급업체의 생산 공정 오류로 인하여 파이로 퓨즈(Pyro-Fuse)1의 하우징이 제대로 고정되지 않을 수 있어, 주행 중 파이로 퓨즈 하우징이 이탈하여 다른 전기 배선이 손상될 가능성이 있습니다. 1 파이로 퓨즈(Pyro-Fuse): 퓨즈 내부에 화약을 내장하여 충돌 사고 시 내장된 화약이 자동으로 폭발하여 퓨즈를 단선시키는 장치입니다. 주행 중 충돌 시 충격을 감지하면 퓨즈가 즉시 단선되어 12V 전원이 차단됩니다. 또한 고전압 배터리 전원 시스템은 파이로 퓨즈 작동 신호를 감지하여 고전압 관련 스위치를 개방함으로써, 감전이나 배터리 폭발 및 사고 직후 차량의 2차 화재를 예방하는 장치입니다.",SUV
메르세데스 벤츠,EQA 250,2024-06-18,2024-06-28,2024-09-27,6,"공급업체의 생산 공정 오류로 인하여 파이로 퓨즈(Pyro-Fuse)1의 하우징이 제대로 고정되지 않을 수 있어, 주행 중 파이로 퓨즈 하우징이 이탈하여 다른 전기 배선이 손상될 가능성이 있습니다. 1 파이로 퓨즈(Pyro-Fuse): 퓨즈 내부에 화약을 내장하여 충돌 사고 시 내장된 화약이 자동으로 폭발하여 퓨즈를 단선시키는 장치입니다. 주행 중 충돌 시 충격을 감지하면 퓨즈가 즉시 단선되어 12V 전원이 차단됩니다. 또한 고전압 배터리 전원 시스템은 파이로 퓨즈 작동 신호를 감지하여 고전압 관련 스위치를 개방함으로써, 감전이나 배터리 폭발 및 사고 직후 차량의 2차 화재를 예방하는 장치입니다.",SUV
메르세데스 벤츠,GLA 250 4MATIC,2024-06-18,2024-07-01,2024-09-27,25,"공급업체의 생산 공정 오류로 인하여 파이로 퓨즈(Pyro-Fuse)1의 하우징이 제대로 고정되지 않을 수 있어, 주행 중 파이로 퓨즈 하우징이 이탈하여 다른 전기 배선이 손상될 가능성이 있습니다. 1 파이로 퓨즈(Pyro-Fuse): 퓨즈 내부에 화약을 내장하여 충돌 사고 시 내장된 화약이 자동으로 폭발하여 퓨즈를 단선시키는 장치입니다. 주행 중 충돌 시 충격을 감지하면 퓨즈가 즉시 단선되어 12V 전원이 차단됩니다. 또한 고전압 배터리 전원 시스템은 파이로 퓨즈 작동 신호를 감지하여 고전압 관련 스위치를 개방함으로써, 감전이나 배터리 폭발 및 사고 직후 차량의 2차 화재를 예방하는 장치입니다.",SUV
현대자동차,싼타페(DM),2011-12-08,2014-10-31,2024-09-27,203793,일부 차량에 전자제어유압장치(HECU) 내부 밀폐성능 저하 등으로 내부 회로 기판의 전기적 합선에 의한 엔진룸 소손이 발생할 가능성이 있는 결함,SUV
현대자동차,그랜드스타렉스(TQ),2006-10-18,2014-10-31,2024-10-25,61562,일부 차량에 전자제어유압장치(HECU) 내부 밀폐성능 저하 등으로 내부 회로 기판의 전기적 합선에 의한 엔진룸 소손이 발생할 가능성이 있는 결함,MPV/미니밴
기아,모하비(HM),2009-11-23,2019-06-13,2024-09-30,89231,전자제어유압장치(HECU) 내부 회로 기판의 전기적 합선에 의한 엔진룸 소손 발생 가능성,SUV
기아,모하비(HM),2009-11-24,2014-02-14,2024-09-30,238,전자제어유압장치(HECU) 내부 회로 기판의 전기적 합선에 의한 엔진룸 소손 발생 가능성,SUV
BMW,BMW X5 M60i xDrive,2024-02-10,2024-02-16,2024-10-08,2,"통합제동장치에 장착된 서보모터 위치센서의 품질 결함으로 신호 장애가 발생하면 안전모드로 전환되나, 현행 소프트웨어로는 이상을 사전에 발견하지 못할 가능성이 확인되었습니다.",SUV
BMW,BMW X5 xDrive30d,2024-02-14,2024-08-31,2024-10-08,8,"통합제동장치에 장착된 서보모터 위치센서의 품질 결함으로 신호 장애가 발생하면 안전모드로 전환되나, 현행 소프트웨어로는 이상을 사전에 발견하지 못할 가능성이 확인되었습니다.",SUV
BMW,BMW X5 xDrive40d,2024-09-03,2024-09-04,2024-10-08,4,"통합제동장치에 장착된 서보모터 위치센서의 품질 결함으로 신호 장애가 발생하면 안전모드로 전환되나, 현행 소프트웨어로는 이상을 사전에 발견하지 못할 가능성이 확인되었습니다.",SUV
BMW,BMW X5 xDrive40i,2024-02-16,2024-09-03,2024-10-08,73,"통합제동장치에 장착된 서보모터 위치센서의 품질 결함으로 신호 장애가 발생하면 안전모드로 전환되나, 현행 소프트웨어로는 이상을 사전에 발견하지 못할 가능성이 확인되었습니다.",SUV
BMW,BMW X5 xDrive40i,2024-08-11,2024-08-11,2024-10-08,1,"통합제동장치에 장착된 서보모터 위치센서의 품질 결함으로 신호 장애가 발생하면 안전모드로 전환되나, 현행 소프트웨어로는 이상을 사전에 발견하지 못할 가능성이 확인되었습니다.",SUV
BMW,BMW X5 xDrive50e,2024-08-17,2024-09-04,2024-10-08,6,"통합제동장치에 장착된 서보모터 위치센서의 품질 결함으로 신호 장애가 발생하면 안전모드로 전환되나, 현행 소프트웨어로는 이상을 사전에 발견하지 못할 가능성이 확인되었습니다.",SUV
BMW,BMW X7 xDrive40d,2024-02-16,2024-09-04,2024-10-08,13,"통합제동장치에 장착된 서보모터 위치센서의 품질 결함으로 신호 장애가 발생하면 안전모드로 전환되나, 현행 소프트웨어로는 이상을 사전에 발견하지 못할 가능성이 확인되었습니다.",SUV
BMW,BMW X7 xDrive40i,2024-02-12,2024-09-04,2024-10-08,80,"통합제동장치에 장착된 서보모터 위치센서의 품질 결함으로 신호 장애가 발생하면 안전모드로 전환되나, 현행 소프트웨어로는 이상을 사전에 발견하지 못할 가능성이 확인되었습니다.",SUV
메르세데스 벤츠,GLC 220 d 4MATIC,2024-01-18,2024-01-18,2024-10-11,1,공급업체의 생산 공정 오류로 전방 서브프레임 용접에 사용되는 용접 재료가 사양에 맞지 않을 수 있습니다.,SUV
메르세데스 벤츠,GLC 300 4MATIC,2022-10-20,2022-11-11,2024-10-11,3,연료 펌프 내부 임펠러(impeller)의 내구성이 부족하여 작동 중 변형될 수 있습니다. 이러한 경우 연료 펌프 하우징 내부 벽면에 닿아 연료 펌프가 정상적으로 작동되지 않을 수 있습니다.,SUV
BMW,BMW X5 xDrive30d,2024-09-08,2024-09-08,2024-10-22,1,부품 생산 공정의 오류로 인하여 통합제동장치에 장착된 서보모터의 축이 규정된 사양에 따라 용접되지 않았습니다.,SUV
BMW,BMW X5 xDrive40i,2023-06-02,2024-09-06,2024-10-22,3,부품 생산 공정의 오류로 인하여 통합제동장치에 장착된 서보모터의 축이 규정된 사양에 따라 용접되지 않았습니다.,SUV
BMW,BMW X5 xDrive50e,2024-05-08,2024-05-21,2024-10-22,2,부품 생산 공정의 오류로 인하여 통합제동장치에 장착된 서보모터의 축이 규정된 사양에 따라 용접되지 않았습니다.,SUV
BMW,BMW X7 M60i xDrive,2023-07-17,2024-07-29,2024-10-22,2,부품 생산 공정의 오류로 인하여 통합제동장치에 장착된 서보모터의 축이 규정된 사양에 따라 용접되지 않았습니다.,SUV
BMW,BMW X7 xDrive40d,2023-07-13,2024-05-10,2024-10-22,2,부품 생산 공정의 오류로 인하여 통합제동장치에 장착된 서보모터의 축이 규정된 사양에 따라 용접되지 않았습니다.,SUV
BMW,BMW X7 xDrive40i,2022-08-30,2024-08-04,2024-10-22,7,부품 생산 공정의 오류로 인하여 통합제동장치에 장착된 서보모터의 축이 규정된 사양에 따라 용접되지 않았습니다.,SUV
BMW,BMW X7 xDrive40i,2024-09-03,2024-09-03,2024-10-22,1,"통합제동장치에 장착된 서보모터 위치센서의 품질 결함으로 신호 장애가 발생하면 안전모드로 전환되나, 현행 소프트웨어로는 이상을 사전에 발견하지 못할 가능성이 확인되었습니다.",SUV
메르세데스 벤츠,GLE 300 d 4MATIC,2019-01-23,2020-09-24,2024-10-23,2216,문서화 작업 오류로 인하여 자기 인증 시 제원 통보된 너비 수치가 잘못 제출되어 실제 차량 제원과 차이가 있습니다.,SUV
메르세데스 벤츠,GLC 220 d 4MATIC Coupe,2019-11-13,2020-08-17,2024-10-23,447,문서화 작업 오류로 인하여 자기 인증 시 제원 통보된 너비 수치가 잘못 제출되어 실제 차량 제원과 차이가 있습니다.,SUV
메르세데스 벤츠,GLC 300 4MATIC Coupe,2019-10-03,2020-06-16,2024-10-23,1442,문서화 작업 오류로 인하여 자기 인증 시 제원 통보된 너비 수치가 잘못 제출되어 실제 차량 제원과 차이가 있습니다.,SUV
메르세데스 벤츠,GLC 220 d 4MATIC,2020-07-17,2020-11-23,2024-10-23,4,문서화 작업 오류로 인하여 자기 인증 시 제원 통보된 너비 수치가 잘못 제출되어 실제 차량 제원과 차이가 있습니다.,SUV
메르세데스 벤츠,GLC 300 4MATIC,2020-01-07,2021-10-18,2024-10-23,639,문서화 작업 오류로 인하여 자기 인증 시 제원 통보된 너비 수치가 잘못 제출되어 실제 차량 제원과 차이가 있습니다.,SUV
현대자동차,코나N (OS N),2020-11-03,2022-11-24,2024-10-31,560,"G70(IK), 아반떼N(CN7 N), 벨로스터N(JS N), 코나N(OS N) 세타2 2.0T-GDI 엔진장착 차량 일부 차량에서 고압펌프 내 압력 조절 부품 내구성 부족으로 인해 고압이 지속 형성되어 엔진경고등이 점등되고 간헐적으로 주행 중 시동꺼짐 발생 가능성이 있는 결함",SUV
혼다코리아,CR-V HYBRID 2WD,2023-08-30,2024-02-16,2024-11-08,716,고압연료펌프 제조 과정에서 온도와 압력이 적절하게 설정되지 않아 고압연료펌프의 재료 강도가 낮아져 내부 부품인 솔레노이드 부분에 균열이 발생할 수 있다.,SUV
혼다코리아,CR-V HYBRID 4WD,2023-06-27,2024-02-13,2024-11-08,360,고압연료펌프 제조 과정에서 온도와 압력이 적절하게 설정되지 않아 고압연료펌프의 재료 강도가 낮아져 내부 부품인 솔레노이드 부분에 균열이 발생할 수 있다.,SUV
포드,2020-2021년식 Explorer PHEV,2019-12-02,2021-09-23,2024-11-11,390,"일부 2020-2022년식 Aviator PHEV 및 2020-2021년식 Explorer PHEV 차량은 고전압 배터리 셀* 내부의 전지의 양극 부분이 제조 공정에서 잘못 조립되어 배터리 용량이 미미하게 낮아지거나 내부 단락*이 발생되어 경고등이 점등될 수 있습니다. 경고등 발생 시 동력이 차단되어 사고가 발생할 수 있으며 극히 드문 가능성이지만 화재가 발생할 가능성도 있습니다. 이에, 제작결함을 시정하고자 합니다. *배터리 셀: 고전압 배터리 팩(어셈블리)을 구성하는 최소 단위로 우리가 일반적으로 가정에서 사용하는 건전지 단위로 이해하면 됩니다. 이러한 셀 여러 개가 직렬/병렬로 연결되어 한 개의 고전압 배터리 모듈*을 구성합니다. *고전압 배터리 모듈: 고전압 배터리 팩(어셈블리)을 구성하는 중간 단위로서 여러 개의 배터리 셀을 직렬/병렬로 연결하여 박스 형태로 구성되어 있습니다. 고전압 배터리 팩의 용량에 따라 모듈의 갯수가 변화합니다. 이 결함 시정 조치 대상 차량들의 고전압 배터리 팩은 3개의 모듈로 구성되어 있습니다. *단락: 서로 다른 두 전기적 회로가 저항이 없이 달라붙는 현상. 흔히 ‘쇼트’라고 표현되기도 함",SUV
메르세데스 벤츠,GLB 250 4MATIC,2024-06-19,2024-06-28,2024-11-13,11,"생산 공정 오류로 인하여 우측 전방, 후방 타이어의 내측벽 표면이 손상되었을 수 있습니다.",SUV
메르세데스 벤츠,Mercedes-AMG GLB 35 4MATIC,2024-06-16,2024-06-21,2024-11-13,2,"생산 공정 오류로 인하여 우측 전방, 후방 타이어의 내측벽 표면이 손상되었을 수 있습니다.",SUV
포드,2011-2019년식 Explorer 3.5L,2010-10-13,2018-12-21,2024-11-18,10045,"일부 2011-2019년식 Explorer 차량의 앞유리 양쪽 외장재가 조립 실수로 인해 완전히 장착되지 않아 시간이 지남에 따라 헐거워져 주행 중 분리될 가능성이 있습니다. 주행 중 부품이 분리되는 경우 다른 차량에게 위험을 가하여 사고가 발생할 수 있어 제작결함을 시정하고자 합니다. *참고: 대상 차량의 대수가 많고, 순차적으로 부품이 공급될 예정입니다. 그리하여 원활한 진행을 위하여 아래와 같이 차량의 년식별로 순차적으로 시행을 실시하게 되었습니다. - 2011-2014년식: 2024년 11월 18일부터 시행 - 2015-2016년식: 2024년 12월 9일부터 시행 - 2017년식: 2024년 12월 23일부터 시행 - 2018-2019년식: 2025년 1월 6일부터 시행",SUV
포드,2012-2015년식 Explorer 2.0L,2011-06-14,2015-04-28,2024-11-18,1213,"일부 2011-2019년식 Explorer 차량의 앞유리 양쪽 외장재가 조립 실수로 인해 완전히 장착되지 않아 시간이 지남에 따라 헐거워져 주행 중 분리될 가능성이 있습니다. 주행 중 부품이 분리되는 경우 다른 차량에게 위험을 가하여 사고가 발생할 수 있어 제작결함을 시정하고자 합니다. *참고: 대상 차량의 대수가 많고, 순차적으로 부품이 공급될 예정입니다. 그리하여 원활한 진행을 위하여 아래와 같이 차량의 년식별로 순차적으로 시행을 실시하게 되었습니다. - 2011-2014년식: 2024년 11월 18일부터 시행 - 2015-2016년식: 2024년 12월 9일부터 시행 - 2017년식: 2024년 12월 23일부터 시행 - 2018-2019년식: 2025년 1월 6일부터 시행",SUV
포드,2016-2019년식 Explorer 2.3L,2015-04-08,2018-12-20,2024-11-18,20376,"일부 2011-2019년식 Explorer 차량의 앞유리 양쪽 외장재가 조립 실수로 인해 완전히 장착되지 않아 시간이 지남에 따라 헐거워져 주행 중 분리될 가능성이 있습니다. 주행 중 부품이 분리되는 경우 다른 차량에게 위험을 가하여 사고가 발생할 수 있어 제작결함을 시정하고자 합니다. *참고: 대상 차량의 대수가 많고, 순차적으로 부품이 공급될 예정입니다. 그리하여 원활한 진행을 위하여 아래와 같이 차량의 년식별로 순차적으로 시행을 실시하게 되었습니다. - 2011-2014년식: 2024년 11월 18일부터 시행 - 2015-2016년식: 2024년 12월 9일부터 시행 - 2017년식: 2024년 12월 23일부터 시행 - 2018-2019년식: 2025년 1월 6일부터 시행",SUV
기아,카렌스(RP),2013-03-08,2018-07-23,2024-11-25,18941,전자제어유압장치(HECU) 내부 회로 기판의 전기적 합선에 의한 엔진룸 소손 발생 가능성,MPV/미니밴
기아,카렌스(RP),2013-03-14,2018-07-16,2024-11-25,4149,전자제어유압장치(HECU) 내부 회로 기판의 전기적 합선에 의한 엔진룸 소손 발생 가능성,MPV/미니밴
볼보,"S90, XC90, XC60",2019-06-28,2019-12-11,2024-11-26,39,"국내 수입된 2020년식 S90, XC90, XC60 일부 차량에서 브레이크 페달과 부스터를 연결하는 푸시 로드가 공급 업체의 부품 조립 공정상 오류로 인해 규정된 토크로 체결되지 않았을 가능성이 확인되었습니다.",SUV
BMW,BMW X5 xDrive30d,2023-02-28,2023-10-24,2024-11-27,323,"EGR 쿨러의 바이패스 플랩 커버 고정 나사가 올바르게 체결되지 않았습니다. EGR 쿨러의 바이패스 플랩 커버의 나사가 풀리거나 이탈된 경우 소음, 악취가 발생할 수 있으며 경우에 따라 주변 부품(엔진 커버, 레일압력 센서 등)이 손상될 수 있습니다.",SUV
BMW,BMW X5 xDrive40d,2023-08-08,2023-10-03,2024-11-27,10,"EGR 쿨러의 바이패스 플랩 커버 고정 나사가 올바르게 체결되지 않았습니다. EGR 쿨러의 바이패스 플랩 커버의 나사가 풀리거나 이탈된 경우 소음, 악취가 발생할 수 있으며 경우에 따라 주변 부품(엔진 커버, 레일압력 센서 등)이 손상될 수 있습니다.",SUV
BMW,BMW X7 xDrive40d,2022-07-20,2023-09-22,2024-11-27,932,"EGR 쿨러의 바이패스 플랩 커버 고정 나사가 올바르게 체결되지 않았습니다. EGR 쿨러의 바이패스 플랩 커버의 나사가 풀리거나 이탈된 경우 소음, 악취가 발생할 수 있으며 경우에 따라 주변 부품(엔진 커버, 레일압력 센서 등)이 손상될 수 있습니다.",SUV
혼다코리아,CR-V,2021-11-12,2024-08-16,2024-12-02,609,윔휠과 웜기어가 접촉되는 면적을 조절하는 스프링 엔드캡에 강성이 강한 스프링이 장착되어 핸들 조향 시 웜휠과 웜기어의 접촉 부분의 구리스가 감소된다.,SUV
혼다코리아,CR-V HYBRID 2WD,2022-09-08,2024-02-16,2024-12-02,723,윔휠과 웜기어가 접촉되는 면적을 조절하는 스프링 엔드캡에 강성이 강한 스프링이 장착되어 핸들 조향 시 웜휠과 웜기어의 접촉 부분의 구리스가 감소된다.,SUV
혼다코리아,CR-V HYBRID 4WD,2022-09-09,2024-02-13,2024-12-02,366,윔휠과 웜기어가 접촉되는 면적을 조절하는 스프링 엔드캡에 강성이 강한 스프링이 장착되어 핸들 조향 시 웜휠과 웜기어의 접촉 부분의 구리스가 감소된다.,SUV
혼다코리아,CR-V,2018-11-30,2019-07-12,2024-12-02,163,"1. 2021년 4월 ACCORD 등 7차종 모델 4,567대 대상으로 시행했던 리콜의 대상 차종 확대 건이다. 2. 연료펌프 내부에 부적절하게 제작된 저밀도의 임펠러가 조립되어 임펠러 표면에 크랙이 발생할 수 있고, 차량 사용 중 크랙 부분에 연료가 침투하여 고온 환경에서 팽창에 의해 임펠러가 변형되어 펌프 내부 커버와의 접촉으로 인해 연료펌프 모터가 손상될 수 있다.",SUV
혼다코리아,CR-V,2018-12-07,2019-03-08,2024-12-02,233,"1. 2021년 4월 ACCORD 등 7차종 모델 4,567대 대상으로 시행했던 리콜의 대상 차종 확대 건이다. 2. 연료펌프 내부에 부적절하게 제작된 저밀도의 임펠러가 조립되어 임펠러 표면에 크랙이 발생할 수 있고, 차량 사용 중 크랙 부분에 연료가 침투하여 고온 환경에서 팽창에 의해 임펠러가 변형되어 펌프 내부 커버와의 접촉으로 인해 연료펌프 모터가 손상될 수 있다.",SUV
혼다코리아,ODYSSEY,2017-11-06,2019-10-09,2024-12-02,1873,"1. 2021년 4월 ACCORD 등 7차종 모델 4,567대 대상으로 시행했던 리콜의 대상 차종 확대 건이다. 2. 연료펌프 내부에 부적절하게 제작된 저밀도의 임펠러가 조립되어 임펠러 표면에 크랙이 발생할 수 있고, 차량 사용 중 크랙 부분에 연료가 침투하여 고온 환경에서 팽창에 의해 임펠러가 변형되어 펌프 내부 커버와의 접촉으로 인해 연료펌프 모터가 손상될 수 있다.",MPV/미니밴
현대자동차,제네시스 GV70(JK) EV,2022-02-11,2024-11-14,2024-12-05,5659,"현대자동차㈜에서는 아이오닉5(NE), 아이오닉6(CE), 제네시스 GV60(JW), GV70(JK) EV, G80(RG3) EV 일부 차량에서 통합충전제어장치(ICCU) 리콜 소프트웨어 로직 미흡으로 전압 변환기능 고장시 저전압 배터리가 충전 불가한 상황이 발생하여 주행중 단계적 속도제한 및 지속 주행시 차량이 멈출 가능성이 있는 결함이 확인되어 제작결함시정을 하고자 함.",SUV
르노코리아,KOLEOS Hybrid,2024-07-13,2024-11-23,2024-12-05,7392,"접지용 볼트가 완전하게 체결되지 않았을 경우, 접지용 단자와 접지면 사이의 간극으로 인하여 접촉 불량이 발생할 수 있음",SUV
BMW,BMW X5 M Competition,2023-05-06,2024-08-29,2024-12-06,105,통합제동장치에 장착된 서보모터 위치센서의 품질 결함으로 인해 신호 장애가 발생할 가능성이 확인되었습니다.,SUV
BMW,BMW X5 M Competition,2024-07-30,2024-07-30,2024-12-06,1,통합제동장치에 장착된 서보모터 위치센서의 품질 결함으로 인해 신호 장애가 발생할 가능성이 확인되었습니다.,SUV
BMW,BMW X5 M60i xDrive,2023-03-29,2024-08-24,2024-12-06,320,통합제동장치에 장착된 서보모터 위치센서의 품질 결함으로 인해 신호 장애가 발생할 가능성이 확인되었습니다.,SUV
BMW,BMW X5 sDrive40i,2024-08-07,2024-08-07,2024-12-06,1,통합제동장치에 장착된 서보모터 위치센서의 품질 결함으로 인해 신호 장애가 발생할 가능성이 확인되었습니다.,SUV
BMW,BMW X5 xDrive30d,2023-02-28,2024-08-31,2024-12-06,1116,통합제동장치에 장착된 서보모터 위치센서의 품질 결함으로 인해 신호 장애가 발생할 가능성이 확인되었습니다.,SUV
BMW,BMW X5 xDrive40d,2023-08-08,2024-09-04,2024-12-06,126,통합제동장치에 장착된 서보모터 위치센서의 품질 결함으로 인해 신호 장애가 발생할 가능성이 확인되었습니다.,SUV
BMW,BMW X5 xDrive40i,2023-02-23,2024-09-03,2024-12-06,4224,통합제동장치에 장착된 서보모터 위치센서의 품질 결함으로 인해 신호 장애가 발생할 가능성이 확인되었습니다.,SUV
BMW,BMW X5 xDrive40i,2023-06-09,2024-08-11,2024-12-06,14,통합제동장치에 장착된 서보모터 위치센서의 품질 결함으로 인해 신호 장애가 발생할 가능성이 확인되었습니다.,SUV
BMW,BMW X5 xDrive50e,2023-03-29,2024-09-04,2024-12-06,1739,통합제동장치에 장착된 서보모터 위치센서의 품질 결함으로 인해 신호 장애가 발생할 가능성이 확인되었습니다.,SUV
BMW,BMW X5 xDrive50e,2023-06-12,2023-11-11,2024-12-06,2,통합제동장치에 장착된 서보모터 위치센서의 품질 결함으로 인해 신호 장애가 발생할 가능성이 확인되었습니다.,SUV
BMW,BMW X5 xDrive50e RHD,2023-08-09,2023-08-09,2024-12-06,1,통합제동장치에 장착된 서보모터 위치센서의 품질 결함으로 인해 신호 장애가 발생할 가능성이 확인되었습니다.,SUV
BMW,BMW X7 M60i xDrive,2021-08-22,2024-08-24,2024-12-06,625,통합제동장치에 장착된 서보모터 위치센서의 품질 결함으로 인해 신호 장애가 발생할 가능성이 확인되었습니다.,SUV
BMW,BMW X7 M60i xDrive,2022-08-22,2023-04-28,2024-12-06,2,통합제동장치에 장착된 서보모터 위치센서의 품질 결함으로 인해 신호 장애가 발생할 가능성이 확인되었습니다.,SUV
BMW,BMW X7 xDrive40d,2022-07-20,2024-09-04,2024-12-06,1745,통합제동장치에 장착된 서보모터 위치센서의 품질 결함으로 인해 신호 장애가 발생할 가능성이 확인되었습니다.,SUV
BMW,BMW X7 xDrive40i,2022-07-15,2024-09-04,2024-12-06,6377,통합제동장치에 장착된 서보모터 위치센서의 품질 결함으로 인해 신호 장애가 발생할 가능성이 확인되었습니다.,SUV
BMW,BMW X7 xDrive40i,2022-10-04,2024-06-14,2024-12-06,7,통합제동장치에 장착된 서보모터 위치센서의 품질 결함으로 인해 신호 장애가 발생할 가능성이 확인되었습니다.,SUV
기아,쏘렌토 하이브리드(MQ4 HEV),2023-07-19,2024-11-12,2024-12-18,74060,전조등 소프트웨어 설계 오류로 인해 방향지시등 일정 시간 작동 시 주간주행등 일부가 점등되지 않아 안전 기준을 만족하지 못하는 결함,SUV
기아,쏘렌토 (MQ4),2023-07-19,2024-11-11,2024-12-18,4250,전조등 소프트웨어 설계 오류로 인해 방향지시등 일정 시간 작동 시 주간주행등 일부가 점등되지 않아 안전 기준을 만족하지 못하는 결함,SUV
기아,쏘렌토 (MQ4),2023-07-19,2024-11-11,2024-12-18,21713,전조등 소프트웨어 설계 오류로 인해 방향지시등 일정 시간 작동 시 주간주행등 일부가 점등되지 않아 안전 기준을 만족하지 못하는 결함,SUV
BMW,BMW X5 M Competition,2023-03-22,2023-06-17,2025-01-02,4,"""통합제동장치에 장착된 서보모터 위치센서의 품질 결함으로 인해 신호 장애가 발생할 가능성이 확인되었습니다.""",SUV
BMW,BMW X5 xDrive30d,2023-04-11,2023-11-30,2025-01-02,10,"""통합제동장치에 장착된 서보모터 위치센서의 품질 결함으로 인해 신호 장애가 발생할 가능성이 확인되었습니다.""",SUV
BMW,BMW X5 sDrive40i,2023-05-12,2023-05-12,2025-01-02,1,"""통합제동장치에 장착된 서보모터 위치센서의 품질 결함으로 인해 신호 장애가 발생할 가능성이 확인되었습니다.""",SUV
BMW,BMW X7 xDrive40i,2022-08-03,2024-04-12,2025-01-02,24,"""통합제동장치에 장착된 서보모터 위치센서의 품질 결함으로 인해 신호 장애가 발생할 가능성이 확인되었습니다.""",SUV
BMW,BMW X7 xDrive40d,2022-07-27,2023-07-17,2025-01-02,11,"""통합제동장치에 장착된 서보모터 위치센서의 품질 결함으로 인해 신호 장애가 발생할 가능성이 확인되었습니다.""",SUV
BMW,BMW X5 xDrive40i,2023-04-15,2024-04-18,2025-01-02,9,"""통합제동장치에 장착된 서보모터 위치센서의 품질 결함으로 인해 신호 장애가 발생할 가능성이 확인되었습니다.""",SUV
BMW,BMW X5 xDrive40d,2023-12-18,2023-12-18,2025-01-02,1,"""통합제동장치에 장착된 서보모터 위치센서의 품질 결함으로 인해 신호 장애가 발생할 가능성이 확인되었습니다.""",SUV
BMW,BMW X7 xDrive40d,2023-05-05,2023-05-05,2025-01-02,1,"""통합제동장치에 장착된 서보모터 위치센서의 품질 결함으로 인해 신호 장애가 발생할 가능성이 확인되었습니다.""",SUV
BMW,BMW X5 xDrive40d,2024-02-01,2024-02-01,2025-01-02,1,"""통합제동장치에 장착된 서보모터 위치센서의 품질 결함으로 인해 신호 장애가 발생할 가능성이 확인되었습니다.""",SUV
BMW,BMW X7 xDrive40i,2022-08-04,2023-04-19,2025-01-02,3,"""통합제동장치에 장착된 서보모터 위치센서의 품질 결함으로 인해 신호 장애가 발생할 가능성이 확인되었습니다.""",SUV
BMW,BMW X5 xDrive40i,2024-01-08,2024-01-08,2025-01-02,1,"""통합제동장치에 장착된 서보모터 위치센서의 품질 결함으로 인해 신호 장애가 발생할 가능성이 확인되었습니다.""",SUV
BMW,BMW X7 M60i xDrive,2022-08-31,2023-05-27,2025-01-02,9,"""통합제동장치에 장착된 서보모터 위치센서의 품질 결함으로 인해 신호 장애가 발생할 가능성이 확인되었습니다.""",SUV
BMW,BMW X5 M60i xDrive,2023-04-12,2023-06-07,2025-01-02,5,"""통합제동장치에 장착된 서보모터 위치센서의 품질 결함으로 인해 신호 장애가 발생할 가능성이 확인되었습니다.""",SUV
BMW,BMW X5 xDrive50e,2023-05-13,2023-05-16,2025-01-02,2,"""통합제동장치에 장착된 서보모터 위치센서의 품질 결함으로 인해 신호 장애가 발생할 가능성이 확인되었습니다.""",SUV
KG 모빌리티,티볼리(G15),2019-05-31,2025-01-07,2025-01-10,70018,티볼리/코란도(G15) 일부 차량이 냉각팬 레지스터(저항 코일에 지속/반복적인 열적 부하 발생으로 인해 코일이 과열된 상태에서 원인불상으로 인한 주정차 시 화재 발생 가능성,SUV
기아,쏘렌토 하이브리드(MQ4 HEV PE),2023-07-24,2024-06-20,2025-01-24,62479,바디도메인 제어장치 소프트웨어 오류로 인해 주행 초기 소프트웨어가 리셋되어 재동작하는 경우 전조등이 일시적으로 꺼졌다 켜질 가능성,SUV
기아,쏘렌토 (MQ4 PE),2023-07-24,2024-06-18,2025-01-24,21062,바디도메인 제어장치 소프트웨어 오류로 인해 주행 초기 소프트웨어가 리셋되어 재동작하는 경우 전조등이 일시적으로 꺼졌다 켜질 가능성,SUV
기아,쏘렌토 (MQ4 PE),2023-07-26,2024-07-08,2025-01-24,6057,바디도메인 제어장치 소프트웨어 오류로 인해 주행 초기 소프트웨어가 리셋되어 재동작하는 경우 전조등이 일시적으로 꺼졌다 켜질 가능성,SUV
르노코리아,XM3 하이브리드,2022-09-30,2024-03-26,2025-02-20,4765,HEVC 및 DC/DC 컨버터의 소프트웨어 로직 미흡으로 인하여 구동 전기모터의 전원이 차단되거나 저전압 배터리가 충전불가한 상황이 발생할 가능성이 있음,SUV
르노코리아,ARKANA 하이브리드,2024-04-01,2024-12-10,2025-02-20,3291,HEVC 및 DC/DC 컨버터의 소프트웨어 로직 미흡으로 인하여 구동 전기모터의 전원이 차단되거나 저전압 배터리가 충전불가한 상황이 발생할 가능성이 있음,SUV
BMW,BMW X5 xDrive40i,2023-07-26,2023-07-26,2025-02-20,1,통합제동장치에 장착된 서보모터 위치센서의 품질 결함으로 인해 신호 장애가 발생할 가능성이 확인되었습니다.,SUV
BMW,BMW X5 xDrive 50e,2024-01-23,2024-01-23,2025-02-20,1,통합제동장치에 장착된 서보모터 위치센서의 품질 결함으로 인해 신호 장애가 발생할 가능성이 확인되었습니다.,SUV
BMW,BMW X5 xDrive28i,2015-12-12,2018-02-10,2025-02-20,4,전동식 냉각수 펌프에 연결되는 배선 커넥터 제작결함,SUV
BMW,BMW X5 xDrive40e iPerformance,2015-07-28,2018-06-30,2025-02-20,219,전동식 냉각수 펌프에 연결되는 배선 커넥터 제작결함,SUV
BMW,BMW X5 xDrive40e iPerformance,2015-09-02,2018-01-08,2025-02-20,11,전동식 냉각수 펌프에 연결되는 배선 커넥터 제작결함,SUV
기아,니로 (SG2 HEV),2021-12-20,2025-01-09,2025-02-26,31968,전기배선 경로 설계 불량으로 인해 전기배선이 승객감지장치에 간섭되어 전기배선이 손상되는 경우 충돌 시 동승석 에어백(정면/측면)이 전개되지 않거나 비정상 전개될 수 있고 에어백 미전개 조건에서 동승석 측면 에어백이 자발 전개되어 탑승자 상해 발생 가능성,SUV
기아,니로 EV (SG2 EV),2022-06-02,2024-07-26,2025-02-26,3603,전기배선 경로 설계 불량으로 인해 전기배선이 승객감지장치에 간섭되어 전기배선이 손상되는 경우 충돌 시 동승석 에어백(정면/측면)이 전개되지 않거나 비정상 전개될 수 있고 에어백 미전개 조건에서 동승석 측면 에어백이 자발 전개되어 탑승자 상해 발생 가능성,SUV
토요타,토요타 시에나 하이브리드 2WD,2020-12-09,2025-01-16,2025-03-17,1846,"3열 좌석 등받이 관련 제조설비의 관리가 부적절하여 등받이 고정볼트의 체결력이 부족할 가능성으로 미국 연방 자동차안전기준「FMVSS202(헤드 레스트 요건), FMVSS207 (좌석장치 요건), FMVSS225(어린이용 구속장치의 요건)」의 관련 규정을 만족하지 않을 수 있음. (참고) 1) FMVSS202(헤드 레스트 요건): 차량의 헤드 레스트 설계 및 성능을 규제하여 탑승자의 목 부상을 줄이기 위한 안전 기준. 2) FMVSS207(좌석장치 요건): 차량 좌석 시스템이 충격을 견디고 안정적으로 고정될 수 있도록 요구하는 안전 기준. 3) FMVSS225(어린이용 구속장치의 요건): 어린이용 카시트 고정 장치의 위치, 강도 및 설치 방법을 규정하여 충돌 시 어린이 승객의 보호를 강화하는 안전 기준.",MPV/미니밴
토요타,토요타 시에나 하이브리드 AWD,2020-12-11,2025-01-13,2025-03-17,876,"3열 좌석 등받이 관련 제조설비의 관리가 부적절하여 등받이 고정볼트의 체결력이 부족할 가능성으로 미국 연방 자동차안전기준「FMVSS202(헤드 레스트 요건), FMVSS207 (좌석장치 요건), FMVSS225(어린이용 구속장치의 요건)」의 관련 규정을 만족하지 않을 수 있음. (참고) 1) FMVSS202(헤드 레스트 요건): 차량의 헤드 레스트 설계 및 성능을 규제하여 탑승자의 목 부상을 줄이기 위한 안전 기준. 2) FMVSS207(좌석장치 요건): 차량 좌석 시스템이 충격을 견디고 안정적으로 고정될 수 있도록 요구하는 안전 기준. 3) FMVSS225(어린이용 구속장치의 요건): 어린이용 카시트 고정 장치의 위치, 강도 및 설치 방법을 규정하여 충돌 시 어린이 승객의 보호를 강화하는 안전 기준.",MPV/미니밴
현대자동차,GV80(JX),2023-01-02,2023-10-19,2025-03-20,3753,"G80(RG3), GV80(JX), GV70(JK), GV70 EV(JK EV) 일부 차량에서 계기판(8인치 계기판 적용 차량) 제어기 소프트웨어 설계 오류로 인해 초기 시동 시 간헐적으로 계기판 이미지가 표출되지 않아 ‘자동차 및 자동차 부품의 성능과 기준에 관한 규칙 제13조, 별표 2의 각주 9’ 안전기준에 적합하지 않는 사항이 확인되어 제작결함시정을 하고자 함",SUV
현대자동차,GV70(JK),2024-03-18,2024-06-24,2025-03-20,983,"G80(RG3), GV80(JX), GV70(JK), GV70 EV(JK EV) 일부 차량에서 계기판(8인치 계기판 적용 차량) 제어기 소프트웨어 설계 오류로 인해 초기 시동 시 간헐적으로 계기판 이미지가 표출되지 않아 ‘자동차 및 자동차 부품의 성능과 기준에 관한 규칙 제13조, 별표 2의 각주 9’ 안전기준에 적합하지 않는 사항이 확인되어 제작결함시정을 하고자 함",SUV
현대자동차,GV70 EV(JK EV),2023-02-04,2024-12-12,2025-03-20,523,"G80(RG3), GV80(JX), GV70(JK), GV70 EV(JK EV) 일부 차량에서 계기판(8인치 계기판 적용 차량) 제어기 소프트웨어 설계 오류로 인해 초기 시동 시 간헐적으로 계기판 이미지가 표출되지 않아 ‘자동차 및 자동차 부품의 성능과 기준에 관한 규칙 제13조, 별표 2의 각주 9’ 안전기준에 적합하지 않는 사항이 확인되어 제작결함시정을 하고자 함",SUV
메르세데스 벤츠,GLC 300 4MATIC Coupe,2023-03-28,2024-06-27,2025-03-21,3442,문서화 작업 오류로 인하여 자기 인증 시 제원 통보된 차량 길이 수치가 잘못 제출되어 실제 차량 제원과 차이가 있습니다.,SUV
볼보,XC90,2019-04-29,2021-11-29,2025-04-11,468,"2020~2022년식 S90 및 XC60, XC90 플러그-인 하이브리드 일부 차량의 구동축전지 모듈 내부의 단락으로 인해 화재가 발생할 위험이 있음",SUV
토요타,토요타 시에나 하이브리드 2WD,2024-12-05,2025-01-16,2025-04-15,8,"3열 좌석 등받이 관련 제조설비의 관리가 부적절하여 등받이 고정볼트의 체결력이 부족할 가능성으로 미국 연방 자동차안전기준「FMVSS202(헤드 레스트 요건), FMVSS207 (좌석장치 요건), FMVSS225(어린이용 구속장치의 요건)」의 관련 규정을 만족하지 않을 수 있음. (참고) 1) FMVSS202(헤드 레스트 요건): 차량의 헤드 레스트 설계 및 성능을 규제하여 탑승자의 목 부상을 줄이기 위한 안전 기준. 2) FMVSS207(좌석장치 요건): 차량 좌석 시스템이 충격을 견디고 안정적으로 고정될 수 있도록 요구하는 안전 기준. 3) FMVSS225(어린이용 구속장치의 요건): 어린이용 카시트 고정 장치의 위치, 강도 및 설치 방법을 규정하여 충돌 시 어린이 승객의 보호를 강화하는 안전 기준.",MPV/미니밴
토요타,토요타 시에나 하이브리드 AWD,2024-12-06,2025-01-13,2025-04-15,13,"3열 좌석 등받이 관련 제조설비의 관리가 부적절하여 등받이 고정볼트의 체결력이 부족할 가능성으로 미국 연방 자동차안전기준「FMVSS202(헤드 레스트 요건), FMVSS207 (좌석장치 요건), FMVSS225(어린이용 구속장치의 요건)」의 관련 규정을 만족하지 않을 수 있음. (참고) 1) FMVSS202(헤드 레스트 요건): 차량의 헤드 레스트 설계 및 성능을 규제하여 탑승자의 목 부상을 줄이기 위한 안전 기준. 2) FMVSS207(좌석장치 요건): 차량 좌석 시스템이 충격을 견디고 안정적으로 고정될 수 있도록 요구하는 안전 기준. 3) FMVSS225(어린이용 구속장치의 요건): 어린이용 카시트 고정 장치의 위치, 강도 및 설치 방법을 규정하여 충돌 시 어린이 승객의 보호를 강화하는 안전 기준.",MPV/미니밴
현대자동차,GV70 (JK1 PE),2024-12-16,2025-03-27,2025-04-24,8885,"GV70(JK1 PE), GV70 Electrified(JK1 EV PE), 아이오닉9(ME1) 일부 차량에서 에어백 제어장치(ACU) 소프트웨어 설계 오류로 차량 시동시 에어백 제어장치(ACU) 프로그램 구동 오류가 발생하여 에어백 경고등 점등과 에어백이 미전개되며 안전운행에 지장을 줄 가능성이 있는 결함",SUV
현대자동차,GV70 Electrified (JK1 EV PE),2024-12-31,2025-04-01,2025-04-24,393,"GV70(JK1 PE), GV70 Electrified(JK1 EV PE), 아이오닉9(ME1) 일부 차량에서 에어백 제어장치(ACU) 소프트웨어 설계 오류로 차량 시동시 에어백 제어장치(ACU) 프로그램 구동 오류가 발생하여 에어백 경고등 점등과 에어백이 미전개되며 안전운행에 지장을 줄 가능성이 있는 결함",SUV
혼다코리아,CR-V,2015-01-08,2016-06-02,2025-05-02,6,"1. 2024년 12월 ACCORD 등 7차종 모델 12,713대 대상으로 시행했던 리콜의 대상 확대 건이다. (수년간의 시장조사 및 분석 결과 시정조치 대상 이외의 차량에서도 증상이 발생할 수 있다고 판단하여 해당 연료펌프가 장착된 모든 차량을 시정조치 대상으로 지정함) 2. 연료펌프 내부에 부적절하게 제작된 저밀도의 임펠러가 조립되어 임펠러 표면에 크랙이 발생할 수 있고, 차량 사용 중 크랙 부분에 연료가 침투하여 고온 환경에서 팽창에 의해 임펠러가 변형되어 펌프 내부 커버와의 접촉으로 인해 연료펌프 모터가 손상될 수 있다.",SUV
혼다코리아,CR-V,2017-04-03,2017-09-13,2025-05-02,4,"1. 2024년 12월 ACCORD 등 7차종 모델 12,713대 대상으로 시행했던 리콜의 대상 확대 건이다. (수년간의 시장조사 및 분석 결과 시정조치 대상 이외의 차량에서도 증상이 발생할 수 있다고 판단하여 해당 연료펌프가 장착된 모든 차량을 시정조치 대상으로 지정함) 2. 연료펌프 내부에 부적절하게 제작된 저밀도의 임펠러가 조립되어 임펠러 표면에 크랙이 발생할 수 있고, 차량 사용 중 크랙 부분에 연료가 침투하여 고온 환경에서 팽창에 의해 임펠러가 변형되어 펌프 내부 커버와의 접촉으로 인해 연료펌프 모터가 손상될 수 있다.",SUV
혼다코리아,ODYSSEY,2014-06-11,2016-05-05,2025-05-02,5,"1. 2024년 12월 ACCORD 등 7차종 모델 12,713대 대상으로 시행했던 리콜의 대상 확대 건이다. (수년간의 시장조사 및 분석 결과 시정조치 대상 이외의 차량에서도 증상이 발생할 수 있다고 판단하여 해당 연료펌프가 장착된 모든 차량을 시정조치 대상으로 지정함) 2. 연료펌프 내부에 부적절하게 제작된 저밀도의 임펠러가 조립되어 임펠러 표면에 크랙이 발생할 수 있고, 차량 사용 중 크랙 부분에 연료가 침투하여 고온 환경에서 팽창에 의해 임펠러가 변형되어 펌프 내부 커버와의 접촉으로 인해 연료펌프 모터가 손상될 수 있다.",MPV/미니밴
볼보,XC90,2015-12-04,2024-11-12,2025-05-02,14320,사고기록장치 소프트웨어의 설정 오류로 인해 기록항목 중 일부 운행정보 기록시간이 국내기준(자동차 및 자동차부품의 성능과 기준에 관한 규칙 제56조의2)에 부합하지 않음이 확인됨.,SUV
기아,스포티지 (NQ5),2024-10-16,2024-12-30,2025-05-28,3313,고압 파이프 제조 불량으로 인해 연결부 기밀성이 저하되어 연료가 누유되는 경우 차량 화재 발생 가능성,SUV
메르세데스 벤츠,GLC 300 4MATIC,2023-06-13,2023-10-06,2025-06-05,4,서비스센터에서의 리콜 작업 시 사양에 맞지 않은 퓨즈 박스로 교체되었을 수 있습니다.,SUV
볼보,XC90T8 AWD,2023-04-21,2025-03-07,2025-06-18,29,025년 5월 12일 배포된 소프트웨어 3.5.14가 설치된 차량에서 브레이크 컨트롤 모듈 소프트웨어의 오류로 인해 제동기능이 일시적으로 작동하지 않을 수 있는 현상이 확인됨,SUV
메르세데스 벤츠,Mercedes-AMG GLE 53 4MATIC,2024-08-31,2024-09-04,2025-07-04,9,공급업체의 생산 편차로 인해 전면 유리에 위치한 다목적 카메라 및/또는 내부 미러의 접착이 사양을 충족하지 못할 수 있습니다.,SUV
메르세데스 벤츠,GLE 450 4MATIC,2024-09-02,2024-09-02,2025-07-04,1,공급업체의 생산 편차로 인해 전면 유리에 위치한 다목적 카메라 및/또는 내부 미러의 접착이 사양을 충족하지 못할 수 있습니다.,SUV
현대자동차,싼타페 하이브리드(MX5 HEV),2024-04-04,2024-04-04,2025-07-09,2,싼타페 하이브리드(MX5 HEV) 일부 차량에서 차체 하단 와이어링(배선) 경로 설계 불량으로 인해 2열 시트를 접을 시 와이어링(배선)과 시트 회전 장치가 간섭되어 2열 사이드 에어백 오전개 및 미전개 가능성이 있는 결함 사항이 확인,SUV
BMW,X5 M Competition,2023-04-06,2023-04-06,2025-07-17,1,통합제동장치에 장착된 서보모터 위치센서의 품질 결함으로 인해 신호 장애가 발생할 가능성이 확인되었습니다.,SUV
BMW,X5 xDrive30d,2023-07-27,2024-02-27,2025-07-17,9,통합제동장치에 장착된 서보모터 위치센서의 품질 결함으로 인해 신호 장애가 발생할 가능성이 확인되었습니다.,SUV
BMW,X5 xDrive40i,2023-05-10,2024-02-15,2025-07-17,14,통합제동장치에 장착된 서보모터 위치센서의 품질 결함으로 인해 신호 장애가 발생할 가능성이 확인되었습니다.,SUV
BMW,X5 xDrive50e,2024-01-17,2024-01-17,2025-07-17,1,통합제동장치에 장착된 서보모터 위치센서의 품질 결함으로 인해 신호 장애가 발생할 가능성이 확인되었습니다.,SUV
BMW,X7 M60i xDrive,2022-09-13,2023-11-17,2025-07-17,7,통합제동장치에 장착된 서보모터 위치센서의 품질 결함으로 인해 신호 장애가 발생할 가능성이 확인되었습니다.,SUV
BMW,X7 xDrive40d,2022-08-15,2024-03-09,2025-07-17,22,통합제동장치에 장착된 서보모터 위치센서의 품질 결함으로 인해 신호 장애가 발생할 가능성이 확인되었습니다.,SUV
BMW,X7 xDrive40i,2022-08-17,2024-03-25,2025-07-17,32,통합제동장치에 장착된 서보모터 위치센서의 품질 결함으로 인해 신호 장애가 발생할 가능성이 확인되었습니다.,SUV
현대자동차,스타리아 카고 (US4),2022-12-09,2025-04-21,2025-07-31,2696,"스타리아 카고(US4), 쏠라티(EU) 일부 차량에서 휠 고정용 너트 체결 작업 불량으로 주행 중 너트 풀림에 의한 휠 이탈 발생 가능성이 있는 결함 사항 확인",MPV/미니밴
르노코리아,XM3,2023-01-31,2023-05-10,2025-08-11,221,"일부 차량에 장착된 진공펌프 내 체크밸브를 고정하는 스크류가 체결되는 하우징의 나사산 가공 불량으로, 스크류가 이탈되어 진공압이 부족할 가능성이 있음",SUV
포드,2021년식 Explorer 3.0,2021-06-22,2021-10-31,2025-08-25,736,"일부 2022년식 Nautilus, 2021-2022년식 Aviator 3.0/PHEV, 및 2021년식 Explorer 3.0/PHEV 차량에서 엔진 흡기 밸브*가 손상될 가능성이 확인되었습니다. 흡기 밸브가 손상될 경우 계기판에 엔진 경고등이 켜지고 엔진에 부조가 발생되거나, 심한 경우 엔진 작동이 멈출 수 있습니다. 주행 중 엔진 작동이 멈추는 경우 사고가 발생할 수 있습니다. 그리하여 제작결함을 시정하고자 합니다. *흡기 밸브: 실린더 상단에 위치하는 밸브로서 흡입 행정 시 공기 흡입을 위해 개방되고 나머지 압축, 폭발, 배기 행정 구간에서는 닫혀있는 밸브.",SUV
포드,2021년식 Explorer PHEV,2021-06-11,2021-09-23,2025-08-25,138,"일부 2022년식 Nautilus, 2021-2022년식 Aviator 3.0/PHEV, 및 2021년식 Explorer 3.0/PHEV 차량에서 엔진 흡기 밸브*가 손상될 가능성이 확인되었습니다. 흡기 밸브가 손상될 경우 계기판에 엔진 경고등이 켜지고 엔진에 부조가 발생되거나, 심한 경우 엔진 작동이 멈출 수 있습니다. 주행 중 엔진 작동이 멈추는 경우 사고가 발생할 수 있습니다. 그리하여 제작결함을 시정하고자 합니다. *흡기 밸브: 실린더 상단에 위치하는 밸브로서 흡입 행정 시 공기 흡입을 위해 개방되고 나머지 압축, 폭발, 배기 행정 구간에서는 닫혀있는 밸브.",SUV
메르세데스 벤츠,EQC 400 4MATIC,2019-03-19,2019-10-23,2025-08-29,174,개발 과정 오류로 인하여 고전압 배터리 하우징이 사양에 맞지 않게 제작되었을 수 있습니다.,SUV
현대자동차,팰리세이드(LX3),2025-01-02,2025-07-01,2025-09-05,30,"팰리세이드(LX3), 팰리세이드HEV (LX3 HEV) 일부 차량에서 휠 고정용 너트 체결 작업 불량으로 주행 중 너트 풀림에 의한 휠 이탈 발생 가능성이 있는 결함 사항 확인",SUV
현대자동차,팰리세이드 하이브리드(LX3 HEV),2025-04-11,2025-06-30,2025-09-05,9,"팰리세이드(LX3), 팰리세이드HEV (LX3 HEV) 일부 차량에서 휠 고정용 너트 체결 작업 불량으로 주행 중 너트 풀림에 의한 휠 이탈 발생 가능성이 있는 결함 사항 확인",SUV
포드,2020년식 Explorer,2019-05-09,2020-07-11,2025-09-05,5467,"일부 2020년식 Explorer, Aviator 차량에서 일부 좌석의 안전벨트 버클 고정 볼트가 제대로 조립되지 않았을 수 있는 가능성이 확인되었습니다. 이런 경우 충돌 사고 발생 시 안전벨트 시스템이 승객을 올바로 고정하지 못해 부상 위험이 커질 수 있어 제작결함을 시정하고자 합니다.",SUV
포드,2020년식 Explorer PHEV,2019-12-02,2020-06-10,2025-09-05,88,"일부 2020년식 Explorer, Aviator 차량에서 일부 좌석의 안전벨트 버클 고정 볼트가 제대로 조립되지 않았을 수 있는 가능성이 확인되었습니다. 이런 경우 충돌 사고 발생 시 안전벨트 시스템이 승객을 올바로 고정하지 못해 부상 위험이 커질 수 있어 제작결함을 시정하고자 합니다.",SUV
메르세데스 벤츠,AMG GLC 43 4MATIC Coupe,2024-03-06,2025-07-04,2025-09-12,11,생산 과정 편차로 인해 스티어링 커플링의 볼트가 의도한대로 체결되지 않았을 수 있습니다.,SUV
메르세데스 벤츠,AMG GLC 43 4MATIC,2024-01-10,2025-04-08,2025-09-12,14,생산 과정 편차로 인해 스티어링 커플링의 볼트가 의도한대로 체결되지 않았을 수 있습니다.,SUV
메르세데스 벤츠,GLC 220 d 4MATIC,2023-04-03,2025-07-11,2025-09-12,110,생산 과정 편차로 인해 스티어링 커플링의 볼트가 의도한대로 체결되지 않았을 수 있습니다.,SUV
메르세데스 벤츠,GLC 300 4MATIC Coupe,2023-09-20,2025-07-16,2025-09-12,196,생산 과정 편차로 인해 스티어링 커플링의 볼트가 의도한대로 체결되지 않았을 수 있습니다.,SUV
메르세데스 벤츠,GLC 300 4MATIC,2023-05-12,2025-06-30,2025-09-12,309,생산 과정 편차로 인해 스티어링 커플링의 볼트가 의도한대로 체결되지 않았을 수 있습니다.,SUV
현대자동차,팰리세이드(LX3),2024-12-24,2025-07-19,2025-09-16,14943,"일부 차량에서 전방 후드 래치 설계 미흡으로 인해 과속방지턱을 주행할 경우 전방 후드 열림 현상이 발생할 수 있으며, 전방 시야 확보가 불가하여 주행 안정성 저하 가능성이 있는 결함",SUV
현대자동차,팰리세이드 하이브리드(LX3 HEV),2025-03-21,2025-07-18,2025-09-16,12713,"일부 차량에서 전방 후드 래치 설계 미흡으로 인해 과속방지턱을 주행할 경우 전방 후드 열림 현상이 발생할 수 있으며, 전방 시야 확보가 불가하여 주행 안정성 저하 가능성이 있는 결함",SUV
르노코리아,XM3 하이브리드,2022-09-30,2024-03-26,2025-09-25,4765,"모터만 작동하는 EV 모드에서 엔진이 구동하는 모드로 변환 시, 특정 조건에서 연료 펌프에 공급되는 전원이 차단/공급되는 로직으로 인해 연료 펌프 컨트롤 유닛의 커패시터의 열화가 발생할 가능성이 있음",SUV
르노코리아,ARKANA 하이브리드,2024-04-01,2025-06-24,2025-09-25,3797,"모터만 작동하는 EV 모드에서 엔진이 구동하는 모드로 변환 시, 특정 조건에서 연료 펌프에 공급되는 전원이 차단/공급되는 로직으로 인해 연료 펌프 컨트롤 유닛의 커패시터의 열화가 발생할 가능성이 있음",SUV
포드,2021년식 Explorer PHEV,2021-08-21,2021-08-21,2025-09-30,1,"일부 2019년식 MKZ, 2020-2022년식Corsair, 2019-2020년식 Continental / Nautilus, 2019-2022년식 Mustang, 2021년식 Expedition / Navigator, 2020-2023년식 Aviator / Explorer 차량은 인포테인먼트 시스템 소프트웨어의 불안정성으로 인해 특정 인포테이먼트 설정이 리셋되거나 후진 시 간헐적으로 화면이 블랙스크린으로 나타나거나 후진 주행이 끝난 후에도 후방 카메라 영상이 계속 표시되는 현상이 발생할 수 있습니다. 이런 현상이 발생되는 경우 운전자의 후방 시야를 감소시키거나 주행간 집중력을 저하시켜 안전 운전에 영향을 줄 가능성이 있습니다. 그리하여 그리하여 제작결함을 시정하고자 합니다. *첨부파일 10개 제한으로 '2021년식 Navigator' 차량의 PNG 파일은 첨부를 못하였습니다.",SUV
포드,2022년식 Explorer FHEV,2022-06-28,2022-06-28,2025-09-30,1,"일부 2019년식 MKZ, 2020-2022년식Corsair, 2019-2020년식 Continental / Nautilus, 2019-2022년식 Mustang, 2021년식 Expedition / Navigator, 2020-2023년식 Aviator / Explorer 차량은 인포테인먼트 시스템 소프트웨어의 불안정성으로 인해 특정 인포테이먼트 설정이 리셋되거나 후진 시 간헐적으로 화면이 블랙스크린으로 나타나거나 후진 주행이 끝난 후에도 후방 카메라 영상이 계속 표시되는 현상이 발생할 수 있습니다. 이런 현상이 발생되는 경우 운전자의 후방 시야를 감소시키거나 주행간 집중력을 저하시켜 안전 운전에 영향을 줄 가능성이 있습니다. 그리하여 그리하여 제작결함을 시정하고자 합니다. *첨부파일 10개 제한으로 '2021년식 Navigator' 차량의 PNG 파일은 첨부를 못하였습니다.",SUV
포드,2021-2023년식 Explorer 3.0,2021-06-23,2023-07-30,2025-09-30,18,"일부 2019년식 MKZ, 2020-2022년식Corsair, 2019-2020년식 Continental / Nautilus, 2019-2022년식 Mustang, 2021년식 Expedition / Navigator, 2020-2023년식 Aviator / Explorer 차량은 인포테인먼트 시스템 소프트웨어의 불안정성으로 인해 특정 인포테이먼트 설정이 리셋되거나 후진 시 간헐적으로 화면이 블랙스크린으로 나타나거나 후진 주행이 끝난 후에도 후방 카메라 영상이 계속 표시되는 현상이 발생할 수 있습니다. 이런 현상이 발생되는 경우 운전자의 후방 시야를 감소시키거나 주행간 집중력을 저하시켜 안전 운전에 영향을 줄 가능성이 있습니다. 그리하여 그리하여 제작결함을 시정하고자 합니다. *첨부파일 10개 제한으로 '2021년식 Navigator' 차량의 PNG 파일은 첨부를 못하였습니다.",SUV
포드,2020-2023년식 Explorer 2.3,2019-08-22,2023-08-30,2025-09-30,405,"일부 2019년식 MKZ, 2020-2022년식Corsair, 2019-2020년식 Continental / Nautilus, 2019-2022년식 Mustang, 2021년식 Expedition / Navigator, 2020-2023년식 Aviator / Explorer 차량은 인포테인먼트 시스템 소프트웨어의 불안정성으로 인해 특정 인포테이먼트 설정이 리셋되거나 후진 시 간헐적으로 화면이 블랙스크린으로 나타나거나 후진 주행이 끝난 후에도 후방 카메라 영상이 계속 표시되는 현상이 발생할 수 있습니다. 이런 현상이 발생되는 경우 운전자의 후방 시야를 감소시키거나 주행간 집중력을 저하시켜 안전 운전에 영향을 줄 가능성이 있습니다. 그리하여 그리하여 제작결함을 시정하고자 합니다. *첨부파일 10개 제한으로 '2021년식 Navigator' 차량의 PNG 파일은 첨부를 못하였습니다.",SUV
현대자동차,코나(OS),2018-03-29,2020-08-27,2025-10-29,2507,"현대자동차㈜에서는 코나(OS), 투싼(TL) 디젤 1.6 엔진 장착 일부 차량에서 연료필터 설계오류(유리섬유 성분 사용)로 인해 여과지의 유리섬유 성분이 탈락되어 고압펌프로 유입되면 고압펌프의 내부 부품이 손상되어 연료분사가 정상적으로 작동되지 않아 시동이 꺼질 가능성이 있는 결함이 발견되어 (결함인지일 : ’22. 5. 10) ’22. 7. 11 부터 시정조치를 진행하였음 시정조치 이후 코나(OS), 투싼(TL) 디젤 1.6 엔진 장착 일부 차량에서 기 조치차량 및 조치 대상 외 차량에서 고압펌프 및 연료계 부품 내부 잔존 연료필터 유리섬유 등 이물로 인해 고압펌프 내부가 손상되어 연료분사가 정상적으로 작동되지 않아 주행중 시동이 꺼질 가능성이 있는 결함이 발견되어 제작결함시정을 하고자 함",SUV
현대자동차,투싼(TL),2018-01-15,2020-09-28,2025-10-29,13697,"현대자동차㈜에서는 코나(OS), 투싼(TL) 디젤 1.6 엔진 장착 일부 차량에서 연료필터 설계오류(유리섬유 성분 사용)로 인해 여과지의 유리섬유 성분이 탈락되어 고압펌프로 유입되면 고압펌프의 내부 부품이 손상되어 연료분사가 정상적으로 작동되지 않아 시동이 꺼질 가능성이 있는 결함이 발견되어 (결함인지일 : ’22. 5. 10) ’22. 7. 11 부터 시정조치를 진행하였음 시정조치 이후 코나(OS), 투싼(TL) 디젤 1.6 엔진 장착 일부 차량에서 기 조치차량 및 조치 대상 외 차량에서 고압펌프 및 연료계 부품 내부 잔존 연료필터 유리섬유 등 이물로 인해 고압펌프 내부가 손상되어 연료분사가 정상적으로 작동되지 않아 주행중 시동이 꺼질 가능성이 있는 결함이 발견되어 제작결함시정을 하고자 함",SUV
기아,스포티지 (QL),2018-06-29,2021-07-09,2025-10-29,11562,"기아㈜에서는 셀토스(SP2), 스포티지(QL) 디젤 1.6 엔진 장착 일부 차량에서 연료필터 설계오류(유리섬유 성분 사용)로 인해 여과지의 유리섬유 성분이 탈락되어 고압펌프로 유입되면 고압펌프의 내부 부품이 손상되어 연료분사가 정상적으로 작동되지 않아 시동이 꺼질 가능성이 있는 결함이 발견되어 (결함인지일 : ’22. 5. 10) ’22. 7. 11 부터 시정조치를 진행하였음 시정조치 이후 셀토스(SP2), 스포티지(QL) 디젤 1.6 엔진 장착 일부 차량에서 기 조치차량 및 조치 대상 외 차량에서 고압펌프 및 연료계 부품 내부 잔존 연료필터 유리섬유 등 이물로 인해 고압펌프 내부가 손상되어 연료분사가 정상적으로 작동되지 않아 주행중 시동이 꺼질 가능성이 있는 결함이 발견되어 제작결함시정을 하고자 함 (결함인지일 : ’25. 9. 30)",SUV
포드,2025년식 Explorer,2025-01-17,2025-07-15,2025-11-20,5,"2025년식 Explorer, Aviator 일부 차량에서 트레일러 견인장치의 고정 볼트가 제대로 조여지지 않았을 수 있습니다. 볼트가 느슨한 상태로 트레일러를 견인하면 조향이 어려워지거나 견인장치가 분리되는 등 심각한 사고로 이어질 수 있습니다. 그리하여 제작결함을 시정하고자 합니다.",SUV
포드,2021-2025년식 Explorer,2020-09-01,2024-11-01,2025-11-28,2316,"일부 2021-2025년식 Explorer, 2020-2025년식 Aviator 차량 중 2열 바깥쪽 좌석에 자동 폴딩 기능이 있는 좌석이 설치된 경우, 자동 폴딩 버튼 주변 커버가 잘못 설치되어 간헐적으로 버튼이 걸리거나 고정될 수 있습니다. 버튼이 눌린 상태로 고정되는 경우 주행 중 좌석이 예기치 않게 접히거나 이동할 수 있습니다. 주행 중 이런 현상이 발생되는 경우 승객이 부상 당할 수 있으며, 충돌 발생 시 부상 위험이 높아질 수 있습니다. 그리하여 제작결함을 시정하고자 합니다. *사전 보고 대비 Aviator 대상 차량 1대(미판매)가 추가되었습니다. 그리고 실시 보고 준비 과정에서 기판매된 차량 3대가 확인되어 미판매 분류에서 제외되었습니다. 이에 따라 총 대상 대수는 8,619대에서 8,620대로, 미판매 차량은 120대에서 118대로 최종 변경되었습니다.",SUV
포드,2025년식 Explorer,2025-07-09,2025-08-01,2025-12-04,272,"일부 2025년식 Explorer 차량은 『미국 자동차 안전 기준(FMVSS) No. 205 - 접합 유리 재료(Glazing Materials)』의 요건을 충족하지 못할 가능성이 확인되었습니다. 해당 차량은 특정 온도 이상에서 햇빛에 노출될 경우, 전면 창유리 접합층 에 육안으로 확인 가능한 눈꽃 모양의 기포가 형성될 수 있습니다. 이러한 기포는 운전자의 시야를 가려 안전 운행을 방해하고 충돌 위험을 증가시킬 수 있습니다. 그리하여 제작결함을 시정하고자 합니다. 이 현상이 발생할 것으로 예상되는 차량은 전체 대상의 1% 미만입니다.",SUV
현대자동차,스타리아 하이브리드 (US4 HEV),2024-02-29,2025-08-18,2025-12-12,12851,현대자동차㈜에서는 스타리아 하이브리드(US4 HEV) 일부 차량에서 하이브리드 통합 제어기(HPCU) 소프트웨어 설계 오류로 동절기 원격시동 및 히터 작동 등 전장 고부하 시 하이브리드 통합 제어기(HPCU) 소손 발생 가능성이 있는 결함이 발견되어 제작결함시정을 하고자 함,MPV/미니밴
기아,카니발 하이브리드(KA4 HEV),2023-12-14,2025-04-10,2025-12-12,51286,"기아㈜에서는 카니발 하이브리드(KA4 HEV) 일부 차량에서 하이브리드 통합 제어기(HPCU) 소프트웨어 설계 오류로 동절기 원격시동 및 히터 작동 등 전장 고부하 시 하이브리드 통합 제어기(HPCU) 소손 발생 가능성이 있는 결함이 발견되어 제작결함시정을 하고자 함 ※ 하이브리드 통합 제어기(HPCU, Hybrid Power Control Unit) : 모터 구동을 위해 인버터, LDC 등을 포함하여 제어하는 장치",MPV/미니밴
토요타,토요타 RAV4 Hybrid 2WD,2022-06-15,2024-11-30,2025-12-18,2111,"콤비네이션 미터(계기판)의 소프트웨어 오류로, 계기판의 메모리 장치에 불필요한 데이터가 반복적으로 기록되어 메모리 장치의 성능이 조기에 저하될 가능성이 있음.",SUV
토요타,토요타 RAV4 Hybrid AWD,2022-10-03,2024-11-30,2025-12-18,3011,"콤비네이션 미터(계기판)의 소프트웨어 오류로, 계기판의 메모리 장치에 불필요한 데이터가 반복적으로 기록되어 메모리 장치의 성능이 조기에 저하될 가능성이 있음.",SUV
토요타,토요타 RAV4 PHEV,2023-01-10,2024-09-17,2025-12-18,848,"콤비네이션 미터(계기판)의 소프트웨어 오류로, 계기판의 메모리 장치에 불필요한 데이터가 반복적으로 기록되어 메모리 장치의 성능이 조기에 저하될 가능성이 있음.",SUV
토요타,토요타 Alphard Hybrid,2023-06-09,2025-05-19,2025-12-18,2423,"콤비네이션 미터(계기판)의 소프트웨어 오류로, 계기판의 메모리 장치에 불필요한 데이터가 반복적으로 기록되어 메모리 장치의 성능이 조기에 저하될 가능성이 있음.",MPV/미니밴
토요타,토요타 Alphard Hybrid,2023-06-09,2025-05-09,2025-12-18,2385,"주차 보조 ECU의 소프트웨어 오류로 인해 시동 직후에 후진 기어 조작을 하거나, 짧은 시간내에 시동을 반복할 경우 후방 영상이 일시적으로 정지하거나 표시되지 않을 가능성이 있음.",MPV/미니밴
토요타,토요타 SIENNA Hybrid 2WD,2024-12-04,2025-09-12,2025-12-18,419,"주차 보조 ECU의 소프트웨어 오류로 인해 시동 직후에 후진 기어 조작을 하거나, 짧은 시간내에 시동을 반복할 경우 후방 영상이 일시적으로 정지하거나 표시되지 않을 가능성이 있음.",MPV/미니밴
토요타,토요타 SIENNA Hybrid AWD,2024-12-04,2025-09-12,2025-12-18,410,"주차 보조 ECU의 소프트웨어 오류로 인해 시동 직후에 후진 기어 조작을 하거나, 짧은 시간내에 시동을 반복할 경우 후방 영상이 일시적으로 정지하거나 표시되지 않을 가능성이 있음.",MPV/미니밴
토요타,렉서스 RX500h,2023-03-03,2025-08-29,2025-12-18,363,"주차 보조 ECU의 소프트웨어 오류로 인해 시동 직후에 후진 기어 조작을 하거나, 짧은 시간내에 시동을 반복할 경우 후방 영상이 일시적으로 정지하거나 표시되지 않을 가능성이 있음.",SUV
토요타,렉서스 LX700h,2024-12-10,2025-07-28,2025-12-18,373,"주차 보조 ECU의 소프트웨어 오류로 인해 시동 직후에 후진 기어 조작을 하거나, 짧은 시간내에 시동을 반복할 경우 후방 영상이 일시적으로 정지하거나 표시되지 않을 가능성이 있음.",SUV
